filename,source_category,decision,fracture_location,view_type,hardware_present,image_quality,primary_reason,confidence,status
Non_fractured/IMG0000000.jpg,Non_fractured,EXCLUDE,N/A,Unclear,No,N/A,Source-labeled non-fractured; no fracture present (fails inclusion criterion 3).,High,done
Non_fractured/IMG0000001.jpg,Non_fractured,EXCLUDE,N/A,Unclear,No,N/A,Source-labeled non-fractured; no fracture present (fails inclusion criterion 3).,High,done
Non_fractured/IMG0000002.jpg,Non_fractured,EXCLUDE,N/A,Unclear,No,N/A,Source-labeled non-fractured; no fracture present (fails inclusion criterion 3).,High,done
Non_fractured/IMG0000003.jpg,Non_fractured,EXCLUDE,N/A,Unclear,No,N/A,Source-labeled non-fractured; no fracture present (fails inclusion criterion 3).,High,done
Non_fractured/IMG0000004.jpg,Non_fractured,EXCLUDE,N/A,Unclear,No,N/A,Source-labeled non-fractured; no fracture present (fails inclusion criterion 3).,High,done
Non_fractured/IMG0000005.jpg,Non_fractured,EXCLUDE,N/A,Unclear,No,N/A,Source-labeled non-fractured; no fracture present (fails inclusion criterion 3).,High,done
Non_fractured/IMG0000006.jpg,Non_fractured,EXCLUDE,N/A,Unclear,No,N/A,Source-labeled non-fractured; no fracture present (fails inclusion criterion 3).,High,done
Non_fractured/IMG0000007.jpg,Non_fractured,EXCLUDE,N/A,Unclear,No,N/A,Source-labeled non-fractured; no fracture present (fails inclusion criterion 3).,High,done
Non_fractured/IMG0000008.jpg,Non_fractured,EXCLUDE,N/A,Unclear,No,N/A,Source-labeled non-fractured; no fracture present (fails inclusion criterion 3).,High,done
Non_fractured/IMG0000009.jpg,Non_fractured,EXCLUDE,N/A,Unclear,No,N/A,Source-labeled non-fractured; no fracture present (fails inclusion criterion 3).,High,done
Non_fractured/IMG0000010.jpg,Non_fractured,EXCLUDE,N/A,Unclear,No,N/A,Source-labeled non-fractured; no fracture present (fails inclusion criterion 3).,High,done
Non_fractured/IMG0000011.jpg,Non_fractured,EXCLUDE,N/A,Unclear,No,N/A,Source-labeled non-fractured; no fracture present (fails inclusion criterion 3).,High,done
Non_fractured/IMG0000012.jpg,Non_fractured,EXCLUDE,N/A,Unclear,No,N/A,Source-labeled non-fractured; no fracture present (fails inclusion criterion 3).,High,done
Non_fractured/IMG0000013.jpg,Non_fractured,EXCLUDE,N/A,Unclear,No,N/A,Source-labeled non-fractured; no fracture present (fails inclusion criterion 3).,High,done
Non_fractured/IMG0000014.jpg,Non_fractured,EXCLUDE,N/A,Unclear,No,N/A,Source-labeled non-fractured; no fracture present (fails inclusion criterion 3).,High,done
Non_fractured/IMG0000015.jpg,Non_fractured,EXCLUDE,N/A,Unclear,No,N/A,Source-labeled non-fractured; no fracture present (fails inclusion criterion 3).,High,done
Non_fractured/IMG0000016.jpg,Non_fractured,EXCLUDE,N/A,Unclear,No,N/A,Source-labeled non-fractured; no fracture present (fails inclusion criterion 3).,High,done
Non_fractured/IMG0000017.jpg,Non_fractured,EXCLUDE,N/A,Unclear,No,N/A,Source-labeled non-fractured; no fracture present (fails inclusion criterion 3).,High,done
Non_fractured/IMG0000018.jpg,Non_fractured,EXCLUDE,N/A,Unclear,No,N/A,Source-labeled non-fractured; no fracture present (fails inclusion criterion 3).,High,done
Non_fractured/IMG0000020.jpg,Non_fractured,EXCLUDE,N/A,Unclear,No,N/A,Source-labeled non-fractured; no fracture present (fails inclusion criterion 3).,High,done
Non_fractured/IMG0000021.jpg,Non_fractured,EXCLUDE,N/A,Unclear,No,N/A,Source-labeled non-fractured; no fracture present (fails inclusion criterion 3).,High,done
Non_fractured/IMG0000022.jpg,Non_fractured,EXCLUDE,N/A,Unclear,No,N/A,Source-labeled non-fractured; no fracture present (fails inclusion criterion 3).,High,done
Non_fractured/IMG0000023.jpg,Non_fractured,EXCLUDE,N/A,Unclear,No,N/A,Source-labeled non-fractured; no fracture present (fails inclusion criterion 3).,High,done
Non_fractured/IMG0000024.jpg,Non_fractured,EXCLUDE,N/A,Unclear,No,N/A,Source-labeled non-fractured; no fracture present (fails inclusion criterion 3).,High,done
Non_fractured/IMG0000026.jpg,Non_fractured,EXCLUDE,N/A,Unclear,No,N/A,Source-labeled non-fractured; no fracture present (fails inclusion criterion 3).,High,done
Non_fractured/IMG0000027.jpg,Non_fractured,EXCLUDE,N/A,Unclear,No,N/A,Source-labeled non-fractured; no fracture present (fails inclusion criterion 3).,High,done
Non_fractured/IMG0000028.jpg,Non_fractured,EXCLUDE,N/A,Unclear,No,N/A,Source-labeled non-fractured; no fracture present (fails inclusion criterion 3).,High,done
Non_fractured/IMG0000029.jpg,Non_fractured,EXCLUDE,N/A,Unclear,No,N/A,Source-labeled non-fractured; no fracture present (fails inclusion criterion 3).,High,done
Non_fractured/IMG0000030.jpg,Non_fractured,EXCLUDE,N/A,Unclear,No,N/A,Source-labeled non-fractured; no fracture present (fails inclusion criterion 3).,High,done
Non_fractured/IMG0000031.jpg,Non_fractured,EXCLUDE,N/A,Unclear,No,N/A,Source-labeled non-fractured; no fracture present (fails inclusion criterion 3).,High,done
Non_fractured/IMG0000032.jpg,Non_fractured,EXCLUDE,N/A,Unclear,No,N/A,Source-labeled non-fractured; no fracture present (fails inclusion criterion 3).,High,done
Non_fractured/IMG0000033.jpg,Non_fractured,EXCLUDE,N/A,Unclear,No,N/A,Source-labeled non-fractured; no fracture present (fails inclusion criterion 3).,High,done
Non_fractured/IMG0000034.jpg,Non_fractured,EXCLUDE,N/A,Unclear,No,N/A,Source-labeled non-fractured; no fracture present (fails inclusion criterion 3).,High,done
Non_fractured/IMG0000035.jpg,Non_fractured,EXCLUDE,N/A,Unclear,No,N/A,Source-labeled non-fractured; no fracture present (fails inclusion criterion 3).,High,done
Non_fractured/IMG0000036.jpg,Non_fractured,EXCLUDE,N/A,Unclear,No,N/A,Source-labeled non-fractured; no fracture present (fails inclusion criterion 3).,High,done
Non_fractured/IMG0000037.jpg,Non_fractured,EXCLUDE,N/A,Unclear,No,N/A,Source-labeled non-fractured; no fracture present (fails inclusion criterion 3).,High,done
Non_fractured/IMG0000038.jpg,Non_fractured,EXCLUDE,N/A,Unclear,No,N/A,Source-labeled non-fractured; no fracture present (fails inclusion criterion 3).,High,done
Non_fractured/IMG0000039.jpg,Non_fractured,EXCLUDE,N/A,Unclear,No,N/A,Source-labeled non-fractured; no fracture present (fails inclusion criterion 3).,High,done
Non_fractured/IMG0000040.jpg,Non_fractured,EXCLUDE,N/A,Unclear,No,N/A,Source-labeled non-fractured; no fracture present (fails inclusion criterion 3).,High,done
Non_fractured/IMG0000041.jpg,Non_fractured,EXCLUDE,N/A,Unclear,No,N/A,Source-labeled non-fractured; no fracture present (fails inclusion criterion 3).,High,done
Non_fractured/IMG0000042.jpg,Non_fractured,EXCLUDE,N/A,Unclear,No,N/A,Source-labeled non-fractured; no fracture present (fails inclusion criterion 3).,High,done
Non_fractured/IMG0000043.jpg,Non_fractured,EXCLUDE,N/A,Unclear,No,N/A,Source-labeled non-fractured; no fracture present (fails inclusion criterion 3).,High,done
Non_fractured/IMG0000045.jpg,Non_fractured,EXCLUDE,N/A,Unclear,No,N/A,Source-labeled non-fractured; no fracture present (fails inclusion criterion 3).,High,done
Non_fractured/IMG0000046.jpg,Non_fractured,EXCLUDE,N/A,Unclear,No,N/A,Source-labeled non-fractured; no fracture present (fails inclusion criterion 3).,High,done
Non_fractured/IMG0000047.jpg,Non_fractured,EXCLUDE,N/A,Unclear,No,N/A,Source-labeled non-fractured; no fracture present (fails inclusion criterion 3).,High,done
Non_fractured/IMG0000048.jpg,Non_fractured,EXCLUDE,N/A,Unclear,No,N/A,Source-labeled non-fractured; no fracture present (fails inclusion criterion 3).,High,done
Non_fractured/IMG0000049.jpg,Non_fractured,EXCLUDE,N/A,Unclear,No,N/A,Source-labeled non-fractured; no fracture present (fails inclusion criterion 3).,High,done
Non_fractured/IMG0000050.jpg,Non_fractured,EXCLUDE,N/A,Unclear,No,N/A,Source-labeled non-fractured; no fracture present (fails inclusion criterion 3).,High,done
Non_fractured/IMG0000051.jpg,Non_fractured,EXCLUDE,N/A,Unclear,No,N/A,Source-labeled non-fractured; no fracture present (fails inclusion criterion 3).,High,done
Non_fractured/IMG0000052.jpg,Non_fractured,EXCLUDE,N/A,Unclear,No,N/A,Source-labeled non-fractured; no fracture present (fails inclusion criterion 3).,High,done
Non_fractured/IMG0000053.jpg,Non_fractured,EXCLUDE,N/A,Unclear,No,N/A,Source-labeled non-fractured; no fracture present (fails inclusion criterion 3).,High,done
Non_fractured/IMG0000054.jpg,Non_fractured,EXCLUDE,N/A,Unclear,No,N/A,Source-labeled non-fractured; no fracture present (fails inclusion criterion 3).,High,done
Non_fractured/IMG0000055.jpg,Non_fractured,EXCLUDE,N/A,Unclear,No,N/A,Source-labeled non-fractured; no fracture present (fails inclusion criterion 3).,High,done
Non_fractured/IMG0000056.jpg,Non_fractured,EXCLUDE,N/A,Unclear,No,N/A,Source-labeled non-fractured; no fracture present (fails inclusion criterion 3).,High,done
Non_fractured/IMG0000060.jpg,Non_fractured,EXCLUDE,N/A,Unclear,No,N/A,Source-labeled non-fractured; no fracture present (fails inclusion criterion 3).,High,done
Non_fractured/IMG0000061.jpg,Non_fractured,EXCLUDE,N/A,Unclear,No,N/A,Source-labeled non-fractured; no fracture present (fails inclusion criterion 3).,High,done
Non_fractured/IMG0000062.jpg,Non_fractured,EXCLUDE,N/A,Unclear,No,N/A,Source-labeled non-fractured; no fracture present (fails inclusion criterion 3).,High,done
Non_fractured/IMG0000063.jpg,Non_fractured,EXCLUDE,N/A,Unclear,No,N/A,Source-labeled non-fractured; no fracture present (fails inclusion criterion 3).,High,done
Non_fractured/IMG0000064.jpg,Non_fractured,EXCLUDE,N/A,Unclear,No,N/A,Source-labeled non-fractured; no fracture present (fails inclusion criterion 3).,High,done
Non_fractured/IMG0000065.jpg,Non_fractured,EXCLUDE,N/A,Unclear,No,N/A,Source-labeled non-fractured; no fracture present (fails inclusion criterion 3).,High,done
Non_fractured/IMG0000066.jpg,Non_fractured,EXCLUDE,N/A,Unclear,No,N/A,Source-labeled non-fractured; no fracture present (fails inclusion criterion 3).,High,done
Non_fractured/IMG0000067.jpg,Non_fractured,EXCLUDE,N/A,Unclear,No,N/A,Source-labeled non-fractured; no fracture present (fails inclusion criterion 3).,High,done
Non_fractured/IMG0000068.jpg,Non_fractured,EXCLUDE,N/A,Unclear,No,N/A,Source-labeled non-fractured; no fracture present (fails inclusion criterion 3).,High,done
Non_fractured/IMG0000069.jpg,Non_fractured,EXCLUDE,N/A,Unclear,No,N/A,Source-labeled non-fractured; no fracture present (fails inclusion criterion 3).,High,done
Non_fractured/IMG0000070.jpg,Non_fractured,EXCLUDE,N/A,Unclear,No,N/A,Source-labeled non-fractured; no fracture present (fails inclusion criterion 3).,High,done
Non_fractured/IMG0000071.jpg,Non_fractured,EXCLUDE,N/A,Unclear,No,N/A,Source-labeled non-fractured; no fracture present (fails inclusion criterion 3).,High,done
Non_fractured/IMG0000072.jpg,Non_fractured,EXCLUDE,N/A,Unclear,No,N/A,Source-labeled non-fractured; no fracture present (fails inclusion criterion 3).,High,done
Non_fractured/IMG0000073.jpg,Non_fractured,EXCLUDE,N/A,Unclear,No,N/A,Source-labeled non-fractured; no fracture present (fails inclusion criterion 3).,High,done
Non_fractured/IMG0000074.jpg,Non_fractured,EXCLUDE,N/A,Unclear,No,N/A,Source-labeled non-fractured; no fracture present (fails inclusion criterion 3).,High,done
Non_fractured/IMG0000075.jpg,Non_fractured,EXCLUDE,N/A,Unclear,No,N/A,Source-labeled non-fractured; no fracture present (fails inclusion criterion 3).,High,done
Non_fractured/IMG0000076.jpg,Non_fractured,EXCLUDE,N/A,Unclear,No,N/A,Source-labeled non-fractured; no fracture present (fails inclusion criterion 3).,High,done
Non_fractured/IMG0000077.jpg,Non_fractured,EXCLUDE,N/A,Unclear,No,N/A,Source-labeled non-fractured; no fracture present (fails inclusion criterion 3).,High,done
Non_fractured/IMG0000078.jpg,Non_fractured,EXCLUDE,N/A,Unclear,No,N/A,Source-labeled non-fractured; no fracture present (fails inclusion criterion 3).,High,done
Non_fractured/IMG0000079.jpg,Non_fractured,EXCLUDE,N/A,Unclear,No,N/A,Source-labeled non-fractured; no fracture present (fails inclusion criterion 3).,High,done
Non_fractured/IMG0000080.jpg,Non_fractured,EXCLUDE,N/A,Unclear,No,N/A,Source-labeled non-fractured; no fracture present (fails inclusion criterion 3).,High,done
Non_fractured/IMG0000081.jpg,Non_fractured,EXCLUDE,N/A,Unclear,No,N/A,Source-labeled non-fractured; no fracture present (fails inclusion criterion 3).,High,done
Non_fractured/IMG0000082.jpg,Non_fractured,EXCLUDE,N/A,Unclear,No,N/A,Source-labeled non-fractured; no fracture present (fails inclusion criterion 3).,High,done
Non_fractured/IMG0000083.jpg,Non_fractured,EXCLUDE,N/A,Unclear,No,N/A,Source-labeled non-fractured; no fracture present (fails inclusion criterion 3).,High,done
Non_fractured/IMG0000084.jpg,Non_fractured,EXCLUDE,N/A,Unclear,No,N/A,Source-labeled non-fractured; no fracture present (fails inclusion criterion 3).,High,done
Non_fractured/IMG0000085.jpg,Non_fractured,EXCLUDE,N/A,Unclear,No,N/A,Source-labeled non-fractured; no fracture present (fails inclusion criterion 3).,High,done
Non_fractured/IMG0000086.jpg,Non_fractured,EXCLUDE,N/A,Unclear,No,N/A,Source-labeled non-fractured; no fracture present (fails inclusion criterion 3).,High,done
Non_fractured/IMG0000087.jpg,Non_fractured,EXCLUDE,N/A,Unclear,No,N/A,Source-labeled non-fractured; no fracture present (fails inclusion criterion 3).,High,done
Non_fractured/IMG0000088.jpg,Non_fractured,EXCLUDE,N/A,Unclear,No,N/A,Source-labeled non-fractured; no fracture present (fails inclusion criterion 3).,High,done
Non_fractured/IMG0000089.jpg,Non_fractured,EXCLUDE,N/A,Unclear,No,N/A,Source-labeled non-fractured; no fracture present (fails inclusion criterion 3).,High,done
Non_fractured/IMG0000090.jpg,Non_fractured,EXCLUDE,N/A,Unclear,No,N/A,Source-labeled non-fractured; no fracture present (fails inclusion criterion 3).,High,done
Non_fractured/IMG0000091.jpg,Non_fractured,EXCLUDE,N/A,Unclear,No,N/A,Source-labeled non-fractured; no fracture present (fails inclusion criterion 3).,High,done
Non_fractured/IMG0000093.jpg,Non_fractured,EXCLUDE,N/A,Unclear,No,N/A,Source-labeled non-fractured; no fracture present (fails inclusion criterion 3).,High,done
Non_fractured/IMG0000094.jpg,Non_fractured,EXCLUDE,N/A,Unclear,No,N/A,Source-labeled non-fractured; no fracture present (fails inclusion criterion 3).,High,done
Non_fractured/IMG0000095.jpg,Non_fractured,EXCLUDE,N/A,Unclear,No,N/A,Source-labeled non-fractured; no fracture present (fails inclusion criterion 3).,High,done
Non_fractured/IMG0000096.jpg,Non_fractured,EXCLUDE,N/A,Unclear,No,N/A,Source-labeled non-fractured; no fracture present (fails inclusion criterion 3).,High,done
Non_fractured/IMG0000097.jpg,Non_fractured,EXCLUDE,N/A,Unclear,No,N/A,Source-labeled non-fractured; no fracture present (fails inclusion criterion 3).,High,done
Non_fractured/IMG0000098.jpg,Non_fractured,EXCLUDE,N/A,Unclear,No,N/A,Source-labeled non-fractured; no fracture present (fails inclusion criterion 3).,High,done
Non_fractured/IMG0000099.jpg,Non_fractured,EXCLUDE,N/A,Unclear,No,N/A,Source-labeled non-fractured; no fracture present (fails inclusion criterion 3).,High,done
Non_fractured/IMG0000101.jpg,Non_fractured,EXCLUDE,N/A,Unclear,No,N/A,Source-labeled non-fractured; no fracture present (fails inclusion criterion 3).,High,done
Non_fractured/IMG0000102.jpg,Non_fractured,EXCLUDE,N/A,Unclear,No,N/A,Source-labeled non-fractured; no fracture present (fails inclusion criterion 3).,High,done
Non_fractured/IMG0000103.jpg,Non_fractured,EXCLUDE,N/A,Unclear,No,N/A,Source-labeled non-fractured; no fracture present (fails inclusion criterion 3).,High,done
Non_fractured/IMG0000104.jpg,Non_fractured,EXCLUDE,N/A,Unclear,No,N/A,Source-labeled non-fractured; no fracture present (fails inclusion criterion 3).,High,done
Non_fractured/IMG0000105.jpg,Non_fractured,EXCLUDE,N/A,Unclear,No,N/A,Source-labeled non-fractured; no fracture present (fails inclusion criterion 3).,High,done
Non_fractured/IMG0000106.jpg,Non_fractured,EXCLUDE,N/A,Unclear,No,N/A,Source-labeled non-fractured; no fracture present (fails inclusion criterion 3).,High,done
Non_fractured/IMG0000107.jpg,Non_fractured,EXCLUDE,N/A,Unclear,No,N/A,Source-labeled non-fractured; no fracture present (fails inclusion criterion 3).,High,done
Non_fractured/IMG0000108.jpg,Non_fractured,EXCLUDE,N/A,Unclear,No,N/A,Source-labeled non-fractured; no fracture present (fails inclusion criterion 3).,High,done
Non_fractured/IMG0000109.jpg,Non_fractured,EXCLUDE,N/A,Unclear,No,N/A,Source-labeled non-fractured; no fracture present (fails inclusion criterion 3).,High,done
Non_fractured/IMG0000110.jpg,Non_fractured,EXCLUDE,N/A,Unclear,No,N/A,Source-labeled non-fractured; no fracture present (fails inclusion criterion 3).,High,done
Non_fractured/IMG0000111.jpg,Non_fractured,EXCLUDE,N/A,Unclear,No,N/A,Source-labeled non-fractured; no fracture present (fails inclusion criterion 3).,High,done
Non_fractured/IMG0000112.jpg,Non_fractured,EXCLUDE,N/A,Unclear,No,N/A,Source-labeled non-fractured; no fracture present (fails inclusion criterion 3).,High,done
Non_fractured/IMG0000113.jpg,Non_fractured,EXCLUDE,N/A,Unclear,No,N/A,Source-labeled non-fractured; no fracture present (fails inclusion criterion 3).,High,done
Non_fractured/IMG0000114.jpg,Non_fractured,EXCLUDE,N/A,Unclear,No,N/A,Source-labeled non-fractured; no fracture present (fails inclusion criterion 3).,High,done
Non_fractured/IMG0000115.jpg,Non_fractured,EXCLUDE,N/A,Unclear,No,N/A,Source-labeled non-fractured; no fracture present (fails inclusion criterion 3).,High,done
Non_fractured/IMG0000116.jpg,Non_fractured,EXCLUDE,N/A,Unclear,No,N/A,Source-labeled non-fractured; no fracture present (fails inclusion criterion 3).,High,done
Non_fractured/IMG0000117.jpg,Non_fractured,EXCLUDE,N/A,Unclear,No,N/A,Source-labeled non-fractured; no fracture present (fails inclusion criterion 3).,High,done
Non_fractured/IMG0000118.jpg,Non_fractured,EXCLUDE,N/A,Unclear,No,N/A,Source-labeled non-fractured; no fracture present (fails inclusion criterion 3).,High,done
Non_fractured/IMG0000119.jpg,Non_fractured,EXCLUDE,N/A,Unclear,No,N/A,Source-labeled non-fractured; no fracture present (fails inclusion criterion 3).,High,done
Non_fractured/IMG0000120.jpg,Non_fractured,EXCLUDE,N/A,Unclear,No,N/A,Source-labeled non-fractured; no fracture present (fails inclusion criterion 3).,High,done
Non_fractured/IMG0000121.jpg,Non_fractured,EXCLUDE,N/A,Unclear,No,N/A,Source-labeled non-fractured; no fracture present (fails inclusion criterion 3).,High,done
Non_fractured/IMG0000122.jpg,Non_fractured,EXCLUDE,N/A,Unclear,No,N/A,Source-labeled non-fractured; no fracture present (fails inclusion criterion 3).,High,done
Non_fractured/IMG0000123.jpg,Non_fractured,EXCLUDE,N/A,Unclear,No,N/A,Source-labeled non-fractured; no fracture present (fails inclusion criterion 3).,High,done
Non_fractured/IMG0000124.jpg,Non_fractured,EXCLUDE,N/A,Unclear,No,N/A,Source-labeled non-fractured; no fracture present (fails inclusion criterion 3).,High,done
Non_fractured/IMG0000125.jpg,Non_fractured,EXCLUDE,N/A,Unclear,No,N/A,Source-labeled non-fractured; no fracture present (fails inclusion criterion 3).,High,done
Non_fractured/IMG0000126.jpg,Non_fractured,EXCLUDE,N/A,Unclear,No,N/A,Source-labeled non-fractured; no fracture present (fails inclusion criterion 3).,High,done
Non_fractured/IMG0000127.jpg,Non_fractured,EXCLUDE,N/A,Unclear,No,N/A,Source-labeled non-fractured; no fracture present (fails inclusion criterion 3).,High,done
Non_fractured/IMG0000128.jpg,Non_fractured,EXCLUDE,N/A,Unclear,No,N/A,Source-labeled non-fractured; no fracture present (fails inclusion criterion 3).,High,done
Non_fractured/IMG0000129.jpg,Non_fractured,EXCLUDE,N/A,Unclear,No,N/A,Source-labeled non-fractured; no fracture present (fails inclusion criterion 3).,High,done
Non_fractured/IMG0000130.jpg,Non_fractured,EXCLUDE,N/A,Unclear,No,N/A,Source-labeled non-fractured; no fracture present (fails inclusion criterion 3).,High,done
Non_fractured/IMG0000131.jpg,Non_fractured,EXCLUDE,N/A,Unclear,No,N/A,Source-labeled non-fractured; no fracture present (fails inclusion criterion 3).,High,done
Non_fractured/IMG0000132.jpg,Non_fractured,EXCLUDE,N/A,Unclear,No,N/A,Source-labeled non-fractured; no fracture present (fails inclusion criterion 3).,High,done
Non_fractured/IMG0000133.jpg,Non_fractured,EXCLUDE,N/A,Unclear,No,N/A,Source-labeled non-fractured; no fracture present (fails inclusion criterion 3).,High,done
Non_fractured/IMG0000134.jpg,Non_fractured,EXCLUDE,N/A,Unclear,No,N/A,Source-labeled non-fractured; no fracture present (fails inclusion criterion 3).,High,done
Non_fractured/IMG0000135.jpg,Non_fractured,EXCLUDE,N/A,Unclear,No,N/A,Source-labeled non-fractured; no fracture present (fails inclusion criterion 3).,High,done
Non_fractured/IMG0000136.jpg,Non_fractured,EXCLUDE,N/A,Unclear,No,N/A,Source-labeled non-fractured; no fracture present (fails inclusion criterion 3).,High,done
Non_fractured/IMG0000137.jpg,Non_fractured,EXCLUDE,N/A,Unclear,No,N/A,Source-labeled non-fractured; no fracture present (fails inclusion criterion 3).,High,done
Non_fractured/IMG0000138.jpg,Non_fractured,EXCLUDE,N/A,Unclear,No,N/A,Source-labeled non-fractured; no fracture present (fails inclusion criterion 3).,High,done
Non_fractured/IMG0000139.jpg,Non_fractured,EXCLUDE,N/A,Unclear,No,N/A,Source-labeled non-fractured; no fracture present (fails inclusion criterion 3).,High,done
Non_fractured/IMG0000140.jpg,Non_fractured,EXCLUDE,N/A,Unclear,No,N/A,Source-labeled non-fractured; no fracture present (fails inclusion criterion 3).,High,done
Non_fractured/IMG0000141.jpg,Non_fractured,EXCLUDE,N/A,Unclear,No,N/A,Source-labeled non-fractured; no fracture present (fails inclusion criterion 3).,High,done
Non_fractured/IMG0000145.jpg,Non_fractured,EXCLUDE,N/A,Unclear,No,N/A,Source-labeled non-fractured; no fracture present (fails inclusion criterion 3).,High,done
Non_fractured/IMG0000146.jpg,Non_fractured,EXCLUDE,N/A,Unclear,No,N/A,Source-labeled non-fractured; no fracture present (fails inclusion criterion 3).,High,done
Non_fractured/IMG0000147.jpg,Non_fractured,EXCLUDE,N/A,Unclear,No,N/A,Source-labeled non-fractured; no fracture present (fails inclusion criterion 3).,High,done
Non_fractured/IMG0000148.jpg,Non_fractured,EXCLUDE,N/A,Unclear,No,N/A,Source-labeled non-fractured; no fracture present (fails inclusion criterion 3).,High,done
Non_fractured/IMG0000149.jpg,Non_fractured,EXCLUDE,N/A,Unclear,No,N/A,Source-labeled non-fractured; no fracture present (fails inclusion criterion 3).,High,done
Non_fractured/IMG0000150.jpg,Non_fractured,EXCLUDE,N/A,Unclear,No,N/A,Source-labeled non-fractured; no fracture present (fails inclusion criterion 3).,High,done
Non_fractured/IMG0000152.jpg,Non_fractured,EXCLUDE,N/A,Unclear,No,N/A,Source-labeled non-fractured; no fracture present (fails inclusion criterion 3).,High,done
Non_fractured/IMG0000153.jpg,Non_fractured,EXCLUDE,N/A,Unclear,No,N/A,Source-labeled non-fractured; no fracture present (fails inclusion criterion 3).,High,done
Non_fractured/IMG0000154.jpg,Non_fractured,EXCLUDE,N/A,Unclear,No,N/A,Source-labeled non-fractured; no fracture present (fails inclusion criterion 3).,High,done
Non_fractured/IMG0000157.jpg,Non_fractured,EXCLUDE,N/A,Unclear,No,N/A,Source-labeled non-fractured; no fracture present (fails inclusion criterion 3).,High,done
Non_fractured/IMG0000158.jpg,Non_fractured,EXCLUDE,N/A,Unclear,No,N/A,Source-labeled non-fractured; no fracture present (fails inclusion criterion 3).,High,done
Non_fractured/IMG0000159.jpg,Non_fractured,EXCLUDE,N/A,Unclear,No,N/A,Source-labeled non-fractured; no fracture present (fails inclusion criterion 3).,High,done
Non_fractured/IMG0000160.jpg,Non_fractured,EXCLUDE,N/A,Unclear,No,N/A,Source-labeled non-fractured; no fracture present (fails inclusion criterion 3).,High,done
Non_fractured/IMG0000161.jpg,Non_fractured,EXCLUDE,N/A,Unclear,No,N/A,Source-labeled non-fractured; no fracture present (fails inclusion criterion 3).,High,done
Non_fractured/IMG0000162.jpg,Non_fractured,EXCLUDE,N/A,Unclear,No,N/A,Source-labeled non-fractured; no fracture present (fails inclusion criterion 3).,High,done
Non_fractured/IMG0000163.jpg,Non_fractured,EXCLUDE,N/A,Unclear,No,N/A,Source-labeled non-fractured; no fracture present (fails inclusion criterion 3).,High,done
Non_fractured/IMG0000164.jpg,Non_fractured,EXCLUDE,N/A,Unclear,No,N/A,Source-labeled non-fractured; no fracture present (fails inclusion criterion 3).,High,done
Non_fractured/IMG0000165.jpg,Non_fractured,EXCLUDE,N/A,Unclear,No,N/A,Source-labeled non-fractured; no fracture present (fails inclusion criterion 3).,High,done
Non_fractured/IMG0000166.jpg,Non_fractured,EXCLUDE,N/A,Unclear,No,N/A,Source-labeled non-fractured; no fracture present (fails inclusion criterion 3).,High,done
Non_fractured/IMG0000167.jpg,Non_fractured,EXCLUDE,N/A,Unclear,No,N/A,Source-labeled non-fractured; no fracture present (fails inclusion criterion 3).,High,done
Non_fractured/IMG0000168.jpg,Non_fractured,EXCLUDE,N/A,Unclear,No,N/A,Source-labeled non-fractured; no fracture present (fails inclusion criterion 3).,High,done
Non_fractured/IMG0000169.jpg,Non_fractured,EXCLUDE,N/A,Unclear,No,N/A,Source-labeled non-fractured; no fracture present (fails inclusion criterion 3).,High,done
Non_fractured/IMG0000170.jpg,Non_fractured,EXCLUDE,N/A,Unclear,No,N/A,Source-labeled non-fractured; no fracture present (fails inclusion criterion 3).,High,done
Non_fractured/IMG0000171.jpg,Non_fractured,EXCLUDE,N/A,Unclear,No,N/A,Source-labeled non-fractured; no fracture present (fails inclusion criterion 3).,High,done
Non_fractured/IMG0000172.jpg,Non_fractured,EXCLUDE,N/A,Unclear,No,N/A,Source-labeled non-fractured; no fracture present (fails inclusion criterion 3).,High,done
Non_fractured/IMG0000173.jpg,Non_fractured,EXCLUDE,N/A,Unclear,No,N/A,Source-labeled non-fractured; no fracture present (fails inclusion criterion 3).,High,done
Non_fractured/IMG0000174.jpg,Non_fractured,EXCLUDE,N/A,Unclear,No,N/A,Source-labeled non-fractured; no fracture present (fails inclusion criterion 3).,High,done
Non_fractured/IMG0000175.jpg,Non_fractured,EXCLUDE,N/A,Unclear,No,N/A,Source-labeled non-fractured; no fracture present (fails inclusion criterion 3).,High,done
Non_fractured/IMG0000176.jpg,Non_fractured,EXCLUDE,N/A,Unclear,No,N/A,Source-labeled non-fractured; no fracture present (fails inclusion criterion 3).,High,done
Non_fractured/IMG0000177.jpg,Non_fractured,EXCLUDE,N/A,Unclear,No,N/A,Source-labeled non-fractured; no fracture present (fails inclusion criterion 3).,High,done
Non_fractured/IMG0000178.jpg,Non_fractured,EXCLUDE,N/A,Unclear,No,N/A,Source-labeled non-fractured; no fracture present (fails inclusion criterion 3).,High,done
Non_fractured/IMG0000179.jpg,Non_fractured,EXCLUDE,N/A,Unclear,No,N/A,Source-labeled non-fractured; no fracture present (fails inclusion criterion 3).,High,done
Non_fractured/IMG0000180.jpg,Non_fractured,EXCLUDE,N/A,Unclear,No,N/A,Source-labeled non-fractured; no fracture present (fails inclusion criterion 3).,High,done
Non_fractured/IMG0000181.jpg,Non_fractured,EXCLUDE,N/A,Unclear,No,N/A,Source-labeled non-fractured; no fracture present (fails inclusion criterion 3).,High,done
Non_fractured/IMG0000182.jpg,Non_fractured,EXCLUDE,N/A,Unclear,No,N/A,Source-labeled non-fractured; no fracture present (fails inclusion criterion 3).,High,done
Non_fractured/IMG0000183.jpg,Non_fractured,EXCLUDE,N/A,Unclear,No,N/A,Source-labeled non-fractured; no fracture present (fails inclusion criterion 3).,High,done
Non_fractured/IMG0000184.jpg,Non_fractured,EXCLUDE,N/A,Unclear,No,N/A,Source-labeled non-fractured; no fracture present (fails inclusion criterion 3).,High,done
Non_fractured/IMG0000185.jpg,Non_fractured,EXCLUDE,N/A,Unclear,No,N/A,Source-labeled non-fractured; no fracture present (fails inclusion criterion 3).,High,done
Non_fractured/IMG0000186.jpg,Non_fractured,EXCLUDE,N/A,Unclear,No,N/A,Source-labeled non-fractured; no fracture present (fails inclusion criterion 3).,High,done
Non_fractured/IMG0000187.jpg,Non_fractured,EXCLUDE,N/A,Unclear,No,N/A,Source-labeled non-fractured; no fracture present (fails inclusion criterion 3).,High,done
Non_fractured/IMG0000191.jpg,Non_fractured,EXCLUDE,N/A,Unclear,No,N/A,Source-labeled non-fractured; no fracture present (fails inclusion criterion 3).,High,done
Non_fractured/IMG0000192.jpg,Non_fractured,EXCLUDE,N/A,Unclear,No,N/A,Source-labeled non-fractured; no fracture present (fails inclusion criterion 3).,High,done
Non_fractured/IMG0000193.jpg,Non_fractured,EXCLUDE,N/A,Unclear,No,N/A,Source-labeled non-fractured; no fracture present (fails inclusion criterion 3).,High,done
Non_fractured/IMG0000194.jpg,Non_fractured,EXCLUDE,N/A,Unclear,No,N/A,Source-labeled non-fractured; no fracture present (fails inclusion criterion 3).,High,done
Non_fractured/IMG0000195.jpg,Non_fractured,EXCLUDE,N/A,Unclear,No,N/A,Source-labeled non-fractured; no fracture present (fails inclusion criterion 3).,High,done
Non_fractured/IMG0000196.jpg,Non_fractured,EXCLUDE,N/A,Unclear,No,N/A,Source-labeled non-fractured; no fracture present (fails inclusion criterion 3).,High,done
Non_fractured/IMG0000197.jpg,Non_fractured,EXCLUDE,N/A,Unclear,No,N/A,Source-labeled non-fractured; no fracture present (fails inclusion criterion 3).,High,done
Non_fractured/IMG0000198.jpg,Non_fractured,EXCLUDE,N/A,Unclear,No,N/A,Source-labeled non-fractured; no fracture present (fails inclusion criterion 3).,High,done
Non_fractured/IMG0000199.jpg,Non_fractured,EXCLUDE,N/A,Unclear,No,N/A,Source-labeled non-fractured; no fracture present (fails inclusion criterion 3).,High,done
Non_fractured/IMG0000200.jpg,Non_fractured,EXCLUDE,N/A,Unclear,No,N/A,Source-labeled non-fractured; no fracture present (fails inclusion criterion 3).,High,done
Non_fractured/IMG0000201.jpg,Non_fractured,EXCLUDE,N/A,Unclear,No,N/A,Source-labeled non-fractured; no fracture present (fails inclusion criterion 3).,High,done
Non_fractured/IMG0000202.jpg,Non_fractured,EXCLUDE,N/A,Unclear,No,N/A,Source-labeled non-fractured; no fracture present (fails inclusion criterion 3).,High,done
Non_fractured/IMG0000203.jpg,Non_fractured,EXCLUDE,N/A,Unclear,No,N/A,Source-labeled non-fractured; no fracture present (fails inclusion criterion 3).,High,done
Non_fractured/IMG0000204.jpg,Non_fractured,EXCLUDE,N/A,Unclear,No,N/A,Source-labeled non-fractured; no fracture present (fails inclusion criterion 3).,High,done
Non_fractured/IMG0000205.jpg,Non_fractured,EXCLUDE,N/A,Unclear,No,N/A,Source-labeled non-fractured; no fracture present (fails inclusion criterion 3).,High,done
Non_fractured/IMG0000208.jpg,Non_fractured,EXCLUDE,N/A,Unclear,No,N/A,Source-labeled non-fractured; no fracture present (fails inclusion criterion 3).,High,done
Non_fractured/IMG0000209.jpg,Non_fractured,EXCLUDE,N/A,Unclear,No,N/A,Source-labeled non-fractured; no fracture present (fails inclusion criterion 3).,High,done
Non_fractured/IMG0000210.jpg,Non_fractured,EXCLUDE,N/A,Unclear,No,N/A,Source-labeled non-fractured; no fracture present (fails inclusion criterion 3).,High,done
Non_fractured/IMG0000211.jpg,Non_fractured,EXCLUDE,N/A,Unclear,No,N/A,Source-labeled non-fractured; no fracture present (fails inclusion criterion 3).,High,done
Non_fractured/IMG0000212.jpg,Non_fractured,EXCLUDE,N/A,Unclear,No,N/A,Source-labeled non-fractured; no fracture present (fails inclusion criterion 3).,High,done
Non_fractured/IMG0000213.jpg,Non_fractured,EXCLUDE,N/A,Unclear,No,N/A,Source-labeled non-fractured; no fracture present (fails inclusion criterion 3).,High,done
Non_fractured/IMG0000214.jpg,Non_fractured,EXCLUDE,N/A,Unclear,No,N/A,Source-labeled non-fractured; no fracture present (fails inclusion criterion 3).,High,done
Non_fractured/IMG0000215.jpg,Non_fractured,EXCLUDE,N/A,Unclear,No,N/A,Source-labeled non-fractured; no fracture present (fails inclusion criterion 3).,High,done
Non_fractured/IMG0000216.jpg,Non_fractured,EXCLUDE,N/A,Unclear,No,N/A,Source-labeled non-fractured; no fracture present (fails inclusion criterion 3).,High,done
Non_fractured/IMG0000217.jpg,Non_fractured,EXCLUDE,N/A,Unclear,No,N/A,Source-labeled non-fractured; no fracture present (fails inclusion criterion 3).,High,done
Non_fractured/IMG0000218.jpg,Non_fractured,EXCLUDE,N/A,Unclear,No,N/A,Source-labeled non-fractured; no fracture present (fails inclusion criterion 3).,High,done
Non_fractured/IMG0000219.jpg,Non_fractured,EXCLUDE,N/A,Unclear,No,N/A,Source-labeled non-fractured; no fracture present (fails inclusion criterion 3).,High,done
Non_fractured/IMG0000220.jpg,Non_fractured,EXCLUDE,N/A,Unclear,No,N/A,Source-labeled non-fractured; no fracture present (fails inclusion criterion 3).,High,done
Non_fractured/IMG0000221.jpg,Non_fractured,EXCLUDE,N/A,Unclear,No,N/A,Source-labeled non-fractured; no fracture present (fails inclusion criterion 3).,High,done
Non_fractured/IMG0000222.jpg,Non_fractured,EXCLUDE,N/A,Unclear,No,N/A,Source-labeled non-fractured; no fracture present (fails inclusion criterion 3).,High,done
Non_fractured/IMG0000223.jpg,Non_fractured,EXCLUDE,N/A,Unclear,No,N/A,Source-labeled non-fractured; no fracture present (fails inclusion criterion 3).,High,done
Non_fractured/IMG0000224.jpg,Non_fractured,EXCLUDE,N/A,Unclear,No,N/A,Source-labeled non-fractured; no fracture present (fails inclusion criterion 3).,High,done
Non_fractured/IMG0000225.jpg,Non_fractured,EXCLUDE,N/A,Unclear,No,N/A,Source-labeled non-fractured; no fracture present (fails inclusion criterion 3).,High,done
Non_fractured/IMG0000226.jpg,Non_fractured,EXCLUDE,N/A,Unclear,No,N/A,Source-labeled non-fractured; no fracture present (fails inclusion criterion 3).,High,done
Non_fractured/IMG0000227.jpg,Non_fractured,EXCLUDE,N/A,Unclear,No,N/A,Source-labeled non-fractured; no fracture present (fails inclusion criterion 3).,High,done
Non_fractured/IMG0000228.jpg,Non_fractured,EXCLUDE,N/A,Unclear,No,N/A,Source-labeled non-fractured; no fracture present (fails inclusion criterion 3).,High,done
Non_fractured/IMG0000229.jpg,Non_fractured,EXCLUDE,N/A,Unclear,No,N/A,Source-labeled non-fractured; no fracture present (fails inclusion criterion 3).,High,done
Non_fractured/IMG0000230.jpg,Non_fractured,EXCLUDE,N/A,Unclear,No,N/A,Source-labeled non-fractured; no fracture present (fails inclusion criterion 3).,High,done
Non_fractured/IMG0000231.jpg,Non_fractured,EXCLUDE,N/A,Unclear,No,N/A,Source-labeled non-fractured; no fracture present (fails inclusion criterion 3).,High,done
Non_fractured/IMG0000232.jpg,Non_fractured,EXCLUDE,N/A,Unclear,No,N/A,Source-labeled non-fractured; no fracture present (fails inclusion criterion 3).,High,done
Non_fractured/IMG0000233.jpg,Non_fractured,EXCLUDE,N/A,Unclear,No,N/A,Source-labeled non-fractured; no fracture present (fails inclusion criterion 3).,High,done
Non_fractured/IMG0000234.jpg,Non_fractured,EXCLUDE,N/A,Unclear,No,N/A,Source-labeled non-fractured; no fracture present (fails inclusion criterion 3).,High,done
Non_fractured/IMG0000235.jpg,Non_fractured,EXCLUDE,N/A,Unclear,No,N/A,Source-labeled non-fractured; no fracture present (fails inclusion criterion 3).,High,done
Non_fractured/IMG0000236.jpg,Non_fractured,EXCLUDE,N/A,Unclear,No,N/A,Source-labeled non-fractured; no fracture present (fails inclusion criterion 3).,High,done
Non_fractured/IMG0000237.jpg,Non_fractured,EXCLUDE,N/A,Unclear,No,N/A,Source-labeled non-fractured; no fracture present (fails inclusion criterion 3).,High,done
Non_fractured/IMG0000238.jpg,Non_fractured,EXCLUDE,N/A,Unclear,No,N/A,Source-labeled non-fractured; no fracture present (fails inclusion criterion 3).,High,done
Non_fractured/IMG0000239.jpg,Non_fractured,EXCLUDE,N/A,Unclear,No,N/A,Source-labeled non-fractured; no fracture present (fails inclusion criterion 3).,High,done
Non_fractured/IMG0000240.jpg,Non_fractured,EXCLUDE,N/A,Unclear,No,N/A,Source-labeled non-fractured; no fracture present (fails inclusion criterion 3).,High,done
Non_fractured/IMG0000241.jpg,Non_fractured,EXCLUDE,N/A,Unclear,No,N/A,Source-labeled non-fractured; no fracture present (fails inclusion criterion 3).,High,done
Non_fractured/IMG0000242.jpg,Non_fractured,EXCLUDE,N/A,Unclear,No,N/A,Source-labeled non-fractured; no fracture present (fails inclusion criterion 3).,High,done
Non_fractured/IMG0000243.jpg,Non_fractured,EXCLUDE,N/A,Unclear,No,N/A,Source-labeled non-fractured; no fracture present (fails inclusion criterion 3).,High,done
Non_fractured/IMG0000244.jpg,Non_fractured,EXCLUDE,N/A,Unclear,No,N/A,Source-labeled non-fractured; no fracture present (fails inclusion criterion 3).,High,done
Non_fractured/IMG0000245.jpg,Non_fractured,EXCLUDE,N/A,Unclear,No,N/A,Source-labeled non-fractured; no fracture present (fails inclusion criterion 3).,High,done
Non_fractured/IMG0000246.jpg,Non_fractured,EXCLUDE,N/A,Unclear,No,N/A,Source-labeled non-fractured; no fracture present (fails inclusion criterion 3).,High,done
Non_fractured/IMG0000247.jpg,Non_fractured,EXCLUDE,N/A,Unclear,No,N/A,Source-labeled non-fractured; no fracture present (fails inclusion criterion 3).,High,done
Non_fractured/IMG0000248.jpg,Non_fractured,EXCLUDE,N/A,Unclear,No,N/A,Source-labeled non-fractured; no fracture present (fails inclusion criterion 3).,High,done
Non_fractured/IMG0000249.jpg,Non_fractured,EXCLUDE,N/A,Unclear,No,N/A,Source-labeled non-fractured; no fracture present (fails inclusion criterion 3).,High,done
Non_fractured/IMG0000250.jpg,Non_fractured,EXCLUDE,N/A,Unclear,No,N/A,Source-labeled non-fractured; no fracture present (fails inclusion criterion 3).,High,done
Non_fractured/IMG0000251.jpg,Non_fractured,EXCLUDE,N/A,Unclear,No,N/A,Source-labeled non-fractured; no fracture present (fails inclusion criterion 3).,High,done
Non_fractured/IMG0000252.jpg,Non_fractured,EXCLUDE,N/A,Unclear,No,N/A,Source-labeled non-fractured; no fracture present (fails inclusion criterion 3).,High,done
Non_fractured/IMG0000253.jpg,Non_fractured,EXCLUDE,N/A,Unclear,No,N/A,Source-labeled non-fractured; no fracture present (fails inclusion criterion 3).,High,done
Non_fractured/IMG0000254.jpg,Non_fractured,EXCLUDE,N/A,Unclear,No,N/A,Source-labeled non-fractured; no fracture present (fails inclusion criterion 3).,High,done
Non_fractured/IMG0000255.jpg,Non_fractured,EXCLUDE,N/A,Unclear,No,N/A,Source-labeled non-fractured; no fracture present (fails inclusion criterion 3).,High,done
Non_fractured/IMG0000256.jpg,Non_fractured,EXCLUDE,N/A,Unclear,No,N/A,Source-labeled non-fractured; no fracture present (fails inclusion criterion 3).,High,done
Non_fractured/IMG0000257.jpg,Non_fractured,EXCLUDE,N/A,Unclear,No,N/A,Source-labeled non-fractured; no fracture present (fails inclusion criterion 3).,High,done
Non_fractured/IMG0000258.jpg,Non_fractured,EXCLUDE,N/A,Unclear,No,N/A,Source-labeled non-fractured; no fracture present (fails inclusion criterion 3).,High,done
Non_fractured/IMG0000259.jpg,Non_fractured,EXCLUDE,N/A,Unclear,No,N/A,Source-labeled non-fractured; no fracture present (fails inclusion criterion 3).,High,done
Non_fractured/IMG0000260.jpg,Non_fractured,EXCLUDE,N/A,Unclear,No,N/A,Source-labeled non-fractured; no fracture present (fails inclusion criterion 3).,High,done
Non_fractured/IMG0000263.jpg,Non_fractured,EXCLUDE,N/A,Unclear,No,N/A,Source-labeled non-fractured; no fracture present (fails inclusion criterion 3).,High,done
Non_fractured/IMG0000264.jpg,Non_fractured,EXCLUDE,N/A,Unclear,No,N/A,Source-labeled non-fractured; no fracture present (fails inclusion criterion 3).,High,done
Non_fractured/IMG0000265.jpg,Non_fractured,EXCLUDE,N/A,Unclear,No,N/A,Source-labeled non-fractured; no fracture present (fails inclusion criterion 3).,High,done
Non_fractured/IMG0000266.jpg,Non_fractured,EXCLUDE,N/A,Unclear,No,N/A,Source-labeled non-fractured; no fracture present (fails inclusion criterion 3).,High,done
Non_fractured/IMG0000267.jpg,Non_fractured,EXCLUDE,N/A,Unclear,No,N/A,Source-labeled non-fractured; no fracture present (fails inclusion criterion 3).,High,done
Non_fractured/IMG0000268.jpg,Non_fractured,EXCLUDE,N/A,Unclear,No,N/A,Source-labeled non-fractured; no fracture present (fails inclusion criterion 3).,High,done
Non_fractured/IMG0000269.jpg,Non_fractured,EXCLUDE,N/A,Unclear,No,N/A,Source-labeled non-fractured; no fracture present (fails inclusion criterion 3).,High,done
Non_fractured/IMG0000270.jpg,Non_fractured,EXCLUDE,N/A,Unclear,No,N/A,Source-labeled non-fractured; no fracture present (fails inclusion criterion 3).,High,done
Non_fractured/IMG0000271.jpg,Non_fractured,EXCLUDE,N/A,Unclear,No,N/A,Source-labeled non-fractured; no fracture present (fails inclusion criterion 3).,High,done
Non_fractured/IMG0000272.jpg,Non_fractured,EXCLUDE,N/A,Unclear,No,N/A,Source-labeled non-fractured; no fracture present (fails inclusion criterion 3).,High,done
Non_fractured/IMG0000273.jpg,Non_fractured,EXCLUDE,N/A,Unclear,No,N/A,Source-labeled non-fractured; no fracture present (fails inclusion criterion 3).,High,done
Non_fractured/IMG0000274.jpg,Non_fractured,EXCLUDE,N/A,Unclear,No,N/A,Source-labeled non-fractured; no fracture present (fails inclusion criterion 3).,High,done
Non_fractured/IMG0000275.jpg,Non_fractured,EXCLUDE,N/A,Unclear,No,N/A,Source-labeled non-fractured; no fracture present (fails inclusion criterion 3).,High,done
Non_fractured/IMG0000276.jpg,Non_fractured,EXCLUDE,N/A,Unclear,No,N/A,Source-labeled non-fractured; no fracture present (fails inclusion criterion 3).,High,done
Non_fractured/IMG0000277.jpg,Non_fractured,EXCLUDE,N/A,Unclear,No,N/A,Source-labeled non-fractured; no fracture present (fails inclusion criterion 3).,High,done
Non_fractured/IMG0000278.jpg,Non_fractured,EXCLUDE,N/A,Unclear,No,N/A,Source-labeled non-fractured; no fracture present (fails inclusion criterion 3).,High,done
Non_fractured/IMG0000279.jpg,Non_fractured,EXCLUDE,N/A,Unclear,No,N/A,Source-labeled non-fractured; no fracture present (fails inclusion criterion 3).,High,done
Non_fractured/IMG0000280.jpg,Non_fractured,EXCLUDE,N/A,Unclear,No,N/A,Source-labeled non-fractured; no fracture present (fails inclusion criterion 3).,High,done
Non_fractured/IMG0000281.jpg,Non_fractured,EXCLUDE,N/A,Unclear,No,N/A,Source-labeled non-fractured; no fracture present (fails inclusion criterion 3).,High,done
Non_fractured/IMG0000282.jpg,Non_fractured,EXCLUDE,N/A,Unclear,No,N/A,Source-labeled non-fractured; no fracture present (fails inclusion criterion 3).,High,done
Non_fractured/IMG0000283.jpg,Non_fractured,EXCLUDE,N/A,Unclear,No,N/A,Source-labeled non-fractured; no fracture present (fails inclusion criterion 3).,High,done
Non_fractured/IMG0000285.jpg,Non_fractured,EXCLUDE,N/A,Unclear,No,N/A,Source-labeled non-fractured; no fracture present (fails inclusion criterion 3).,High,done
Non_fractured/IMG0000286.jpg,Non_fractured,EXCLUDE,N/A,Unclear,No,N/A,Source-labeled non-fractured; no fracture present (fails inclusion criterion 3).,High,done
Non_fractured/IMG0000287.jpg,Non_fractured,EXCLUDE,N/A,Unclear,No,N/A,Source-labeled non-fractured; no fracture present (fails inclusion criterion 3).,High,done
Non_fractured/IMG0000288.jpg,Non_fractured,EXCLUDE,N/A,Unclear,No,N/A,Source-labeled non-fractured; no fracture present (fails inclusion criterion 3).,High,done
Non_fractured/IMG0000289.jpg,Non_fractured,EXCLUDE,N/A,Unclear,No,N/A,Source-labeled non-fractured; no fracture present (fails inclusion criterion 3).,High,done
Non_fractured/IMG0000290.jpg,Non_fractured,EXCLUDE,N/A,Unclear,No,N/A,Source-labeled non-fractured; no fracture present (fails inclusion criterion 3).,High,done
Non_fractured/IMG0000291.jpg,Non_fractured,EXCLUDE,N/A,Unclear,No,N/A,Source-labeled non-fractured; no fracture present (fails inclusion criterion 3).,High,done
Non_fractured/IMG0000292.jpg,Non_fractured,EXCLUDE,N/A,Unclear,No,N/A,Source-labeled non-fractured; no fracture present (fails inclusion criterion 3).,High,done
Non_fractured/IMG0000293.jpg,Non_fractured,EXCLUDE,N/A,Unclear,No,N/A,Source-labeled non-fractured; no fracture present (fails inclusion criterion 3).,High,done
Non_fractured/IMG0000294.jpg,Non_fractured,EXCLUDE,N/A,Unclear,No,N/A,Source-labeled non-fractured; no fracture present (fails inclusion criterion 3).,High,done
Non_fractured/IMG0000295.jpg,Non_fractured,EXCLUDE,N/A,Unclear,No,N/A,Source-labeled non-fractured; no fracture present (fails inclusion criterion 3).,High,done
Non_fractured/IMG0000296.jpg,Non_fractured,EXCLUDE,N/A,Unclear,No,N/A,Source-labeled non-fractured; no fracture present (fails inclusion criterion 3).,High,done
Non_fractured/IMG0000297.jpg,Non_fractured,EXCLUDE,N/A,Unclear,No,N/A,Source-labeled non-fractured; no fracture present (fails inclusion criterion 3).,High,done
Non_fractured/IMG0000298.jpg,Non_fractured,EXCLUDE,N/A,Unclear,No,N/A,Source-labeled non-fractured; no fracture present (fails inclusion criterion 3).,High,done
Non_fractured/IMG0000299.jpg,Non_fractured,EXCLUDE,N/A,Unclear,No,N/A,Source-labeled non-fractured; no fracture present (fails inclusion criterion 3).,High,done
Non_fractured/IMG0000300.jpg,Non_fractured,EXCLUDE,N/A,Unclear,No,N/A,Source-labeled non-fractured; no fracture present (fails inclusion criterion 3).,High,done
Non_fractured/IMG0000301.jpg,Non_fractured,EXCLUDE,N/A,Unclear,No,N/A,Source-labeled non-fractured; no fracture present (fails inclusion criterion 3).,High,done
Non_fractured/IMG0000302.jpg,Non_fractured,EXCLUDE,N/A,Unclear,No,N/A,Source-labeled non-fractured; no fracture present (fails inclusion criterion 3).,High,done
Non_fractured/IMG0000303.jpg,Non_fractured,EXCLUDE,N/A,Unclear,No,N/A,Source-labeled non-fractured; no fracture present (fails inclusion criterion 3).,High,done
Non_fractured/IMG0000304.jpg,Non_fractured,EXCLUDE,N/A,Unclear,No,N/A,Source-labeled non-fractured; no fracture present (fails inclusion criterion 3).,High,done
Non_fractured/IMG0000305.jpg,Non_fractured,EXCLUDE,N/A,Unclear,No,N/A,Source-labeled non-fractured; no fracture present (fails inclusion criterion 3).,High,done
Non_fractured/IMG0000306.jpg,Non_fractured,EXCLUDE,N/A,Unclear,No,N/A,Source-labeled non-fractured; no fracture present (fails inclusion criterion 3).,High,done
Non_fractured/IMG0000308.jpg,Non_fractured,EXCLUDE,N/A,Unclear,No,N/A,Source-labeled non-fractured; no fracture present (fails inclusion criterion 3).,High,done
Non_fractured/IMG0000309.jpg,Non_fractured,EXCLUDE,N/A,Unclear,No,N/A,Source-labeled non-fractured; no fracture present (fails inclusion criterion 3).,High,done
Non_fractured/IMG0000310.jpg,Non_fractured,EXCLUDE,N/A,Unclear,No,N/A,Source-labeled non-fractured; no fracture present (fails inclusion criterion 3).,High,done
Non_fractured/IMG0000311.jpg,Non_fractured,EXCLUDE,N/A,Unclear,No,N/A,Source-labeled non-fractured; no fracture present (fails inclusion criterion 3).,High,done
Non_fractured/IMG0000312.jpg,Non_fractured,EXCLUDE,N/A,Unclear,No,N/A,Source-labeled non-fractured; no fracture present (fails inclusion criterion 3).,High,done
Non_fractured/IMG0000313.jpg,Non_fractured,EXCLUDE,N/A,Unclear,No,N/A,Source-labeled non-fractured; no fracture present (fails inclusion criterion 3).,High,done
Non_fractured/IMG0000314.jpg,Non_fractured,EXCLUDE,N/A,Unclear,No,N/A,Source-labeled non-fractured; no fracture present (fails inclusion criterion 3).,High,done
Non_fractured/IMG0000315.jpg,Non_fractured,EXCLUDE,N/A,Unclear,No,N/A,Source-labeled non-fractured; no fracture present (fails inclusion criterion 3).,High,done
Non_fractured/IMG0000316.jpg,Non_fractured,EXCLUDE,N/A,Unclear,No,N/A,Source-labeled non-fractured; no fracture present (fails inclusion criterion 3).,High,done
Non_fractured/IMG0000317.jpg,Non_fractured,EXCLUDE,N/A,Unclear,No,N/A,Source-labeled non-fractured; no fracture present (fails inclusion criterion 3).,High,done
Non_fractured/IMG0000318.jpg,Non_fractured,EXCLUDE,N/A,Unclear,No,N/A,Source-labeled non-fractured; no fracture present (fails inclusion criterion 3).,High,done
Non_fractured/IMG0000320.jpg,Non_fractured,EXCLUDE,N/A,Unclear,No,N/A,Source-labeled non-fractured; no fracture present (fails inclusion criterion 3).,High,done
Non_fractured/IMG0000321.jpg,Non_fractured,EXCLUDE,N/A,Unclear,No,N/A,Source-labeled non-fractured; no fracture present (fails inclusion criterion 3).,High,done
Non_fractured/IMG0000322.jpg,Non_fractured,EXCLUDE,N/A,Unclear,No,N/A,Source-labeled non-fractured; no fracture present (fails inclusion criterion 3).,High,done
Non_fractured/IMG0000323.jpg,Non_fractured,EXCLUDE,N/A,Unclear,No,N/A,Source-labeled non-fractured; no fracture present (fails inclusion criterion 3).,High,done
Non_fractured/IMG0000324.jpg,Non_fractured,EXCLUDE,N/A,Unclear,No,N/A,Source-labeled non-fractured; no fracture present (fails inclusion criterion 3).,High,done
Non_fractured/IMG0000325.jpg,Non_fractured,EXCLUDE,N/A,Unclear,No,N/A,Source-labeled non-fractured; no fracture present (fails inclusion criterion 3).,High,done
Non_fractured/IMG0000326.jpg,Non_fractured,EXCLUDE,N/A,Unclear,No,N/A,Source-labeled non-fractured; no fracture present (fails inclusion criterion 3).,High,done
Non_fractured/IMG0000327.jpg,Non_fractured,EXCLUDE,N/A,Unclear,No,N/A,Source-labeled non-fractured; no fracture present (fails inclusion criterion 3).,High,done
Non_fractured/IMG0000328.jpg,Non_fractured,EXCLUDE,N/A,Unclear,No,N/A,Source-labeled non-fractured; no fracture present (fails inclusion criterion 3).,High,done
Non_fractured/IMG0000329.jpg,Non_fractured,EXCLUDE,N/A,Unclear,No,N/A,Source-labeled non-fractured; no fracture present (fails inclusion criterion 3).,High,done
Non_fractured/IMG0000330.jpg,Non_fractured,EXCLUDE,N/A,Unclear,No,N/A,Source-labeled non-fractured; no fracture present (fails inclusion criterion 3).,High,done
Non_fractured/IMG0000331.jpg,Non_fractured,EXCLUDE,N/A,Unclear,No,N/A,Source-labeled non-fractured; no fracture present (fails inclusion criterion 3).,High,done
Non_fractured/IMG0000332.jpg,Non_fractured,EXCLUDE,N/A,Unclear,No,N/A,Source-labeled non-fractured; no fracture present (fails inclusion criterion 3).,High,done
Non_fractured/IMG0000333.jpg,Non_fractured,EXCLUDE,N/A,Unclear,No,N/A,Source-labeled non-fractured; no fracture present (fails inclusion criterion 3).,High,done
Non_fractured/IMG0000334.jpg,Non_fractured,EXCLUDE,N/A,Unclear,No,N/A,Source-labeled non-fractured; no fracture present (fails inclusion criterion 3).,High,done
Non_fractured/IMG0000335.jpg,Non_fractured,EXCLUDE,N/A,Unclear,No,N/A,Source-labeled non-fractured; no fracture present (fails inclusion criterion 3).,High,done
Non_fractured/IMG0000336.jpg,Non_fractured,EXCLUDE,N/A,Unclear,No,N/A,Source-labeled non-fractured; no fracture present (fails inclusion criterion 3).,High,done
Non_fractured/IMG0000337.jpg,Non_fractured,EXCLUDE,N/A,Unclear,No,N/A,Source-labeled non-fractured; no fracture present (fails inclusion criterion 3).,High,done
Non_fractured/IMG0000338.jpg,Non_fractured,EXCLUDE,N/A,Unclear,No,N/A,Source-labeled non-fractured; no fracture present (fails inclusion criterion 3).,High,done
Non_fractured/IMG0000339.jpg,Non_fractured,EXCLUDE,N/A,Unclear,No,N/A,Source-labeled non-fractured; no fracture present (fails inclusion criterion 3).,High,done
Non_fractured/IMG0000340.jpg,Non_fractured,EXCLUDE,N/A,Unclear,No,N/A,Source-labeled non-fractured; no fracture present (fails inclusion criterion 3).,High,done
Non_fractured/IMG0000342.jpg,Non_fractured,EXCLUDE,N/A,Unclear,No,N/A,Source-labeled non-fractured; no fracture present (fails inclusion criterion 3).,High,done
Non_fractured/IMG0000343.jpg,Non_fractured,EXCLUDE,N/A,Unclear,No,N/A,Source-labeled non-fractured; no fracture present (fails inclusion criterion 3).,High,done
Non_fractured/IMG0000344.jpg,Non_fractured,EXCLUDE,N/A,Unclear,No,N/A,Source-labeled non-fractured; no fracture present (fails inclusion criterion 3).,High,done
Non_fractured/IMG0000345.jpg,Non_fractured,EXCLUDE,N/A,Unclear,No,N/A,Source-labeled non-fractured; no fracture present (fails inclusion criterion 3).,High,done
Non_fractured/IMG0000346.jpg,Non_fractured,EXCLUDE,N/A,Unclear,No,N/A,Source-labeled non-fractured; no fracture present (fails inclusion criterion 3).,High,done
Non_fractured/IMG0000347.jpg,Non_fractured,EXCLUDE,N/A,Unclear,No,N/A,Source-labeled non-fractured; no fracture present (fails inclusion criterion 3).,High,done
Non_fractured/IMG0000348.jpg,Non_fractured,EXCLUDE,N/A,Unclear,No,N/A,Source-labeled non-fractured; no fracture present (fails inclusion criterion 3).,High,done
Non_fractured/IMG0000349.jpg,Non_fractured,EXCLUDE,N/A,Unclear,No,N/A,Source-labeled non-fractured; no fracture present (fails inclusion criterion 3).,High,done
Non_fractured/IMG0000350.jpg,Non_fractured,EXCLUDE,N/A,Unclear,No,N/A,Source-labeled non-fractured; no fracture present (fails inclusion criterion 3).,High,done
Non_fractured/IMG0000353.jpg,Non_fractured,EXCLUDE,N/A,Unclear,No,N/A,Source-labeled non-fractured; no fracture present (fails inclusion criterion 3).,High,done
Non_fractured/IMG0000354.jpg,Non_fractured,EXCLUDE,N/A,Unclear,No,N/A,Source-labeled non-fractured; no fracture present (fails inclusion criterion 3).,High,done
Non_fractured/IMG0000355.jpg,Non_fractured,EXCLUDE,N/A,Unclear,No,N/A,Source-labeled non-fractured; no fracture present (fails inclusion criterion 3).,High,done
Non_fractured/IMG0000356.jpg,Non_fractured,EXCLUDE,N/A,Unclear,No,N/A,Source-labeled non-fractured; no fracture present (fails inclusion criterion 3).,High,done
Non_fractured/IMG0000357.jpg,Non_fractured,EXCLUDE,N/A,Unclear,No,N/A,Source-labeled non-fractured; no fracture present (fails inclusion criterion 3).,High,done
Non_fractured/IMG0000358.jpg,Non_fractured,EXCLUDE,N/A,Unclear,No,N/A,Source-labeled non-fractured; no fracture present (fails inclusion criterion 3).,High,done
Non_fractured/IMG0000359.jpg,Non_fractured,EXCLUDE,N/A,Unclear,No,N/A,Source-labeled non-fractured; no fracture present (fails inclusion criterion 3).,High,done
Non_fractured/IMG0000360.jpg,Non_fractured,EXCLUDE,N/A,Unclear,No,N/A,Source-labeled non-fractured; no fracture present (fails inclusion criterion 3).,High,done
Non_fractured/IMG0000361.jpg,Non_fractured,EXCLUDE,N/A,Unclear,No,N/A,Source-labeled non-fractured; no fracture present (fails inclusion criterion 3).,High,done
Non_fractured/IMG0000362.jpg,Non_fractured,EXCLUDE,N/A,Unclear,No,N/A,Source-labeled non-fractured; no fracture present (fails inclusion criterion 3).,High,done
Non_fractured/IMG0000363.jpg,Non_fractured,EXCLUDE,N/A,Unclear,No,N/A,Source-labeled non-fractured; no fracture present (fails inclusion criterion 3).,High,done
Non_fractured/IMG0000364.jpg,Non_fractured,EXCLUDE,N/A,Unclear,No,N/A,Source-labeled non-fractured; no fracture present (fails inclusion criterion 3).,High,done
Non_fractured/IMG0000365.jpg,Non_fractured,EXCLUDE,N/A,Unclear,No,N/A,Source-labeled non-fractured; no fracture present (fails inclusion criterion 3).,High,done
Non_fractured/IMG0000366.jpg,Non_fractured,EXCLUDE,N/A,Unclear,No,N/A,Source-labeled non-fractured; no fracture present (fails inclusion criterion 3).,High,done
Non_fractured/IMG0000367.jpg,Non_fractured,EXCLUDE,N/A,Unclear,No,N/A,Source-labeled non-fractured; no fracture present (fails inclusion criterion 3).,High,done
Non_fractured/IMG0000368.jpg,Non_fractured,EXCLUDE,N/A,Unclear,No,N/A,Source-labeled non-fractured; no fracture present (fails inclusion criterion 3).,High,done
Non_fractured/IMG0000369.jpg,Non_fractured,EXCLUDE,N/A,Unclear,No,N/A,Source-labeled non-fractured; no fracture present (fails inclusion criterion 3).,High,done
Non_fractured/IMG0000370.jpg,Non_fractured,EXCLUDE,N/A,Unclear,No,N/A,Source-labeled non-fractured; no fracture present (fails inclusion criterion 3).,High,done
Non_fractured/IMG0000371.jpg,Non_fractured,EXCLUDE,N/A,Unclear,No,N/A,Source-labeled non-fractured; no fracture present (fails inclusion criterion 3).,High,done
Non_fractured/IMG0000372.jpg,Non_fractured,EXCLUDE,N/A,Unclear,No,N/A,Source-labeled non-fractured; no fracture present (fails inclusion criterion 3).,High,done
Non_fractured/IMG0000373.jpg,Non_fractured,EXCLUDE,N/A,Unclear,No,N/A,Source-labeled non-fractured; no fracture present (fails inclusion criterion 3).,High,done
Non_fractured/IMG0000374.jpg,Non_fractured,EXCLUDE,N/A,Unclear,No,N/A,Source-labeled non-fractured; no fracture present (fails inclusion criterion 3).,High,done
Non_fractured/IMG0000375.jpg,Non_fractured,EXCLUDE,N/A,Unclear,No,N/A,Source-labeled non-fractured; no fracture present (fails inclusion criterion 3).,High,done
Non_fractured/IMG0000376.jpg,Non_fractured,EXCLUDE,N/A,Unclear,No,N/A,Source-labeled non-fractured; no fracture present (fails inclusion criterion 3).,High,done
Non_fractured/IMG0000377.jpg,Non_fractured,EXCLUDE,N/A,Unclear,No,N/A,Source-labeled non-fractured; no fracture present (fails inclusion criterion 3).,High,done
Non_fractured/IMG0000378.jpg,Non_fractured,EXCLUDE,N/A,Unclear,No,N/A,Source-labeled non-fractured; no fracture present (fails inclusion criterion 3).,High,done
Non_fractured/IMG0000379.jpg,Non_fractured,EXCLUDE,N/A,Unclear,No,N/A,Source-labeled non-fractured; no fracture present (fails inclusion criterion 3).,High,done
Non_fractured/IMG0000380.jpg,Non_fractured,EXCLUDE,N/A,Unclear,No,N/A,Source-labeled non-fractured; no fracture present (fails inclusion criterion 3).,High,done
Non_fractured/IMG0000381.jpg,Non_fractured,EXCLUDE,N/A,Unclear,No,N/A,Source-labeled non-fractured; no fracture present (fails inclusion criterion 3).,High,done
Non_fractured/IMG0000382.jpg,Non_fractured,EXCLUDE,N/A,Unclear,No,N/A,Source-labeled non-fractured; no fracture present (fails inclusion criterion 3).,High,done
Non_fractured/IMG0000383.jpg,Non_fractured,EXCLUDE,N/A,Unclear,No,N/A,Source-labeled non-fractured; no fracture present (fails inclusion criterion 3).,High,done
Non_fractured/IMG0000384.jpg,Non_fractured,EXCLUDE,N/A,Unclear,No,N/A,Source-labeled non-fractured; no fracture present (fails inclusion criterion 3).,High,done
Non_fractured/IMG0000385.jpg,Non_fractured,EXCLUDE,N/A,Unclear,No,N/A,Source-labeled non-fractured; no fracture present (fails inclusion criterion 3).,High,done
Non_fractured/IMG0000386.jpg,Non_fractured,EXCLUDE,N/A,Unclear,No,N/A,Source-labeled non-fractured; no fracture present (fails inclusion criterion 3).,High,done
Non_fractured/IMG0000387.jpg,Non_fractured,EXCLUDE,N/A,Unclear,No,N/A,Source-labeled non-fractured; no fracture present (fails inclusion criterion 3).,High,done
Non_fractured/IMG0000388.jpg,Non_fractured,EXCLUDE,N/A,Unclear,No,N/A,Source-labeled non-fractured; no fracture present (fails inclusion criterion 3).,High,done
Non_fractured/IMG0000389.jpg,Non_fractured,EXCLUDE,N/A,Unclear,No,N/A,Source-labeled non-fractured; no fracture present (fails inclusion criterion 3).,High,done
Non_fractured/IMG0000390.jpg,Non_fractured,EXCLUDE,N/A,Unclear,No,N/A,Source-labeled non-fractured; no fracture present (fails inclusion criterion 3).,High,done
Non_fractured/IMG0000391.jpg,Non_fractured,EXCLUDE,N/A,Unclear,No,N/A,Source-labeled non-fractured; no fracture present (fails inclusion criterion 3).,High,done
Non_fractured/IMG0000392.jpg,Non_fractured,EXCLUDE,N/A,Unclear,No,N/A,Source-labeled non-fractured; no fracture present (fails inclusion criterion 3).,High,done
Non_fractured/IMG0000393.jpg,Non_fractured,EXCLUDE,N/A,Unclear,No,N/A,Source-labeled non-fractured; no fracture present (fails inclusion criterion 3).,High,done
Non_fractured/IMG0000394.jpg,Non_fractured,EXCLUDE,N/A,Unclear,No,N/A,Source-labeled non-fractured; no fracture present (fails inclusion criterion 3).,High,done
Non_fractured/IMG0000395.jpg,Non_fractured,EXCLUDE,N/A,Unclear,No,N/A,Source-labeled non-fractured; no fracture present (fails inclusion criterion 3).,High,done
Non_fractured/IMG0000396.jpg,Non_fractured,EXCLUDE,N/A,Unclear,No,N/A,Source-labeled non-fractured; no fracture present (fails inclusion criterion 3).,High,done
Non_fractured/IMG0000397.jpg,Non_fractured,EXCLUDE,N/A,Unclear,No,N/A,Source-labeled non-fractured; no fracture present (fails inclusion criterion 3).,High,done
Non_fractured/IMG0000398.jpg,Non_fractured,EXCLUDE,N/A,Unclear,No,N/A,Source-labeled non-fractured; no fracture present (fails inclusion criterion 3).,High,done
Non_fractured/IMG0000399.jpg,Non_fractured,EXCLUDE,N/A,Unclear,No,N/A,Source-labeled non-fractured; no fracture present (fails inclusion criterion 3).,High,done
Non_fractured/IMG0000400.jpg,Non_fractured,EXCLUDE,N/A,Unclear,No,N/A,Source-labeled non-fractured; no fracture present (fails inclusion criterion 3).,High,done
Non_fractured/IMG0000401.jpg,Non_fractured,EXCLUDE,N/A,Unclear,No,N/A,Source-labeled non-fractured; no fracture present (fails inclusion criterion 3).,High,done
Non_fractured/IMG0000402.jpg,Non_fractured,EXCLUDE,N/A,Unclear,No,N/A,Source-labeled non-fractured; no fracture present (fails inclusion criterion 3).,High,done
Non_fractured/IMG0000403.jpg,Non_fractured,EXCLUDE,N/A,Unclear,No,N/A,Source-labeled non-fractured; no fracture present (fails inclusion criterion 3).,High,done
Non_fractured/IMG0000404.jpg,Non_fractured,EXCLUDE,N/A,Unclear,No,N/A,Source-labeled non-fractured; no fracture present (fails inclusion criterion 3).,High,done
Non_fractured/IMG0000405.jpg,Non_fractured,EXCLUDE,N/A,Unclear,No,N/A,Source-labeled non-fractured; no fracture present (fails inclusion criterion 3).,High,done
Non_fractured/IMG0000406.jpg,Non_fractured,EXCLUDE,N/A,Unclear,No,N/A,Source-labeled non-fractured; no fracture present (fails inclusion criterion 3).,High,done
Non_fractured/IMG0000407.jpg,Non_fractured,EXCLUDE,N/A,Unclear,No,N/A,Source-labeled non-fractured; no fracture present (fails inclusion criterion 3).,High,done
Non_fractured/IMG0000408.jpg,Non_fractured,EXCLUDE,N/A,Unclear,No,N/A,Source-labeled non-fractured; no fracture present (fails inclusion criterion 3).,High,done
Non_fractured/IMG0000409.jpg,Non_fractured,EXCLUDE,N/A,Unclear,No,N/A,Source-labeled non-fractured; no fracture present (fails inclusion criterion 3).,High,done
Non_fractured/IMG0000410.jpg,Non_fractured,EXCLUDE,N/A,Unclear,No,N/A,Source-labeled non-fractured; no fracture present (fails inclusion criterion 3).,High,done
Non_fractured/IMG0000411.jpg,Non_fractured,EXCLUDE,N/A,Unclear,No,N/A,Source-labeled non-fractured; no fracture present (fails inclusion criterion 3).,High,done
Non_fractured/IMG0000412.jpg,Non_fractured,EXCLUDE,N/A,Unclear,No,N/A,Source-labeled non-fractured; no fracture present (fails inclusion criterion 3).,High,done
Non_fractured/IMG0000413.jpg,Non_fractured,EXCLUDE,N/A,Unclear,No,N/A,Source-labeled non-fractured; no fracture present (fails inclusion criterion 3).,High,done
Non_fractured/IMG0000414.jpg,Non_fractured,EXCLUDE,N/A,Unclear,No,N/A,Source-labeled non-fractured; no fracture present (fails inclusion criterion 3).,High,done
Non_fractured/IMG0000415.jpg,Non_fractured,EXCLUDE,N/A,Unclear,No,N/A,Source-labeled non-fractured; no fracture present (fails inclusion criterion 3).,High,done
Non_fractured/IMG0000416.jpg,Non_fractured,EXCLUDE,N/A,Unclear,No,N/A,Source-labeled non-fractured; no fracture present (fails inclusion criterion 3).,High,done
Non_fractured/IMG0000417.jpg,Non_fractured,EXCLUDE,N/A,Unclear,No,N/A,Source-labeled non-fractured; no fracture present (fails inclusion criterion 3).,High,done
Non_fractured/IMG0000418.jpg,Non_fractured,EXCLUDE,N/A,Unclear,No,N/A,Source-labeled non-fractured; no fracture present (fails inclusion criterion 3).,High,done
Non_fractured/IMG0000419.jpg,Non_fractured,EXCLUDE,N/A,Unclear,No,N/A,Source-labeled non-fractured; no fracture present (fails inclusion criterion 3).,High,done
Non_fractured/IMG0000420.jpg,Non_fractured,EXCLUDE,N/A,Unclear,No,N/A,Source-labeled non-fractured; no fracture present (fails inclusion criterion 3).,High,done
Non_fractured/IMG0000421.jpg,Non_fractured,EXCLUDE,N/A,Unclear,No,N/A,Source-labeled non-fractured; no fracture present (fails inclusion criterion 3).,High,done
Non_fractured/IMG0000422.jpg,Non_fractured,EXCLUDE,N/A,Unclear,No,N/A,Source-labeled non-fractured; no fracture present (fails inclusion criterion 3).,High,done
Non_fractured/IMG0000423.jpg,Non_fractured,EXCLUDE,N/A,Unclear,No,N/A,Source-labeled non-fractured; no fracture present (fails inclusion criterion 3).,High,done
Non_fractured/IMG0000424.jpg,Non_fractured,EXCLUDE,N/A,Unclear,No,N/A,Source-labeled non-fractured; no fracture present (fails inclusion criterion 3).,High,done
Non_fractured/IMG0000425.jpg,Non_fractured,EXCLUDE,N/A,Unclear,No,N/A,Source-labeled non-fractured; no fracture present (fails inclusion criterion 3).,High,done
Non_fractured/IMG0000426.jpg,Non_fractured,EXCLUDE,N/A,Unclear,No,N/A,Source-labeled non-fractured; no fracture present (fails inclusion criterion 3).,High,done
Non_fractured/IMG0000427.jpg,Non_fractured,EXCLUDE,N/A,Unclear,No,N/A,Source-labeled non-fractured; no fracture present (fails inclusion criterion 3).,High,done
Non_fractured/IMG0000428.jpg,Non_fractured,EXCLUDE,N/A,Unclear,No,N/A,Source-labeled non-fractured; no fracture present (fails inclusion criterion 3).,High,done
Non_fractured/IMG0000429.jpg,Non_fractured,EXCLUDE,N/A,Unclear,No,N/A,Source-labeled non-fractured; no fracture present (fails inclusion criterion 3).,High,done
Non_fractured/IMG0000430.jpg,Non_fractured,EXCLUDE,N/A,Unclear,No,N/A,Source-labeled non-fractured; no fracture present (fails inclusion criterion 3).,High,done
Non_fractured/IMG0000431.jpg,Non_fractured,EXCLUDE,N/A,Unclear,No,N/A,Source-labeled non-fractured; no fracture present (fails inclusion criterion 3).,High,done
Non_fractured/IMG0000432.jpg,Non_fractured,EXCLUDE,N/A,Unclear,No,N/A,Source-labeled non-fractured; no fracture present (fails inclusion criterion 3).,High,done
Non_fractured/IMG0000433.jpg,Non_fractured,EXCLUDE,N/A,Unclear,No,N/A,Source-labeled non-fractured; no fracture present (fails inclusion criterion 3).,High,done
Non_fractured/IMG0000434.jpg,Non_fractured,EXCLUDE,N/A,Unclear,No,N/A,Source-labeled non-fractured; no fracture present (fails inclusion criterion 3).,High,done
Non_fractured/IMG0000435.jpg,Non_fractured,EXCLUDE,N/A,Unclear,No,N/A,Source-labeled non-fractured; no fracture present (fails inclusion criterion 3).,High,done
Non_fractured/IMG0000436.jpg,Non_fractured,EXCLUDE,N/A,Unclear,No,N/A,Source-labeled non-fractured; no fracture present (fails inclusion criterion 3).,High,done
Non_fractured/IMG0000437.jpg,Non_fractured,EXCLUDE,N/A,Unclear,No,N/A,Source-labeled non-fractured; no fracture present (fails inclusion criterion 3).,High,done
Non_fractured/IMG0000438.jpg,Non_fractured,EXCLUDE,N/A,Unclear,No,N/A,Source-labeled non-fractured; no fracture present (fails inclusion criterion 3).,High,done
Non_fractured/IMG0000439.jpg,Non_fractured,EXCLUDE,N/A,Unclear,No,N/A,Source-labeled non-fractured; no fracture present (fails inclusion criterion 3).,High,done
Non_fractured/IMG0000440.jpg,Non_fractured,EXCLUDE,N/A,Unclear,No,N/A,Source-labeled non-fractured; no fracture present (fails inclusion criterion 3).,High,done
Non_fractured/IMG0000441.jpg,Non_fractured,EXCLUDE,N/A,Unclear,No,N/A,Source-labeled non-fractured; no fracture present (fails inclusion criterion 3).,High,done
Non_fractured/IMG0000445.jpg,Non_fractured,EXCLUDE,N/A,Unclear,No,N/A,Source-labeled non-fractured; no fracture present (fails inclusion criterion 3).,High,done
Non_fractured/IMG0000446.jpg,Non_fractured,EXCLUDE,N/A,Unclear,No,N/A,Source-labeled non-fractured; no fracture present (fails inclusion criterion 3).,High,done
Non_fractured/IMG0000447.jpg,Non_fractured,EXCLUDE,N/A,Unclear,No,N/A,Source-labeled non-fractured; no fracture present (fails inclusion criterion 3).,High,done
Non_fractured/IMG0000448.jpg,Non_fractured,EXCLUDE,N/A,Unclear,No,N/A,Source-labeled non-fractured; no fracture present (fails inclusion criterion 3).,High,done
Non_fractured/IMG0000449.jpg,Non_fractured,EXCLUDE,N/A,Unclear,No,N/A,Source-labeled non-fractured; no fracture present (fails inclusion criterion 3).,High,done
Non_fractured/IMG0000450.jpg,Non_fractured,EXCLUDE,N/A,Unclear,No,N/A,Source-labeled non-fractured; no fracture present (fails inclusion criterion 3).,High,done
Non_fractured/IMG0000451.jpg,Non_fractured,EXCLUDE,N/A,Unclear,No,N/A,Source-labeled non-fractured; no fracture present (fails inclusion criterion 3).,High,done
Non_fractured/IMG0000452.jpg,Non_fractured,EXCLUDE,N/A,Unclear,No,N/A,Source-labeled non-fractured; no fracture present (fails inclusion criterion 3).,High,done
Non_fractured/IMG0000457.jpg,Non_fractured,EXCLUDE,N/A,Unclear,No,N/A,Source-labeled non-fractured; no fracture present (fails inclusion criterion 3).,High,done
Non_fractured/IMG0000458.jpg,Non_fractured,EXCLUDE,N/A,Unclear,No,N/A,Source-labeled non-fractured; no fracture present (fails inclusion criterion 3).,High,done
Non_fractured/IMG0000459.jpg,Non_fractured,EXCLUDE,N/A,Unclear,No,N/A,Source-labeled non-fractured; no fracture present (fails inclusion criterion 3).,High,done
Non_fractured/IMG0000460.jpg,Non_fractured,EXCLUDE,N/A,Unclear,No,N/A,Source-labeled non-fractured; no fracture present (fails inclusion criterion 3).,High,done
Non_fractured/IMG0000461.jpg,Non_fractured,EXCLUDE,N/A,Unclear,No,N/A,Source-labeled non-fractured; no fracture present (fails inclusion criterion 3).,High,done
Non_fractured/IMG0000462.jpg,Non_fractured,EXCLUDE,N/A,Unclear,No,N/A,Source-labeled non-fractured; no fracture present (fails inclusion criterion 3).,High,done
Non_fractured/IMG0000463.jpg,Non_fractured,EXCLUDE,N/A,Unclear,No,N/A,Source-labeled non-fractured; no fracture present (fails inclusion criterion 3).,High,done
Non_fractured/IMG0000464.jpg,Non_fractured,EXCLUDE,N/A,Unclear,No,N/A,Source-labeled non-fractured; no fracture present (fails inclusion criterion 3).,High,done
Non_fractured/IMG0000465.jpg,Non_fractured,EXCLUDE,N/A,Unclear,No,N/A,Source-labeled non-fractured; no fracture present (fails inclusion criterion 3).,High,done
Non_fractured/IMG0000473.jpg,Non_fractured,EXCLUDE,N/A,Unclear,No,N/A,Source-labeled non-fractured; no fracture present (fails inclusion criterion 3).,High,done
Non_fractured/IMG0000474.jpg,Non_fractured,EXCLUDE,N/A,Unclear,No,N/A,Source-labeled non-fractured; no fracture present (fails inclusion criterion 3).,High,done
Non_fractured/IMG0000475.jpg,Non_fractured,EXCLUDE,N/A,Unclear,No,N/A,Source-labeled non-fractured; no fracture present (fails inclusion criterion 3).,High,done
Non_fractured/IMG0000476.jpg,Non_fractured,EXCLUDE,N/A,Unclear,No,N/A,Source-labeled non-fractured; no fracture present (fails inclusion criterion 3).,High,done
Non_fractured/IMG0000477.jpg,Non_fractured,EXCLUDE,N/A,Unclear,No,N/A,Source-labeled non-fractured; no fracture present (fails inclusion criterion 3).,High,done
Non_fractured/IMG0000478.jpg,Non_fractured,EXCLUDE,N/A,Unclear,No,N/A,Source-labeled non-fractured; no fracture present (fails inclusion criterion 3).,High,done
Non_fractured/IMG0000481.jpg,Non_fractured,EXCLUDE,N/A,Unclear,No,N/A,Source-labeled non-fractured; no fracture present (fails inclusion criterion 3).,High,done
Non_fractured/IMG0000482.jpg,Non_fractured,EXCLUDE,N/A,Unclear,No,N/A,Source-labeled non-fractured; no fracture present (fails inclusion criterion 3).,High,done
Non_fractured/IMG0000483.jpg,Non_fractured,EXCLUDE,N/A,Unclear,No,N/A,Source-labeled non-fractured; no fracture present (fails inclusion criterion 3).,High,done
Non_fractured/IMG0000484.jpg,Non_fractured,EXCLUDE,N/A,Unclear,No,N/A,Source-labeled non-fractured; no fracture present (fails inclusion criterion 3).,High,done
Non_fractured/IMG0000485.jpg,Non_fractured,EXCLUDE,N/A,Unclear,No,N/A,Source-labeled non-fractured; no fracture present (fails inclusion criterion 3).,High,done
Non_fractured/IMG0000488.jpg,Non_fractured,EXCLUDE,N/A,Unclear,No,N/A,Source-labeled non-fractured; no fracture present (fails inclusion criterion 3).,High,done
Non_fractured/IMG0000489.jpg,Non_fractured,EXCLUDE,N/A,Unclear,No,N/A,Source-labeled non-fractured; no fracture present (fails inclusion criterion 3).,High,done
Non_fractured/IMG0000490.jpg,Non_fractured,EXCLUDE,N/A,Unclear,No,N/A,Source-labeled non-fractured; no fracture present (fails inclusion criterion 3).,High,done
Non_fractured/IMG0000491.jpg,Non_fractured,EXCLUDE,N/A,Unclear,No,N/A,Source-labeled non-fractured; no fracture present (fails inclusion criterion 3).,High,done
Non_fractured/IMG0000492.jpg,Non_fractured,EXCLUDE,N/A,Unclear,No,N/A,Source-labeled non-fractured; no fracture present (fails inclusion criterion 3).,High,done
Non_fractured/IMG0000493.jpg,Non_fractured,EXCLUDE,N/A,Unclear,No,N/A,Source-labeled non-fractured; no fracture present (fails inclusion criterion 3).,High,done
Non_fractured/IMG0000494.jpg,Non_fractured,EXCLUDE,N/A,Unclear,No,N/A,Source-labeled non-fractured; no fracture present (fails inclusion criterion 3).,High,done
Non_fractured/IMG0000495.jpg,Non_fractured,EXCLUDE,N/A,Unclear,No,N/A,Source-labeled non-fractured; no fracture present (fails inclusion criterion 3).,High,done
Non_fractured/IMG0000496.jpg,Non_fractured,EXCLUDE,N/A,Unclear,No,N/A,Source-labeled non-fractured; no fracture present (fails inclusion criterion 3).,High,done
Non_fractured/IMG0000497.jpg,Non_fractured,EXCLUDE,N/A,Unclear,No,N/A,Source-labeled non-fractured; no fracture present (fails inclusion criterion 3).,High,done
Non_fractured/IMG0000498.jpg,Non_fractured,EXCLUDE,N/A,Unclear,No,N/A,Source-labeled non-fractured; no fracture present (fails inclusion criterion 3).,High,done
Non_fractured/IMG0000499.jpg,Non_fractured,EXCLUDE,N/A,Unclear,No,N/A,Source-labeled non-fractured; no fracture present (fails inclusion criterion 3).,High,done
Non_fractured/IMG0000500.jpg,Non_fractured,EXCLUDE,N/A,Unclear,No,N/A,Source-labeled non-fractured; no fracture present (fails inclusion criterion 3).,High,done
Non_fractured/IMG0000502.jpg,Non_fractured,EXCLUDE,N/A,Unclear,No,N/A,Source-labeled non-fractured; no fracture present (fails inclusion criterion 3).,High,done
Non_fractured/IMG0000503.jpg,Non_fractured,EXCLUDE,N/A,Unclear,No,N/A,Source-labeled non-fractured; no fracture present (fails inclusion criterion 3).,High,done
Non_fractured/IMG0000504.jpg,Non_fractured,EXCLUDE,N/A,Unclear,No,N/A,Source-labeled non-fractured; no fracture present (fails inclusion criterion 3).,High,done
Non_fractured/IMG0000505.jpg,Non_fractured,EXCLUDE,N/A,Unclear,No,N/A,Source-labeled non-fractured; no fracture present (fails inclusion criterion 3).,High,done
Non_fractured/IMG0000506.jpg,Non_fractured,EXCLUDE,N/A,Unclear,No,N/A,Source-labeled non-fractured; no fracture present (fails inclusion criterion 3).,High,done
Non_fractured/IMG0000507.jpg,Non_fractured,EXCLUDE,N/A,Unclear,No,N/A,Source-labeled non-fractured; no fracture present (fails inclusion criterion 3).,High,done
Non_fractured/IMG0000508.jpg,Non_fractured,EXCLUDE,N/A,Unclear,No,N/A,Source-labeled non-fractured; no fracture present (fails inclusion criterion 3).,High,done
Non_fractured/IMG0000509.jpg,Non_fractured,EXCLUDE,N/A,Unclear,No,N/A,Source-labeled non-fractured; no fracture present (fails inclusion criterion 3).,High,done
Non_fractured/IMG0000510.jpg,Non_fractured,EXCLUDE,N/A,Unclear,No,N/A,Source-labeled non-fractured; no fracture present (fails inclusion criterion 3).,High,done
Non_fractured/IMG0000511.jpg,Non_fractured,EXCLUDE,N/A,Unclear,No,N/A,Source-labeled non-fractured; no fracture present (fails inclusion criterion 3).,High,done
Non_fractured/IMG0000512.jpg,Non_fractured,EXCLUDE,N/A,Unclear,No,N/A,Source-labeled non-fractured; no fracture present (fails inclusion criterion 3).,High,done
Non_fractured/IMG0000513.jpg,Non_fractured,EXCLUDE,N/A,Unclear,No,N/A,Source-labeled non-fractured; no fracture present (fails inclusion criterion 3).,High,done
Non_fractured/IMG0000514.jpg,Non_fractured,EXCLUDE,N/A,Unclear,No,N/A,Source-labeled non-fractured; no fracture present (fails inclusion criterion 3).,High,done
Non_fractured/IMG0000515.jpg,Non_fractured,EXCLUDE,N/A,Unclear,No,N/A,Source-labeled non-fractured; no fracture present (fails inclusion criterion 3).,High,done
Non_fractured/IMG0000516.jpg,Non_fractured,EXCLUDE,N/A,Unclear,No,N/A,Source-labeled non-fractured; no fracture present (fails inclusion criterion 3).,High,done
Non_fractured/IMG0000517.jpg,Non_fractured,EXCLUDE,N/A,Unclear,No,N/A,Source-labeled non-fractured; no fracture present (fails inclusion criterion 3).,High,done
Non_fractured/IMG0000518.jpg,Non_fractured,EXCLUDE,N/A,Unclear,No,N/A,Source-labeled non-fractured; no fracture present (fails inclusion criterion 3).,High,done
Non_fractured/IMG0000519.jpg,Non_fractured,EXCLUDE,N/A,Unclear,No,N/A,Source-labeled non-fractured; no fracture present (fails inclusion criterion 3).,High,done
Non_fractured/IMG0000520.jpg,Non_fractured,EXCLUDE,N/A,Unclear,No,N/A,Source-labeled non-fractured; no fracture present (fails inclusion criterion 3).,High,done
Non_fractured/IMG0000521.jpg,Non_fractured,EXCLUDE,N/A,Unclear,No,N/A,Source-labeled non-fractured; no fracture present (fails inclusion criterion 3).,High,done
Non_fractured/IMG0000522.jpg,Non_fractured,EXCLUDE,N/A,Unclear,No,N/A,Source-labeled non-fractured; no fracture present (fails inclusion criterion 3).,High,done
Non_fractured/IMG0000523.jpg,Non_fractured,EXCLUDE,N/A,Unclear,No,N/A,Source-labeled non-fractured; no fracture present (fails inclusion criterion 3).,High,done
Non_fractured/IMG0000524.jpg,Non_fractured,EXCLUDE,N/A,Unclear,No,N/A,Source-labeled non-fractured; no fracture present (fails inclusion criterion 3).,High,done
Non_fractured/IMG0000525.jpg,Non_fractured,EXCLUDE,N/A,Unclear,No,N/A,Source-labeled non-fractured; no fracture present (fails inclusion criterion 3).,High,done
Non_fractured/IMG0000526.jpg,Non_fractured,EXCLUDE,N/A,Unclear,No,N/A,Source-labeled non-fractured; no fracture present (fails inclusion criterion 3).,High,done
Non_fractured/IMG0000527.jpg,Non_fractured,EXCLUDE,N/A,Unclear,No,N/A,Source-labeled non-fractured; no fracture present (fails inclusion criterion 3).,High,done
Non_fractured/IMG0000528.jpg,Non_fractured,EXCLUDE,N/A,Unclear,No,N/A,Source-labeled non-fractured; no fracture present (fails inclusion criterion 3).,High,done
Non_fractured/IMG0000529.jpg,Non_fractured,EXCLUDE,N/A,Unclear,No,N/A,Source-labeled non-fractured; no fracture present (fails inclusion criterion 3).,High,done
Non_fractured/IMG0000530.jpg,Non_fractured,EXCLUDE,N/A,Unclear,No,N/A,Source-labeled non-fractured; no fracture present (fails inclusion criterion 3).,High,done
Non_fractured/IMG0000531.jpg,Non_fractured,EXCLUDE,N/A,Unclear,No,N/A,Source-labeled non-fractured; no fracture present (fails inclusion criterion 3).,High,done
Non_fractured/IMG0000532.jpg,Non_fractured,EXCLUDE,N/A,Unclear,No,N/A,Source-labeled non-fractured; no fracture present (fails inclusion criterion 3).,High,done
Non_fractured/IMG0000533.jpg,Non_fractured,EXCLUDE,N/A,Unclear,No,N/A,Source-labeled non-fractured; no fracture present (fails inclusion criterion 3).,High,done
Non_fractured/IMG0000534.jpg,Non_fractured,EXCLUDE,N/A,Unclear,No,N/A,Source-labeled non-fractured; no fracture present (fails inclusion criterion 3).,High,done
Non_fractured/IMG0000535.jpg,Non_fractured,EXCLUDE,N/A,Unclear,No,N/A,Source-labeled non-fractured; no fracture present (fails inclusion criterion 3).,High,done
Non_fractured/IMG0000536.jpg,Non_fractured,EXCLUDE,N/A,Unclear,No,N/A,Source-labeled non-fractured; no fracture present (fails inclusion criterion 3).,High,done
Non_fractured/IMG0000537.jpg,Non_fractured,EXCLUDE,N/A,Unclear,No,N/A,Source-labeled non-fractured; no fracture present (fails inclusion criterion 3).,High,done
Non_fractured/IMG0000538.jpg,Non_fractured,EXCLUDE,N/A,Unclear,No,N/A,Source-labeled non-fractured; no fracture present (fails inclusion criterion 3).,High,done
Non_fractured/IMG0000539.jpg,Non_fractured,EXCLUDE,N/A,Unclear,No,N/A,Source-labeled non-fractured; no fracture present (fails inclusion criterion 3).,High,done
Non_fractured/IMG0000540.jpg,Non_fractured,EXCLUDE,N/A,Unclear,No,N/A,Source-labeled non-fractured; no fracture present (fails inclusion criterion 3).,High,done
Non_fractured/IMG0000541.jpg,Non_fractured,EXCLUDE,N/A,Unclear,No,N/A,Source-labeled non-fractured; no fracture present (fails inclusion criterion 3).,High,done
Non_fractured/IMG0000542.jpg,Non_fractured,EXCLUDE,N/A,Unclear,No,N/A,Source-labeled non-fractured; no fracture present (fails inclusion criterion 3).,High,done
Non_fractured/IMG0000543.jpg,Non_fractured,EXCLUDE,N/A,Unclear,No,N/A,Source-labeled non-fractured; no fracture present (fails inclusion criterion 3).,High,done
Non_fractured/IMG0000544.jpg,Non_fractured,EXCLUDE,N/A,Unclear,No,N/A,Source-labeled non-fractured; no fracture present (fails inclusion criterion 3).,High,done
Non_fractured/IMG0000545.jpg,Non_fractured,EXCLUDE,N/A,Unclear,No,N/A,Source-labeled non-fractured; no fracture present (fails inclusion criterion 3).,High,done
Non_fractured/IMG0000546.jpg,Non_fractured,EXCLUDE,N/A,Unclear,No,N/A,Source-labeled non-fractured; no fracture present (fails inclusion criterion 3).,High,done
Non_fractured/IMG0000547.jpg,Non_fractured,EXCLUDE,N/A,Unclear,No,N/A,Source-labeled non-fractured; no fracture present (fails inclusion criterion 3).,High,done
Non_fractured/IMG0000548.jpg,Non_fractured,EXCLUDE,N/A,Unclear,No,N/A,Source-labeled non-fractured; no fracture present (fails inclusion criterion 3).,High,done
Non_fractured/IMG0000549.jpg,Non_fractured,EXCLUDE,N/A,Unclear,No,N/A,Source-labeled non-fractured; no fracture present (fails inclusion criterion 3).,High,done
Non_fractured/IMG0000550.jpg,Non_fractured,EXCLUDE,N/A,Unclear,No,N/A,Source-labeled non-fractured; no fracture present (fails inclusion criterion 3).,High,done
Non_fractured/IMG0000551.jpg,Non_fractured,EXCLUDE,N/A,Unclear,No,N/A,Source-labeled non-fractured; no fracture present (fails inclusion criterion 3).,High,done
Non_fractured/IMG0000552.jpg,Non_fractured,EXCLUDE,N/A,Unclear,No,N/A,Source-labeled non-fractured; no fracture present (fails inclusion criterion 3).,High,done
Non_fractured/IMG0000553.jpg,Non_fractured,EXCLUDE,N/A,Unclear,No,N/A,Source-labeled non-fractured; no fracture present (fails inclusion criterion 3).,High,done
Non_fractured/IMG0000554.jpg,Non_fractured,EXCLUDE,N/A,Unclear,No,N/A,Source-labeled non-fractured; no fracture present (fails inclusion criterion 3).,High,done
Non_fractured/IMG0000555.jpg,Non_fractured,EXCLUDE,N/A,Unclear,No,N/A,Source-labeled non-fractured; no fracture present (fails inclusion criterion 3).,High,done
Non_fractured/IMG0000556.jpg,Non_fractured,EXCLUDE,N/A,Unclear,No,N/A,Source-labeled non-fractured; no fracture present (fails inclusion criterion 3).,High,done
Non_fractured/IMG0000557.jpg,Non_fractured,EXCLUDE,N/A,Unclear,No,N/A,Source-labeled non-fractured; no fracture present (fails inclusion criterion 3).,High,done
Non_fractured/IMG0000558.jpg,Non_fractured,EXCLUDE,N/A,Unclear,No,N/A,Source-labeled non-fractured; no fracture present (fails inclusion criterion 3).,High,done
Non_fractured/IMG0000559.jpg,Non_fractured,EXCLUDE,N/A,Unclear,No,N/A,Source-labeled non-fractured; no fracture present (fails inclusion criterion 3).,High,done
Non_fractured/IMG0000560.jpg,Non_fractured,EXCLUDE,N/A,Unclear,No,N/A,Source-labeled non-fractured; no fracture present (fails inclusion criterion 3).,High,done
Non_fractured/IMG0000561.jpg,Non_fractured,EXCLUDE,N/A,Unclear,No,N/A,Source-labeled non-fractured; no fracture present (fails inclusion criterion 3).,High,done
Non_fractured/IMG0000562.jpg,Non_fractured,EXCLUDE,N/A,Unclear,No,N/A,Source-labeled non-fractured; no fracture present (fails inclusion criterion 3).,High,done
Non_fractured/IMG0000563.jpg,Non_fractured,EXCLUDE,N/A,Unclear,No,N/A,Source-labeled non-fractured; no fracture present (fails inclusion criterion 3).,High,done
Non_fractured/IMG0000564.jpg,Non_fractured,EXCLUDE,N/A,Unclear,No,N/A,Source-labeled non-fractured; no fracture present (fails inclusion criterion 3).,High,done
Non_fractured/IMG0000565.jpg,Non_fractured,EXCLUDE,N/A,Unclear,No,N/A,Source-labeled non-fractured; no fracture present (fails inclusion criterion 3).,High,done
Non_fractured/IMG0000566.jpg,Non_fractured,EXCLUDE,N/A,Unclear,No,N/A,Source-labeled non-fractured; no fracture present (fails inclusion criterion 3).,High,done
Non_fractured/IMG0000567.jpg,Non_fractured,EXCLUDE,N/A,Unclear,No,N/A,Source-labeled non-fractured; no fracture present (fails inclusion criterion 3).,High,done
Non_fractured/IMG0000568.jpg,Non_fractured,EXCLUDE,N/A,Unclear,No,N/A,Source-labeled non-fractured; no fracture present (fails inclusion criterion 3).,High,done
Non_fractured/IMG0000569.jpg,Non_fractured,EXCLUDE,N/A,Unclear,No,N/A,Source-labeled non-fractured; no fracture present (fails inclusion criterion 3).,High,done
Non_fractured/IMG0000570.jpg,Non_fractured,EXCLUDE,N/A,Unclear,No,N/A,Source-labeled non-fractured; no fracture present (fails inclusion criterion 3).,High,done
Non_fractured/IMG0000571.jpg,Non_fractured,EXCLUDE,N/A,Unclear,No,N/A,Source-labeled non-fractured; no fracture present (fails inclusion criterion 3).,High,done
Non_fractured/IMG0000572.jpg,Non_fractured,EXCLUDE,N/A,Unclear,No,N/A,Source-labeled non-fractured; no fracture present (fails inclusion criterion 3).,High,done
Non_fractured/IMG0000573.jpg,Non_fractured,EXCLUDE,N/A,Unclear,No,N/A,Source-labeled non-fractured; no fracture present (fails inclusion criterion 3).,High,done
Non_fractured/IMG0000574.jpg,Non_fractured,EXCLUDE,N/A,Unclear,No,N/A,Source-labeled non-fractured; no fracture present (fails inclusion criterion 3).,High,done
Non_fractured/IMG0000575.jpg,Non_fractured,EXCLUDE,N/A,Unclear,No,N/A,Source-labeled non-fractured; no fracture present (fails inclusion criterion 3).,High,done
Non_fractured/IMG0000576.jpg,Non_fractured,EXCLUDE,N/A,Unclear,No,N/A,Source-labeled non-fractured; no fracture present (fails inclusion criterion 3).,High,done
Non_fractured/IMG0000577.jpg,Non_fractured,EXCLUDE,N/A,Unclear,No,N/A,Source-labeled non-fractured; no fracture present (fails inclusion criterion 3).,High,done
Non_fractured/IMG0000578.jpg,Non_fractured,EXCLUDE,N/A,Unclear,No,N/A,Source-labeled non-fractured; no fracture present (fails inclusion criterion 3).,High,done
Non_fractured/IMG0000579.jpg,Non_fractured,EXCLUDE,N/A,Unclear,No,N/A,Source-labeled non-fractured; no fracture present (fails inclusion criterion 3).,High,done
Non_fractured/IMG0000580.jpg,Non_fractured,EXCLUDE,N/A,Unclear,No,N/A,Source-labeled non-fractured; no fracture present (fails inclusion criterion 3).,High,done
Non_fractured/IMG0000581.jpg,Non_fractured,EXCLUDE,N/A,Unclear,No,N/A,Source-labeled non-fractured; no fracture present (fails inclusion criterion 3).,High,done
Non_fractured/IMG0000582.jpg,Non_fractured,EXCLUDE,N/A,Unclear,No,N/A,Source-labeled non-fractured; no fracture present (fails inclusion criterion 3).,High,done
Non_fractured/IMG0000583.jpg,Non_fractured,EXCLUDE,N/A,Unclear,No,N/A,Source-labeled non-fractured; no fracture present (fails inclusion criterion 3).,High,done
Non_fractured/IMG0000584.jpg,Non_fractured,EXCLUDE,N/A,Unclear,No,N/A,Source-labeled non-fractured; no fracture present (fails inclusion criterion 3).,High,done
Non_fractured/IMG0000585.jpg,Non_fractured,EXCLUDE,N/A,Unclear,No,N/A,Source-labeled non-fractured; no fracture present (fails inclusion criterion 3).,High,done
Non_fractured/IMG0000586.jpg,Non_fractured,EXCLUDE,N/A,Unclear,No,N/A,Source-labeled non-fractured; no fracture present (fails inclusion criterion 3).,High,done
Non_fractured/IMG0000587.jpg,Non_fractured,EXCLUDE,N/A,Unclear,No,N/A,Source-labeled non-fractured; no fracture present (fails inclusion criterion 3).,High,done
Non_fractured/IMG0000588.jpg,Non_fractured,EXCLUDE,N/A,Unclear,No,N/A,Source-labeled non-fractured; no fracture present (fails inclusion criterion 3).,High,done
Non_fractured/IMG0000589.jpg,Non_fractured,EXCLUDE,N/A,Unclear,No,N/A,Source-labeled non-fractured; no fracture present (fails inclusion criterion 3).,High,done
Non_fractured/IMG0000590.jpg,Non_fractured,EXCLUDE,N/A,Unclear,No,N/A,Source-labeled non-fractured; no fracture present (fails inclusion criterion 3).,High,done
Non_fractured/IMG0000591.jpg,Non_fractured,EXCLUDE,N/A,Unclear,No,N/A,Source-labeled non-fractured; no fracture present (fails inclusion criterion 3).,High,done
Non_fractured/IMG0000592.jpg,Non_fractured,EXCLUDE,N/A,Unclear,No,N/A,Source-labeled non-fractured; no fracture present (fails inclusion criterion 3).,High,done
Non_fractured/IMG0000593.jpg,Non_fractured,EXCLUDE,N/A,Unclear,No,N/A,Source-labeled non-fractured; no fracture present (fails inclusion criterion 3).,High,done
Non_fractured/IMG0000594.jpg,Non_fractured,EXCLUDE,N/A,Unclear,No,N/A,Source-labeled non-fractured; no fracture present (fails inclusion criterion 3).,High,done
Non_fractured/IMG0000595.jpg,Non_fractured,EXCLUDE,N/A,Unclear,No,N/A,Source-labeled non-fractured; no fracture present (fails inclusion criterion 3).,High,done
Non_fractured/IMG0000596.jpg,Non_fractured,EXCLUDE,N/A,Unclear,No,N/A,Source-labeled non-fractured; no fracture present (fails inclusion criterion 3).,High,done
Non_fractured/IMG0000597.jpg,Non_fractured,EXCLUDE,N/A,Unclear,No,N/A,Source-labeled non-fractured; no fracture present (fails inclusion criterion 3).,High,done
Non_fractured/IMG0000598.jpg,Non_fractured,EXCLUDE,N/A,Unclear,No,N/A,Source-labeled non-fractured; no fracture present (fails inclusion criterion 3).,High,done
Non_fractured/IMG0000601.jpg,Non_fractured,EXCLUDE,N/A,Unclear,No,N/A,Source-labeled non-fractured; no fracture present (fails inclusion criterion 3).,High,done
Non_fractured/IMG0000602.jpg,Non_fractured,EXCLUDE,N/A,Unclear,No,N/A,Source-labeled non-fractured; no fracture present (fails inclusion criterion 3).,High,done
Non_fractured/IMG0000603.jpg,Non_fractured,EXCLUDE,N/A,Unclear,No,N/A,Source-labeled non-fractured; no fracture present (fails inclusion criterion 3).,High,done
Non_fractured/IMG0000604.jpg,Non_fractured,EXCLUDE,N/A,Unclear,No,N/A,Source-labeled non-fractured; no fracture present (fails inclusion criterion 3).,High,done
Non_fractured/IMG0000605.jpg,Non_fractured,EXCLUDE,N/A,Unclear,No,N/A,Source-labeled non-fractured; no fracture present (fails inclusion criterion 3).,High,done
Non_fractured/IMG0000606.jpg,Non_fractured,EXCLUDE,N/A,Unclear,No,N/A,Source-labeled non-fractured; no fracture present (fails inclusion criterion 3).,High,done
Non_fractured/IMG0000607.jpg,Non_fractured,EXCLUDE,N/A,Unclear,No,N/A,Source-labeled non-fractured; no fracture present (fails inclusion criterion 3).,High,done
Non_fractured/IMG0000608.jpg,Non_fractured,EXCLUDE,N/A,Unclear,No,N/A,Source-labeled non-fractured; no fracture present (fails inclusion criterion 3).,High,done
Non_fractured/IMG0000610.jpg,Non_fractured,EXCLUDE,N/A,Unclear,No,N/A,Source-labeled non-fractured; no fracture present (fails inclusion criterion 3).,High,done
Non_fractured/IMG0000611.jpg,Non_fractured,EXCLUDE,N/A,Unclear,No,N/A,Source-labeled non-fractured; no fracture present (fails inclusion criterion 3).,High,done
Non_fractured/IMG0000612.jpg,Non_fractured,EXCLUDE,N/A,Unclear,No,N/A,Source-labeled non-fractured; no fracture present (fails inclusion criterion 3).,High,done
Non_fractured/IMG0000613.jpg,Non_fractured,EXCLUDE,N/A,Unclear,No,N/A,Source-labeled non-fractured; no fracture present (fails inclusion criterion 3).,High,done
Non_fractured/IMG0000614.jpg,Non_fractured,EXCLUDE,N/A,Unclear,No,N/A,Source-labeled non-fractured; no fracture present (fails inclusion criterion 3).,High,done
Non_fractured/IMG0000615.jpg,Non_fractured,EXCLUDE,N/A,Unclear,No,N/A,Source-labeled non-fractured; no fracture present (fails inclusion criterion 3).,High,done
Non_fractured/IMG0000616.jpg,Non_fractured,EXCLUDE,N/A,Unclear,No,N/A,Source-labeled non-fractured; no fracture present (fails inclusion criterion 3).,High,done
Non_fractured/IMG0000617.jpg,Non_fractured,EXCLUDE,N/A,Unclear,No,N/A,Source-labeled non-fractured; no fracture present (fails inclusion criterion 3).,High,done
Non_fractured/IMG0000618.jpg,Non_fractured,EXCLUDE,N/A,Unclear,No,N/A,Source-labeled non-fractured; no fracture present (fails inclusion criterion 3).,High,done
Non_fractured/IMG0000619.jpg,Non_fractured,EXCLUDE,N/A,Unclear,No,N/A,Source-labeled non-fractured; no fracture present (fails inclusion criterion 3).,High,done
Non_fractured/IMG0000620.jpg,Non_fractured,EXCLUDE,N/A,Unclear,No,N/A,Source-labeled non-fractured; no fracture present (fails inclusion criterion 3).,High,done
Non_fractured/IMG0000621.jpg,Non_fractured,EXCLUDE,N/A,Unclear,No,N/A,Source-labeled non-fractured; no fracture present (fails inclusion criterion 3).,High,done
Non_fractured/IMG0000622.jpg,Non_fractured,EXCLUDE,N/A,Unclear,No,N/A,Source-labeled non-fractured; no fracture present (fails inclusion criterion 3).,High,done
Non_fractured/IMG0000623.jpg,Non_fractured,EXCLUDE,N/A,Unclear,No,N/A,Source-labeled non-fractured; no fracture present (fails inclusion criterion 3).,High,done
Non_fractured/IMG0000624.jpg,Non_fractured,EXCLUDE,N/A,Unclear,No,N/A,Source-labeled non-fractured; no fracture present (fails inclusion criterion 3).,High,done
Non_fractured/IMG0000625.jpg,Non_fractured,EXCLUDE,N/A,Unclear,No,N/A,Source-labeled non-fractured; no fracture present (fails inclusion criterion 3).,High,done
Non_fractured/IMG0000626.jpg,Non_fractured,EXCLUDE,N/A,Unclear,No,N/A,Source-labeled non-fractured; no fracture present (fails inclusion criterion 3).,High,done
Non_fractured/IMG0000627.jpg,Non_fractured,EXCLUDE,N/A,Unclear,No,N/A,Source-labeled non-fractured; no fracture present (fails inclusion criterion 3).,High,done
Non_fractured/IMG0000628.jpg,Non_fractured,EXCLUDE,N/A,Unclear,No,N/A,Source-labeled non-fractured; no fracture present (fails inclusion criterion 3).,High,done
Non_fractured/IMG0000629.jpg,Non_fractured,EXCLUDE,N/A,Unclear,No,N/A,Source-labeled non-fractured; no fracture present (fails inclusion criterion 3).,High,done
Non_fractured/IMG0000630.jpg,Non_fractured,EXCLUDE,N/A,Unclear,No,N/A,Source-labeled non-fractured; no fracture present (fails inclusion criterion 3).,High,done
Non_fractured/IMG0000631.jpg,Non_fractured,EXCLUDE,N/A,Unclear,No,N/A,Source-labeled non-fractured; no fracture present (fails inclusion criterion 3).,High,done
Non_fractured/IMG0000632.jpg,Non_fractured,EXCLUDE,N/A,Unclear,No,N/A,Source-labeled non-fractured; no fracture present (fails inclusion criterion 3).,High,done
Non_fractured/IMG0000633.jpg,Non_fractured,EXCLUDE,N/A,Unclear,No,N/A,Source-labeled non-fractured; no fracture present (fails inclusion criterion 3).,High,done
Non_fractured/IMG0000634.jpg,Non_fractured,EXCLUDE,N/A,Unclear,No,N/A,Source-labeled non-fractured; no fracture present (fails inclusion criterion 3).,High,done
Non_fractured/IMG0000635.jpg,Non_fractured,EXCLUDE,N/A,Unclear,No,N/A,Source-labeled non-fractured; no fracture present (fails inclusion criterion 3).,High,done
Non_fractured/IMG0000636.jpg,Non_fractured,EXCLUDE,N/A,Unclear,No,N/A,Source-labeled non-fractured; no fracture present (fails inclusion criterion 3).,High,done
Non_fractured/IMG0000637.jpg,Non_fractured,EXCLUDE,N/A,Unclear,No,N/A,Source-labeled non-fractured; no fracture present (fails inclusion criterion 3).,High,done
Non_fractured/IMG0000638.jpg,Non_fractured,EXCLUDE,N/A,Unclear,No,N/A,Source-labeled non-fractured; no fracture present (fails inclusion criterion 3).,High,done
Non_fractured/IMG0000639.jpg,Non_fractured,EXCLUDE,N/A,Unclear,No,N/A,Source-labeled non-fractured; no fracture present (fails inclusion criterion 3).,High,done
Non_fractured/IMG0000640.jpg,Non_fractured,EXCLUDE,N/A,Unclear,No,N/A,Source-labeled non-fractured; no fracture present (fails inclusion criterion 3).,High,done
Non_fractured/IMG0000641.jpg,Non_fractured,EXCLUDE,N/A,Unclear,No,N/A,Source-labeled non-fractured; no fracture present (fails inclusion criterion 3).,High,done
Non_fractured/IMG0000642.jpg,Non_fractured,EXCLUDE,N/A,Unclear,No,N/A,Source-labeled non-fractured; no fracture present (fails inclusion criterion 3).,High,done
Non_fractured/IMG0000643.jpg,Non_fractured,EXCLUDE,N/A,Unclear,No,N/A,Source-labeled non-fractured; no fracture present (fails inclusion criterion 3).,High,done
Non_fractured/IMG0000644.jpg,Non_fractured,EXCLUDE,N/A,Unclear,No,N/A,Source-labeled non-fractured; no fracture present (fails inclusion criterion 3).,High,done
Non_fractured/IMG0000645.jpg,Non_fractured,EXCLUDE,N/A,Unclear,No,N/A,Source-labeled non-fractured; no fracture present (fails inclusion criterion 3).,High,done
Non_fractured/IMG0000646.jpg,Non_fractured,EXCLUDE,N/A,Unclear,No,N/A,Source-labeled non-fractured; no fracture present (fails inclusion criterion 3).,High,done
Non_fractured/IMG0000647.jpg,Non_fractured,EXCLUDE,N/A,Unclear,No,N/A,Source-labeled non-fractured; no fracture present (fails inclusion criterion 3).,High,done
Non_fractured/IMG0000648.jpg,Non_fractured,EXCLUDE,N/A,Unclear,No,N/A,Source-labeled non-fractured; no fracture present (fails inclusion criterion 3).,High,done
Non_fractured/IMG0000649.jpg,Non_fractured,EXCLUDE,N/A,Unclear,No,N/A,Source-labeled non-fractured; no fracture present (fails inclusion criterion 3).,High,done
Non_fractured/IMG0000650.jpg,Non_fractured,EXCLUDE,N/A,Unclear,No,N/A,Source-labeled non-fractured; no fracture present (fails inclusion criterion 3).,High,done
Non_fractured/IMG0000651.jpg,Non_fractured,EXCLUDE,N/A,Unclear,No,N/A,Source-labeled non-fractured; no fracture present (fails inclusion criterion 3).,High,done
Non_fractured/IMG0000652.jpg,Non_fractured,EXCLUDE,N/A,Unclear,No,N/A,Source-labeled non-fractured; no fracture present (fails inclusion criterion 3).,High,done
Non_fractured/IMG0000653.jpg,Non_fractured,EXCLUDE,N/A,Unclear,No,N/A,Source-labeled non-fractured; no fracture present (fails inclusion criterion 3).,High,done
Non_fractured/IMG0000654.jpg,Non_fractured,EXCLUDE,N/A,Unclear,No,N/A,Source-labeled non-fractured; no fracture present (fails inclusion criterion 3).,High,done
Non_fractured/IMG0000655.jpg,Non_fractured,EXCLUDE,N/A,Unclear,No,N/A,Source-labeled non-fractured; no fracture present (fails inclusion criterion 3).,High,done
Non_fractured/IMG0000656.jpg,Non_fractured,EXCLUDE,N/A,Unclear,No,N/A,Source-labeled non-fractured; no fracture present (fails inclusion criterion 3).,High,done
Non_fractured/IMG0000657.jpg,Non_fractured,EXCLUDE,N/A,Unclear,No,N/A,Source-labeled non-fractured; no fracture present (fails inclusion criterion 3).,High,done
Non_fractured/IMG0000658.jpg,Non_fractured,EXCLUDE,N/A,Unclear,No,N/A,Source-labeled non-fractured; no fracture present (fails inclusion criterion 3).,High,done
Non_fractured/IMG0000659.jpg,Non_fractured,EXCLUDE,N/A,Unclear,No,N/A,Source-labeled non-fractured; no fracture present (fails inclusion criterion 3).,High,done
Non_fractured/IMG0000660.jpg,Non_fractured,EXCLUDE,N/A,Unclear,No,N/A,Source-labeled non-fractured; no fracture present (fails inclusion criterion 3).,High,done
Non_fractured/IMG0000661.jpg,Non_fractured,EXCLUDE,N/A,Unclear,No,N/A,Source-labeled non-fractured; no fracture present (fails inclusion criterion 3).,High,done
Non_fractured/IMG0000662.jpg,Non_fractured,EXCLUDE,N/A,Unclear,No,N/A,Source-labeled non-fractured; no fracture present (fails inclusion criterion 3).,High,done
Non_fractured/IMG0000663.jpg,Non_fractured,EXCLUDE,N/A,Unclear,No,N/A,Source-labeled non-fractured; no fracture present (fails inclusion criterion 3).,High,done
Non_fractured/IMG0000664.jpg,Non_fractured,EXCLUDE,N/A,Unclear,No,N/A,Source-labeled non-fractured; no fracture present (fails inclusion criterion 3).,High,done
Non_fractured/IMG0000665.jpg,Non_fractured,EXCLUDE,N/A,Unclear,No,N/A,Source-labeled non-fractured; no fracture present (fails inclusion criterion 3).,High,done
Non_fractured/IMG0000666.jpg,Non_fractured,EXCLUDE,N/A,Unclear,No,N/A,Source-labeled non-fractured; no fracture present (fails inclusion criterion 3).,High,done
Non_fractured/IMG0000667.jpg,Non_fractured,EXCLUDE,N/A,Unclear,No,N/A,Source-labeled non-fractured; no fracture present (fails inclusion criterion 3).,High,done
Non_fractured/IMG0000668.jpg,Non_fractured,EXCLUDE,N/A,Unclear,No,N/A,Source-labeled non-fractured; no fracture present (fails inclusion criterion 3).,High,done
Non_fractured/IMG0000669.jpg,Non_fractured,EXCLUDE,N/A,Unclear,No,N/A,Source-labeled non-fractured; no fracture present (fails inclusion criterion 3).,High,done
Non_fractured/IMG0000670.jpg,Non_fractured,EXCLUDE,N/A,Unclear,No,N/A,Source-labeled non-fractured; no fracture present (fails inclusion criterion 3).,High,done
Non_fractured/IMG0000672.jpg,Non_fractured,EXCLUDE,N/A,Unclear,No,N/A,Source-labeled non-fractured; no fracture present (fails inclusion criterion 3).,High,done
Non_fractured/IMG0000673.jpg,Non_fractured,EXCLUDE,N/A,Unclear,No,N/A,Source-labeled non-fractured; no fracture present (fails inclusion criterion 3).,High,done
Non_fractured/IMG0000674.jpg,Non_fractured,EXCLUDE,N/A,Unclear,No,N/A,Source-labeled non-fractured; no fracture present (fails inclusion criterion 3).,High,done
Non_fractured/IMG0000675.jpg,Non_fractured,EXCLUDE,N/A,Unclear,No,N/A,Source-labeled non-fractured; no fracture present (fails inclusion criterion 3).,High,done
Non_fractured/IMG0000676.jpg,Non_fractured,EXCLUDE,N/A,Unclear,No,N/A,Source-labeled non-fractured; no fracture present (fails inclusion criterion 3).,High,done
Non_fractured/IMG0000677.jpg,Non_fractured,EXCLUDE,N/A,Unclear,No,N/A,Source-labeled non-fractured; no fracture present (fails inclusion criterion 3).,High,done
Non_fractured/IMG0000678.jpg,Non_fractured,EXCLUDE,N/A,Unclear,No,N/A,Source-labeled non-fractured; no fracture present (fails inclusion criterion 3).,High,done
Non_fractured/IMG0000679.jpg,Non_fractured,EXCLUDE,N/A,Unclear,No,N/A,Source-labeled non-fractured; no fracture present (fails inclusion criterion 3).,High,done
Non_fractured/IMG0000680.jpg,Non_fractured,EXCLUDE,N/A,Unclear,No,N/A,Source-labeled non-fractured; no fracture present (fails inclusion criterion 3).,High,done
Non_fractured/IMG0000681.jpg,Non_fractured,EXCLUDE,N/A,Unclear,No,N/A,Source-labeled non-fractured; no fracture present (fails inclusion criterion 3).,High,done
Non_fractured/IMG0000682.jpg,Non_fractured,EXCLUDE,N/A,Unclear,No,N/A,Source-labeled non-fractured; no fracture present (fails inclusion criterion 3).,High,done
Non_fractured/IMG0000683.jpg,Non_fractured,EXCLUDE,N/A,Unclear,No,N/A,Source-labeled non-fractured; no fracture present (fails inclusion criterion 3).,High,done
Non_fractured/IMG0000684.jpg,Non_fractured,EXCLUDE,N/A,Unclear,No,N/A,Source-labeled non-fractured; no fracture present (fails inclusion criterion 3).,High,done
Non_fractured/IMG0000685.jpg,Non_fractured,EXCLUDE,N/A,Unclear,No,N/A,Source-labeled non-fractured; no fracture present (fails inclusion criterion 3).,High,done
Non_fractured/IMG0000686.jpg,Non_fractured,EXCLUDE,N/A,Unclear,No,N/A,Source-labeled non-fractured; no fracture present (fails inclusion criterion 3).,High,done
Non_fractured/IMG0000687.jpg,Non_fractured,EXCLUDE,N/A,Unclear,No,N/A,Source-labeled non-fractured; no fracture present (fails inclusion criterion 3).,High,done
Non_fractured/IMG0000688.jpg,Non_fractured,EXCLUDE,N/A,Unclear,No,N/A,Source-labeled non-fractured; no fracture present (fails inclusion criterion 3).,High,done
Non_fractured/IMG0000689.jpg,Non_fractured,EXCLUDE,N/A,Unclear,No,N/A,Source-labeled non-fractured; no fracture present (fails inclusion criterion 3).,High,done
Non_fractured/IMG0000690.jpg,Non_fractured,EXCLUDE,N/A,Unclear,No,N/A,Source-labeled non-fractured; no fracture present (fails inclusion criterion 3).,High,done
Non_fractured/IMG0000691.jpg,Non_fractured,EXCLUDE,N/A,Unclear,No,N/A,Source-labeled non-fractured; no fracture present (fails inclusion criterion 3).,High,done
Non_fractured/IMG0000693.jpg,Non_fractured,EXCLUDE,N/A,Unclear,No,N/A,Source-labeled non-fractured; no fracture present (fails inclusion criterion 3).,High,done
Non_fractured/IMG0000694.jpg,Non_fractured,EXCLUDE,N/A,Unclear,No,N/A,Source-labeled non-fractured; no fracture present (fails inclusion criterion 3).,High,done
Non_fractured/IMG0000695.jpg,Non_fractured,EXCLUDE,N/A,Unclear,No,N/A,Source-labeled non-fractured; no fracture present (fails inclusion criterion 3).,High,done
Non_fractured/IMG0000696.jpg,Non_fractured,EXCLUDE,N/A,Unclear,No,N/A,Source-labeled non-fractured; no fracture present (fails inclusion criterion 3).,High,done
Non_fractured/IMG0000697.jpg,Non_fractured,EXCLUDE,N/A,Unclear,No,N/A,Source-labeled non-fractured; no fracture present (fails inclusion criterion 3).,High,done
Non_fractured/IMG0000698.jpg,Non_fractured,EXCLUDE,N/A,Unclear,No,N/A,Source-labeled non-fractured; no fracture present (fails inclusion criterion 3).,High,done
Non_fractured/IMG0000699.jpg,Non_fractured,EXCLUDE,N/A,Unclear,No,N/A,Source-labeled non-fractured; no fracture present (fails inclusion criterion 3).,High,done
Non_fractured/IMG0000700.jpg,Non_fractured,EXCLUDE,N/A,Unclear,No,N/A,Source-labeled non-fractured; no fracture present (fails inclusion criterion 3).,High,done
Non_fractured/IMG0000701.jpg,Non_fractured,EXCLUDE,N/A,Unclear,No,N/A,Source-labeled non-fractured; no fracture present (fails inclusion criterion 3).,High,done
Non_fractured/IMG0000703.jpg,Non_fractured,EXCLUDE,N/A,Unclear,No,N/A,Source-labeled non-fractured; no fracture present (fails inclusion criterion 3).,High,done
Non_fractured/IMG0000704.jpg,Non_fractured,EXCLUDE,N/A,Unclear,No,N/A,Source-labeled non-fractured; no fracture present (fails inclusion criterion 3).,High,done
Non_fractured/IMG0000705.jpg,Non_fractured,EXCLUDE,N/A,Unclear,No,N/A,Source-labeled non-fractured; no fracture present (fails inclusion criterion 3).,High,done
Non_fractured/IMG0000706.jpg,Non_fractured,EXCLUDE,N/A,Unclear,No,N/A,Source-labeled non-fractured; no fracture present (fails inclusion criterion 3).,High,done
Non_fractured/IMG0000707.jpg,Non_fractured,EXCLUDE,N/A,Unclear,No,N/A,Source-labeled non-fractured; no fracture present (fails inclusion criterion 3).,High,done
Non_fractured/IMG0000708.jpg,Non_fractured,EXCLUDE,N/A,Unclear,No,N/A,Source-labeled non-fractured; no fracture present (fails inclusion criterion 3).,High,done
Non_fractured/IMG0000709.jpg,Non_fractured,EXCLUDE,N/A,Unclear,No,N/A,Source-labeled non-fractured; no fracture present (fails inclusion criterion 3).,High,done
Non_fractured/IMG0000710.jpg,Non_fractured,EXCLUDE,N/A,Unclear,No,N/A,Source-labeled non-fractured; no fracture present (fails inclusion criterion 3).,High,done
Non_fractured/IMG0000711.jpg,Non_fractured,EXCLUDE,N/A,Unclear,No,N/A,Source-labeled non-fractured; no fracture present (fails inclusion criterion 3).,High,done
Non_fractured/IMG0000712.jpg,Non_fractured,EXCLUDE,N/A,Unclear,No,N/A,Source-labeled non-fractured; no fracture present (fails inclusion criterion 3).,High,done
Non_fractured/IMG0000713.jpg,Non_fractured,EXCLUDE,N/A,Unclear,No,N/A,Source-labeled non-fractured; no fracture present (fails inclusion criterion 3).,High,done
Non_fractured/IMG0000714.jpg,Non_fractured,EXCLUDE,N/A,Unclear,No,N/A,Source-labeled non-fractured; no fracture present (fails inclusion criterion 3).,High,done
Non_fractured/IMG0000715.jpg,Non_fractured,EXCLUDE,N/A,Unclear,No,N/A,Source-labeled non-fractured; no fracture present (fails inclusion criterion 3).,High,done
Non_fractured/IMG0000716.jpg,Non_fractured,EXCLUDE,N/A,Unclear,No,N/A,Source-labeled non-fractured; no fracture present (fails inclusion criterion 3).,High,done
Non_fractured/IMG0000717.jpg,Non_fractured,EXCLUDE,N/A,Unclear,No,N/A,Source-labeled non-fractured; no fracture present (fails inclusion criterion 3).,High,done
Non_fractured/IMG0000718.jpg,Non_fractured,EXCLUDE,N/A,Unclear,No,N/A,Source-labeled non-fractured; no fracture present (fails inclusion criterion 3).,High,done
Non_fractured/IMG0000719.jpg,Non_fractured,EXCLUDE,N/A,Unclear,No,N/A,Source-labeled non-fractured; no fracture present (fails inclusion criterion 3).,High,done
Non_fractured/IMG0000720.jpg,Non_fractured,EXCLUDE,N/A,Unclear,No,N/A,Source-labeled non-fractured; no fracture present (fails inclusion criterion 3).,High,done
Non_fractured/IMG0000721.jpg,Non_fractured,EXCLUDE,N/A,Unclear,No,N/A,Source-labeled non-fractured; no fracture present (fails inclusion criterion 3).,High,done
Non_fractured/IMG0000722.jpg,Non_fractured,EXCLUDE,N/A,Unclear,No,N/A,Source-labeled non-fractured; no fracture present (fails inclusion criterion 3).,High,done
Non_fractured/IMG0000723.jpg,Non_fractured,EXCLUDE,N/A,Unclear,No,N/A,Source-labeled non-fractured; no fracture present (fails inclusion criterion 3).,High,done
Non_fractured/IMG0000724.jpg,Non_fractured,EXCLUDE,N/A,Unclear,No,N/A,Source-labeled non-fractured; no fracture present (fails inclusion criterion 3).,High,done
Non_fractured/IMG0000725.jpg,Non_fractured,EXCLUDE,N/A,Unclear,No,N/A,Source-labeled non-fractured; no fracture present (fails inclusion criterion 3).,High,done
Non_fractured/IMG0000726.jpg,Non_fractured,EXCLUDE,N/A,Unclear,No,N/A,Source-labeled non-fractured; no fracture present (fails inclusion criterion 3).,High,done
Non_fractured/IMG0000727.jpg,Non_fractured,EXCLUDE,N/A,Unclear,No,N/A,Source-labeled non-fractured; no fracture present (fails inclusion criterion 3).,High,done
Non_fractured/IMG0000728.jpg,Non_fractured,EXCLUDE,N/A,Unclear,No,N/A,Source-labeled non-fractured; no fracture present (fails inclusion criterion 3).,High,done
Non_fractured/IMG0000729.jpg,Non_fractured,EXCLUDE,N/A,Unclear,No,N/A,Source-labeled non-fractured; no fracture present (fails inclusion criterion 3).,High,done
Non_fractured/IMG0000730.jpg,Non_fractured,EXCLUDE,N/A,Unclear,No,N/A,Source-labeled non-fractured; no fracture present (fails inclusion criterion 3).,High,done
Non_fractured/IMG0000731.jpg,Non_fractured,EXCLUDE,N/A,Unclear,No,N/A,Source-labeled non-fractured; no fracture present (fails inclusion criterion 3).,High,done
Non_fractured/IMG0000732.jpg,Non_fractured,EXCLUDE,N/A,Unclear,No,N/A,Source-labeled non-fractured; no fracture present (fails inclusion criterion 3).,High,done
Non_fractured/IMG0000733.jpg,Non_fractured,EXCLUDE,N/A,Unclear,No,N/A,Source-labeled non-fractured; no fracture present (fails inclusion criterion 3).,High,done
Non_fractured/IMG0000734.jpg,Non_fractured,EXCLUDE,N/A,Unclear,No,N/A,Source-labeled non-fractured; no fracture present (fails inclusion criterion 3).,High,done
Non_fractured/IMG0000735.jpg,Non_fractured,EXCLUDE,N/A,Unclear,No,N/A,Source-labeled non-fractured; no fracture present (fails inclusion criterion 3).,High,done
Non_fractured/IMG0000736.jpg,Non_fractured,EXCLUDE,N/A,Unclear,No,N/A,Source-labeled non-fractured; no fracture present (fails inclusion criterion 3).,High,done
Non_fractured/IMG0000737.jpg,Non_fractured,EXCLUDE,N/A,Unclear,No,N/A,Source-labeled non-fractured; no fracture present (fails inclusion criterion 3).,High,done
Non_fractured/IMG0000738.jpg,Non_fractured,EXCLUDE,N/A,Unclear,No,N/A,Source-labeled non-fractured; no fracture present (fails inclusion criterion 3).,High,done
Non_fractured/IMG0000739.jpg,Non_fractured,EXCLUDE,N/A,Unclear,No,N/A,Source-labeled non-fractured; no fracture present (fails inclusion criterion 3).,High,done
Non_fractured/IMG0000740.jpg,Non_fractured,EXCLUDE,N/A,Unclear,No,N/A,Source-labeled non-fractured; no fracture present (fails inclusion criterion 3).,High,done
Non_fractured/IMG0000741.jpg,Non_fractured,EXCLUDE,N/A,Unclear,No,N/A,Source-labeled non-fractured; no fracture present (fails inclusion criterion 3).,High,done
Non_fractured/IMG0000742.jpg,Non_fractured,EXCLUDE,N/A,Unclear,No,N/A,Source-labeled non-fractured; no fracture present (fails inclusion criterion 3).,High,done
Non_fractured/IMG0000743.jpg,Non_fractured,EXCLUDE,N/A,Unclear,No,N/A,Source-labeled non-fractured; no fracture present (fails inclusion criterion 3).,High,done
Non_fractured/IMG0000744.jpg,Non_fractured,EXCLUDE,N/A,Unclear,No,N/A,Source-labeled non-fractured; no fracture present (fails inclusion criterion 3).,High,done
Non_fractured/IMG0000745.jpg,Non_fractured,EXCLUDE,N/A,Unclear,No,N/A,Source-labeled non-fractured; no fracture present (fails inclusion criterion 3).,High,done
Non_fractured/IMG0000746.jpg,Non_fractured,EXCLUDE,N/A,Unclear,No,N/A,Source-labeled non-fractured; no fracture present (fails inclusion criterion 3).,High,done
Non_fractured/IMG0000747.jpg,Non_fractured,EXCLUDE,N/A,Unclear,No,N/A,Source-labeled non-fractured; no fracture present (fails inclusion criterion 3).,High,done
Non_fractured/IMG0000748.jpg,Non_fractured,EXCLUDE,N/A,Unclear,No,N/A,Source-labeled non-fractured; no fracture present (fails inclusion criterion 3).,High,done
Non_fractured/IMG0000749.jpg,Non_fractured,EXCLUDE,N/A,Unclear,No,N/A,Source-labeled non-fractured; no fracture present (fails inclusion criterion 3).,High,done
Non_fractured/IMG0000752.jpg,Non_fractured,EXCLUDE,N/A,Unclear,No,N/A,Source-labeled non-fractured; no fracture present (fails inclusion criterion 3).,High,done
Non_fractured/IMG0000753.jpg,Non_fractured,EXCLUDE,N/A,Unclear,No,N/A,Source-labeled non-fractured; no fracture present (fails inclusion criterion 3).,High,done
Non_fractured/IMG0000754.jpg,Non_fractured,EXCLUDE,N/A,Unclear,No,N/A,Source-labeled non-fractured; no fracture present (fails inclusion criterion 3).,High,done
Non_fractured/IMG0000755.jpg,Non_fractured,EXCLUDE,N/A,Unclear,No,N/A,Source-labeled non-fractured; no fracture present (fails inclusion criterion 3).,High,done
Non_fractured/IMG0000756.jpg,Non_fractured,EXCLUDE,N/A,Unclear,No,N/A,Source-labeled non-fractured; no fracture present (fails inclusion criterion 3).,High,done
Non_fractured/IMG0000757.jpg,Non_fractured,EXCLUDE,N/A,Unclear,No,N/A,Source-labeled non-fractured; no fracture present (fails inclusion criterion 3).,High,done
Non_fractured/IMG0000759.jpg,Non_fractured,EXCLUDE,N/A,Unclear,No,N/A,Source-labeled non-fractured; no fracture present (fails inclusion criterion 3).,High,done
Non_fractured/IMG0000760.jpg,Non_fractured,EXCLUDE,N/A,Unclear,No,N/A,Source-labeled non-fractured; no fracture present (fails inclusion criterion 3).,High,done
Non_fractured/IMG0000761.jpg,Non_fractured,EXCLUDE,N/A,Unclear,No,N/A,Source-labeled non-fractured; no fracture present (fails inclusion criterion 3).,High,done
Non_fractured/IMG0000764.jpg,Non_fractured,EXCLUDE,N/A,Unclear,No,N/A,Source-labeled non-fractured; no fracture present (fails inclusion criterion 3).,High,done
Non_fractured/IMG0000765.jpg,Non_fractured,EXCLUDE,N/A,Unclear,No,N/A,Source-labeled non-fractured; no fracture present (fails inclusion criterion 3).,High,done
Non_fractured/IMG0000766.jpg,Non_fractured,EXCLUDE,N/A,Unclear,No,N/A,Source-labeled non-fractured; no fracture present (fails inclusion criterion 3).,High,done
Non_fractured/IMG0000767.jpg,Non_fractured,EXCLUDE,N/A,Unclear,No,N/A,Source-labeled non-fractured; no fracture present (fails inclusion criterion 3).,High,done
Non_fractured/IMG0000768.jpg,Non_fractured,EXCLUDE,N/A,Unclear,No,N/A,Source-labeled non-fractured; no fracture present (fails inclusion criterion 3).,High,done
Non_fractured/IMG0000769.jpg,Non_fractured,EXCLUDE,N/A,Unclear,No,N/A,Source-labeled non-fractured; no fracture present (fails inclusion criterion 3).,High,done
Non_fractured/IMG0000770.jpg,Non_fractured,EXCLUDE,N/A,Unclear,No,N/A,Source-labeled non-fractured; no fracture present (fails inclusion criterion 3).,High,done
Non_fractured/IMG0000771.jpg,Non_fractured,EXCLUDE,N/A,Unclear,No,N/A,Source-labeled non-fractured; no fracture present (fails inclusion criterion 3).,High,done
Non_fractured/IMG0000772.jpg,Non_fractured,EXCLUDE,N/A,Unclear,No,N/A,Source-labeled non-fractured; no fracture present (fails inclusion criterion 3).,High,done
Non_fractured/IMG0000773.jpg,Non_fractured,EXCLUDE,N/A,Unclear,No,N/A,Source-labeled non-fractured; no fracture present (fails inclusion criterion 3).,High,done
Non_fractured/IMG0000774.jpg,Non_fractured,EXCLUDE,N/A,Unclear,No,N/A,Source-labeled non-fractured; no fracture present (fails inclusion criterion 3).,High,done
Non_fractured/IMG0000775.jpg,Non_fractured,EXCLUDE,N/A,Unclear,No,N/A,Source-labeled non-fractured; no fracture present (fails inclusion criterion 3).,High,done
Non_fractured/IMG0000778.jpg,Non_fractured,EXCLUDE,N/A,Unclear,No,N/A,Source-labeled non-fractured; no fracture present (fails inclusion criterion 3).,High,done
Non_fractured/IMG0000779.jpg,Non_fractured,EXCLUDE,N/A,Unclear,No,N/A,Source-labeled non-fractured; no fracture present (fails inclusion criterion 3).,High,done
Non_fractured/IMG0000780.jpg,Non_fractured,EXCLUDE,N/A,Unclear,No,N/A,Source-labeled non-fractured; no fracture present (fails inclusion criterion 3).,High,done
Non_fractured/IMG0000781.jpg,Non_fractured,EXCLUDE,N/A,Unclear,No,N/A,Source-labeled non-fractured; no fracture present (fails inclusion criterion 3).,High,done
Non_fractured/IMG0000782.jpg,Non_fractured,EXCLUDE,N/A,Unclear,No,N/A,Source-labeled non-fractured; no fracture present (fails inclusion criterion 3).,High,done
Non_fractured/IMG0000783.jpg,Non_fractured,EXCLUDE,N/A,Unclear,No,N/A,Source-labeled non-fractured; no fracture present (fails inclusion criterion 3).,High,done
Non_fractured/IMG0000784.jpg,Non_fractured,EXCLUDE,N/A,Unclear,No,N/A,Source-labeled non-fractured; no fracture present (fails inclusion criterion 3).,High,done
Non_fractured/IMG0000785.jpg,Non_fractured,EXCLUDE,N/A,Unclear,No,N/A,Source-labeled non-fractured; no fracture present (fails inclusion criterion 3).,High,done
Non_fractured/IMG0000786.jpg,Non_fractured,EXCLUDE,N/A,Unclear,No,N/A,Source-labeled non-fractured; no fracture present (fails inclusion criterion 3).,High,done
Non_fractured/IMG0000787.jpg,Non_fractured,EXCLUDE,N/A,Unclear,No,N/A,Source-labeled non-fractured; no fracture present (fails inclusion criterion 3).,High,done
Non_fractured/IMG0000788.jpg,Non_fractured,EXCLUDE,N/A,Unclear,No,N/A,Source-labeled non-fractured; no fracture present (fails inclusion criterion 3).,High,done
Non_fractured/IMG0000789.jpg,Non_fractured,EXCLUDE,N/A,Unclear,No,N/A,Source-labeled non-fractured; no fracture present (fails inclusion criterion 3).,High,done
Non_fractured/IMG0000790.jpg,Non_fractured,EXCLUDE,N/A,Unclear,No,N/A,Source-labeled non-fractured; no fracture present (fails inclusion criterion 3).,High,done
Non_fractured/IMG0000791.jpg,Non_fractured,EXCLUDE,N/A,Unclear,No,N/A,Source-labeled non-fractured; no fracture present (fails inclusion criterion 3).,High,done
Non_fractured/IMG0000792.jpg,Non_fractured,EXCLUDE,N/A,Unclear,No,N/A,Source-labeled non-fractured; no fracture present (fails inclusion criterion 3).,High,done
Non_fractured/IMG0000793.jpg,Non_fractured,EXCLUDE,N/A,Unclear,No,N/A,Source-labeled non-fractured; no fracture present (fails inclusion criterion 3).,High,done
Non_fractured/IMG0000794.jpg,Non_fractured,EXCLUDE,N/A,Unclear,No,N/A,Source-labeled non-fractured; no fracture present (fails inclusion criterion 3).,High,done
Non_fractured/IMG0000795.jpg,Non_fractured,EXCLUDE,N/A,Unclear,No,N/A,Source-labeled non-fractured; no fracture present (fails inclusion criterion 3).,High,done
Non_fractured/IMG0000796.jpg,Non_fractured,EXCLUDE,N/A,Unclear,No,N/A,Source-labeled non-fractured; no fracture present (fails inclusion criterion 3).,High,done
Non_fractured/IMG0000797.jpg,Non_fractured,EXCLUDE,N/A,Unclear,No,N/A,Source-labeled non-fractured; no fracture present (fails inclusion criterion 3).,High,done
Non_fractured/IMG0000798.jpg,Non_fractured,EXCLUDE,N/A,Unclear,No,N/A,Source-labeled non-fractured; no fracture present (fails inclusion criterion 3).,High,done
Non_fractured/IMG0000799.jpg,Non_fractured,EXCLUDE,N/A,Unclear,No,N/A,Source-labeled non-fractured; no fracture present (fails inclusion criterion 3).,High,done
Non_fractured/IMG0000800.jpg,Non_fractured,EXCLUDE,N/A,Unclear,No,N/A,Source-labeled non-fractured; no fracture present (fails inclusion criterion 3).,High,done
Non_fractured/IMG0000802.jpg,Non_fractured,EXCLUDE,N/A,Unclear,No,N/A,Source-labeled non-fractured; no fracture present (fails inclusion criterion 3).,High,done
Non_fractured/IMG0000803.jpg,Non_fractured,EXCLUDE,N/A,Unclear,No,N/A,Source-labeled non-fractured; no fracture present (fails inclusion criterion 3).,High,done
Non_fractured/IMG0000806.jpg,Non_fractured,EXCLUDE,N/A,Unclear,No,N/A,Source-labeled non-fractured; no fracture present (fails inclusion criterion 3).,High,done
Non_fractured/IMG0000807.jpg,Non_fractured,EXCLUDE,N/A,Unclear,No,N/A,Source-labeled non-fractured; no fracture present (fails inclusion criterion 3).,High,done
Non_fractured/IMG0000808.jpg,Non_fractured,EXCLUDE,N/A,Unclear,No,N/A,Source-labeled non-fractured; no fracture present (fails inclusion criterion 3).,High,done
Non_fractured/IMG0000809.jpg,Non_fractured,EXCLUDE,N/A,Unclear,No,N/A,Source-labeled non-fractured; no fracture present (fails inclusion criterion 3).,High,done
Non_fractured/IMG0000810.jpg,Non_fractured,EXCLUDE,N/A,Unclear,No,N/A,Source-labeled non-fractured; no fracture present (fails inclusion criterion 3).,High,done
Non_fractured/IMG0000811.jpg,Non_fractured,EXCLUDE,N/A,Unclear,No,N/A,Source-labeled non-fractured; no fracture present (fails inclusion criterion 3).,High,done
Non_fractured/IMG0000812.jpg,Non_fractured,EXCLUDE,N/A,Unclear,No,N/A,Source-labeled non-fractured; no fracture present (fails inclusion criterion 3).,High,done
Non_fractured/IMG0000813.jpg,Non_fractured,EXCLUDE,N/A,Unclear,No,N/A,Source-labeled non-fractured; no fracture present (fails inclusion criterion 3).,High,done
Non_fractured/IMG0000814.jpg,Non_fractured,EXCLUDE,N/A,Unclear,No,N/A,Source-labeled non-fractured; no fracture present (fails inclusion criterion 3).,High,done
Non_fractured/IMG0000815.jpg,Non_fractured,EXCLUDE,N/A,Unclear,No,N/A,Source-labeled non-fractured; no fracture present (fails inclusion criterion 3).,High,done
Non_fractured/IMG0000816.jpg,Non_fractured,EXCLUDE,N/A,Unclear,No,N/A,Source-labeled non-fractured; no fracture present (fails inclusion criterion 3).,High,done
Non_fractured/IMG0000817.jpg,Non_fractured,EXCLUDE,N/A,Unclear,No,N/A,Source-labeled non-fractured; no fracture present (fails inclusion criterion 3).,High,done
Non_fractured/IMG0000818.jpg,Non_fractured,EXCLUDE,N/A,Unclear,No,N/A,Source-labeled non-fractured; no fracture present (fails inclusion criterion 3).,High,done
Non_fractured/IMG0000819.jpg,Non_fractured,EXCLUDE,N/A,Unclear,No,N/A,Source-labeled non-fractured; no fracture present (fails inclusion criterion 3).,High,done
Non_fractured/IMG0000820.jpg,Non_fractured,EXCLUDE,N/A,Unclear,No,N/A,Source-labeled non-fractured; no fracture present (fails inclusion criterion 3).,High,done
Non_fractured/IMG0000821.jpg,Non_fractured,EXCLUDE,N/A,Unclear,No,N/A,Source-labeled non-fractured; no fracture present (fails inclusion criterion 3).,High,done
Non_fractured/IMG0000823.jpg,Non_fractured,EXCLUDE,N/A,Unclear,No,N/A,Source-labeled non-fractured; no fracture present (fails inclusion criterion 3).,High,done
Non_fractured/IMG0000824.jpg,Non_fractured,EXCLUDE,N/A,Unclear,No,N/A,Source-labeled non-fractured; no fracture present (fails inclusion criterion 3).,High,done
Non_fractured/IMG0000825.jpg,Non_fractured,EXCLUDE,N/A,Unclear,No,N/A,Source-labeled non-fractured; no fracture present (fails inclusion criterion 3).,High,done
Non_fractured/IMG0000826.jpg,Non_fractured,EXCLUDE,N/A,Unclear,No,N/A,Source-labeled non-fractured; no fracture present (fails inclusion criterion 3).,High,done
Non_fractured/IMG0000827.jpg,Non_fractured,EXCLUDE,N/A,Unclear,No,N/A,Source-labeled non-fractured; no fracture present (fails inclusion criterion 3).,High,done
Non_fractured/IMG0000828.jpg,Non_fractured,EXCLUDE,N/A,Unclear,No,N/A,Source-labeled non-fractured; no fracture present (fails inclusion criterion 3).,High,done
Non_fractured/IMG0000829.jpg,Non_fractured,EXCLUDE,N/A,Unclear,No,N/A,Source-labeled non-fractured; no fracture present (fails inclusion criterion 3).,High,done
Non_fractured/IMG0000830.jpg,Non_fractured,EXCLUDE,N/A,Unclear,No,N/A,Source-labeled non-fractured; no fracture present (fails inclusion criterion 3).,High,done
Non_fractured/IMG0000831.jpg,Non_fractured,EXCLUDE,N/A,Unclear,No,N/A,Source-labeled non-fractured; no fracture present (fails inclusion criterion 3).,High,done
Non_fractured/IMG0000832.jpg,Non_fractured,EXCLUDE,N/A,Unclear,No,N/A,Source-labeled non-fractured; no fracture present (fails inclusion criterion 3).,High,done
Non_fractured/IMG0000833.jpg,Non_fractured,EXCLUDE,N/A,Unclear,No,N/A,Source-labeled non-fractured; no fracture present (fails inclusion criterion 3).,High,done
Non_fractured/IMG0000834.jpg,Non_fractured,EXCLUDE,N/A,Unclear,No,N/A,Source-labeled non-fractured; no fracture present (fails inclusion criterion 3).,High,done
Non_fractured/IMG0000835.jpg,Non_fractured,EXCLUDE,N/A,Unclear,No,N/A,Source-labeled non-fractured; no fracture present (fails inclusion criterion 3).,High,done
Non_fractured/IMG0000836.jpg,Non_fractured,EXCLUDE,N/A,Unclear,No,N/A,Source-labeled non-fractured; no fracture present (fails inclusion criterion 3).,High,done
Non_fractured/IMG0000837.jpg,Non_fractured,EXCLUDE,N/A,Unclear,No,N/A,Source-labeled non-fractured; no fracture present (fails inclusion criterion 3).,High,done
Non_fractured/IMG0000838.jpg,Non_fractured,EXCLUDE,N/A,Unclear,No,N/A,Source-labeled non-fractured; no fracture present (fails inclusion criterion 3).,High,done
Non_fractured/IMG0000839.jpg,Non_fractured,EXCLUDE,N/A,Unclear,No,N/A,Source-labeled non-fractured; no fracture present (fails inclusion criterion 3).,High,done
Non_fractured/IMG0000840.jpg,Non_fractured,EXCLUDE,N/A,Unclear,No,N/A,Source-labeled non-fractured; no fracture present (fails inclusion criterion 3).,High,done
Non_fractured/IMG0000841.jpg,Non_fractured,EXCLUDE,N/A,Unclear,No,N/A,Source-labeled non-fractured; no fracture present (fails inclusion criterion 3).,High,done
Non_fractured/IMG0000842.jpg,Non_fractured,EXCLUDE,N/A,Unclear,No,N/A,Source-labeled non-fractured; no fracture present (fails inclusion criterion 3).,High,done
Non_fractured/IMG0000843.jpg,Non_fractured,EXCLUDE,N/A,Unclear,No,N/A,Source-labeled non-fractured; no fracture present (fails inclusion criterion 3).,High,done
Non_fractured/IMG0000846.jpg,Non_fractured,EXCLUDE,N/A,Unclear,No,N/A,Source-labeled non-fractured; no fracture present (fails inclusion criterion 3).,High,done
Non_fractured/IMG0000847.jpg,Non_fractured,EXCLUDE,N/A,Unclear,No,N/A,Source-labeled non-fractured; no fracture present (fails inclusion criterion 3).,High,done
Non_fractured/IMG0000848.jpg,Non_fractured,EXCLUDE,N/A,Unclear,No,N/A,Source-labeled non-fractured; no fracture present (fails inclusion criterion 3).,High,done
Non_fractured/IMG0000849.jpg,Non_fractured,EXCLUDE,N/A,Unclear,No,N/A,Source-labeled non-fractured; no fracture present (fails inclusion criterion 3).,High,done
Non_fractured/IMG0000850.jpg,Non_fractured,EXCLUDE,N/A,Unclear,No,N/A,Source-labeled non-fractured; no fracture present (fails inclusion criterion 3).,High,done
Non_fractured/IMG0000853.jpg,Non_fractured,EXCLUDE,N/A,Unclear,No,N/A,Source-labeled non-fractured; no fracture present (fails inclusion criterion 3).,High,done
Non_fractured/IMG0000854.jpg,Non_fractured,EXCLUDE,N/A,Unclear,No,N/A,Source-labeled non-fractured; no fracture present (fails inclusion criterion 3).,High,done
Non_fractured/IMG0000855.jpg,Non_fractured,EXCLUDE,N/A,Unclear,No,N/A,Source-labeled non-fractured; no fracture present (fails inclusion criterion 3).,High,done
Non_fractured/IMG0000856.jpg,Non_fractured,EXCLUDE,N/A,Unclear,No,N/A,Source-labeled non-fractured; no fracture present (fails inclusion criterion 3).,High,done
Non_fractured/IMG0000857.jpg,Non_fractured,EXCLUDE,N/A,Unclear,No,N/A,Source-labeled non-fractured; no fracture present (fails inclusion criterion 3).,High,done
Non_fractured/IMG0000858.jpg,Non_fractured,EXCLUDE,N/A,Unclear,No,N/A,Source-labeled non-fractured; no fracture present (fails inclusion criterion 3).,High,done
Non_fractured/IMG0000859.jpg,Non_fractured,EXCLUDE,N/A,Unclear,No,N/A,Source-labeled non-fractured; no fracture present (fails inclusion criterion 3).,High,done
Non_fractured/IMG0000860.jpg,Non_fractured,EXCLUDE,N/A,Unclear,No,N/A,Source-labeled non-fractured; no fracture present (fails inclusion criterion 3).,High,done
Non_fractured/IMG0000861.jpg,Non_fractured,EXCLUDE,N/A,Unclear,No,N/A,Source-labeled non-fractured; no fracture present (fails inclusion criterion 3).,High,done
Non_fractured/IMG0000862.jpg,Non_fractured,EXCLUDE,N/A,Unclear,No,N/A,Source-labeled non-fractured; no fracture present (fails inclusion criterion 3).,High,done
Non_fractured/IMG0000863.jpg,Non_fractured,EXCLUDE,N/A,Unclear,No,N/A,Source-labeled non-fractured; no fracture present (fails inclusion criterion 3).,High,done
Non_fractured/IMG0000864.jpg,Non_fractured,EXCLUDE,N/A,Unclear,No,N/A,Source-labeled non-fractured; no fracture present (fails inclusion criterion 3).,High,done
Non_fractured/IMG0000865.jpg,Non_fractured,EXCLUDE,N/A,Unclear,No,N/A,Source-labeled non-fractured; no fracture present (fails inclusion criterion 3).,High,done
Non_fractured/IMG0000866.jpg,Non_fractured,EXCLUDE,N/A,Unclear,No,N/A,Source-labeled non-fractured; no fracture present (fails inclusion criterion 3).,High,done
Non_fractured/IMG0000867.jpg,Non_fractured,EXCLUDE,N/A,Unclear,No,N/A,Source-labeled non-fractured; no fracture present (fails inclusion criterion 3).,High,done
Non_fractured/IMG0000868.jpg,Non_fractured,EXCLUDE,N/A,Unclear,No,N/A,Source-labeled non-fractured; no fracture present (fails inclusion criterion 3).,High,done
Non_fractured/IMG0000869.jpg,Non_fractured,EXCLUDE,N/A,Unclear,No,N/A,Source-labeled non-fractured; no fracture present (fails inclusion criterion 3).,High,done
Non_fractured/IMG0000870.jpg,Non_fractured,EXCLUDE,N/A,Unclear,No,N/A,Source-labeled non-fractured; no fracture present (fails inclusion criterion 3).,High,done
Non_fractured/IMG0000871.jpg,Non_fractured,EXCLUDE,N/A,Unclear,No,N/A,Source-labeled non-fractured; no fracture present (fails inclusion criterion 3).,High,done
Non_fractured/IMG0000872.jpg,Non_fractured,EXCLUDE,N/A,Unclear,No,N/A,Source-labeled non-fractured; no fracture present (fails inclusion criterion 3).,High,done
Non_fractured/IMG0000873.jpg,Non_fractured,EXCLUDE,N/A,Unclear,No,N/A,Source-labeled non-fractured; no fracture present (fails inclusion criterion 3).,High,done
Non_fractured/IMG0000874.jpg,Non_fractured,EXCLUDE,N/A,Unclear,No,N/A,Source-labeled non-fractured; no fracture present (fails inclusion criterion 3).,High,done
Non_fractured/IMG0000875.jpg,Non_fractured,EXCLUDE,N/A,Unclear,No,N/A,Source-labeled non-fractured; no fracture present (fails inclusion criterion 3).,High,done
Non_fractured/IMG0000876.jpg,Non_fractured,EXCLUDE,N/A,Unclear,No,N/A,Source-labeled non-fractured; no fracture present (fails inclusion criterion 3).,High,done
Non_fractured/IMG0000877.jpg,Non_fractured,EXCLUDE,N/A,Unclear,No,N/A,Source-labeled non-fractured; no fracture present (fails inclusion criterion 3).,High,done
Non_fractured/IMG0000878.jpg,Non_fractured,EXCLUDE,N/A,Unclear,No,N/A,Source-labeled non-fractured; no fracture present (fails inclusion criterion 3).,High,done
Non_fractured/IMG0000879.jpg,Non_fractured,EXCLUDE,N/A,Unclear,No,N/A,Source-labeled non-fractured; no fracture present (fails inclusion criterion 3).,High,done
Non_fractured/IMG0000880.jpg,Non_fractured,EXCLUDE,N/A,Unclear,No,N/A,Source-labeled non-fractured; no fracture present (fails inclusion criterion 3).,High,done
Non_fractured/IMG0000881.jpg,Non_fractured,EXCLUDE,N/A,Unclear,No,N/A,Source-labeled non-fractured; no fracture present (fails inclusion criterion 3).,High,done
Non_fractured/IMG0000882.jpg,Non_fractured,EXCLUDE,N/A,Unclear,No,N/A,Source-labeled non-fractured; no fracture present (fails inclusion criterion 3).,High,done
Non_fractured/IMG0000883.jpg,Non_fractured,EXCLUDE,N/A,Unclear,No,N/A,Source-labeled non-fractured; no fracture present (fails inclusion criterion 3).,High,done
Non_fractured/IMG0000884.jpg,Non_fractured,EXCLUDE,N/A,Unclear,No,N/A,Source-labeled non-fractured; no fracture present (fails inclusion criterion 3).,High,done
Non_fractured/IMG0000885.jpg,Non_fractured,EXCLUDE,N/A,Unclear,No,N/A,Source-labeled non-fractured; no fracture present (fails inclusion criterion 3).,High,done
Non_fractured/IMG0000886.jpg,Non_fractured,EXCLUDE,N/A,Unclear,No,N/A,Source-labeled non-fractured; no fracture present (fails inclusion criterion 3).,High,done
Non_fractured/IMG0000887.jpg,Non_fractured,EXCLUDE,N/A,Unclear,No,N/A,Source-labeled non-fractured; no fracture present (fails inclusion criterion 3).,High,done
Non_fractured/IMG0000888.jpg,Non_fractured,EXCLUDE,N/A,Unclear,No,N/A,Source-labeled non-fractured; no fracture present (fails inclusion criterion 3).,High,done
Non_fractured/IMG0000889.jpg,Non_fractured,EXCLUDE,N/A,Unclear,No,N/A,Source-labeled non-fractured; no fracture present (fails inclusion criterion 3).,High,done
Non_fractured/IMG0000890.jpg,Non_fractured,EXCLUDE,N/A,Unclear,No,N/A,Source-labeled non-fractured; no fracture present (fails inclusion criterion 3).,High,done
Non_fractured/IMG0000891.jpg,Non_fractured,EXCLUDE,N/A,Unclear,No,N/A,Source-labeled non-fractured; no fracture present (fails inclusion criterion 3).,High,done
Non_fractured/IMG0000892.jpg,Non_fractured,EXCLUDE,N/A,Unclear,No,N/A,Source-labeled non-fractured; no fracture present (fails inclusion criterion 3).,High,done
Non_fractured/IMG0000893.jpg,Non_fractured,EXCLUDE,N/A,Unclear,No,N/A,Source-labeled non-fractured; no fracture present (fails inclusion criterion 3).,High,done
Non_fractured/IMG0000894.jpg,Non_fractured,EXCLUDE,N/A,Unclear,No,N/A,Source-labeled non-fractured; no fracture present (fails inclusion criterion 3).,High,done
Non_fractured/IMG0000895.jpg,Non_fractured,EXCLUDE,N/A,Unclear,No,N/A,Source-labeled non-fractured; no fracture present (fails inclusion criterion 3).,High,done
Non_fractured/IMG0000896.jpg,Non_fractured,EXCLUDE,N/A,Unclear,No,N/A,Source-labeled non-fractured; no fracture present (fails inclusion criterion 3).,High,done
Non_fractured/IMG0000897.jpg,Non_fractured,EXCLUDE,N/A,Unclear,No,N/A,Source-labeled non-fractured; no fracture present (fails inclusion criterion 3).,High,done
Non_fractured/IMG0000898.jpg,Non_fractured,EXCLUDE,N/A,Unclear,No,N/A,Source-labeled non-fractured; no fracture present (fails inclusion criterion 3).,High,done
Non_fractured/IMG0000899.jpg,Non_fractured,EXCLUDE,N/A,Unclear,No,N/A,Source-labeled non-fractured; no fracture present (fails inclusion criterion 3).,High,done
Non_fractured/IMG0000900.jpg,Non_fractured,EXCLUDE,N/A,Unclear,No,N/A,Source-labeled non-fractured; no fracture present (fails inclusion criterion 3).,High,done
Non_fractured/IMG0000901.jpg,Non_fractured,EXCLUDE,N/A,Unclear,No,N/A,Source-labeled non-fractured; no fracture present (fails inclusion criterion 3).,High,done
Non_fractured/IMG0000902.jpg,Non_fractured,EXCLUDE,N/A,Unclear,No,N/A,Source-labeled non-fractured; no fracture present (fails inclusion criterion 3).,High,done
Non_fractured/IMG0000903.jpg,Non_fractured,EXCLUDE,N/A,Unclear,No,N/A,Source-labeled non-fractured; no fracture present (fails inclusion criterion 3).,High,done
Non_fractured/IMG0000904.jpg,Non_fractured,EXCLUDE,N/A,Unclear,No,N/A,Source-labeled non-fractured; no fracture present (fails inclusion criterion 3).,High,done
Non_fractured/IMG0000905.jpg,Non_fractured,EXCLUDE,N/A,Unclear,No,N/A,Source-labeled non-fractured; no fracture present (fails inclusion criterion 3).,High,done
Non_fractured/IMG0000906.jpg,Non_fractured,EXCLUDE,N/A,Unclear,No,N/A,Source-labeled non-fractured; no fracture present (fails inclusion criterion 3).,High,done
Non_fractured/IMG0000907.jpg,Non_fractured,EXCLUDE,N/A,Unclear,No,N/A,Source-labeled non-fractured; no fracture present (fails inclusion criterion 3).,High,done
Non_fractured/IMG0000908.jpg,Non_fractured,EXCLUDE,N/A,Unclear,No,N/A,Source-labeled non-fractured; no fracture present (fails inclusion criterion 3).,High,done
Non_fractured/IMG0000909.jpg,Non_fractured,EXCLUDE,N/A,Unclear,No,N/A,Source-labeled non-fractured; no fracture present (fails inclusion criterion 3).,High,done
Non_fractured/IMG0000910.jpg,Non_fractured,EXCLUDE,N/A,Unclear,No,N/A,Source-labeled non-fractured; no fracture present (fails inclusion criterion 3).,High,done
Non_fractured/IMG0000912.jpg,Non_fractured,EXCLUDE,N/A,Unclear,No,N/A,Source-labeled non-fractured; no fracture present (fails inclusion criterion 3).,High,done
Non_fractured/IMG0000913.jpg,Non_fractured,EXCLUDE,N/A,Unclear,No,N/A,Source-labeled non-fractured; no fracture present (fails inclusion criterion 3).,High,done
Non_fractured/IMG0000914.jpg,Non_fractured,EXCLUDE,N/A,Unclear,No,N/A,Source-labeled non-fractured; no fracture present (fails inclusion criterion 3).,High,done
Non_fractured/IMG0000915.jpg,Non_fractured,EXCLUDE,N/A,Unclear,No,N/A,Source-labeled non-fractured; no fracture present (fails inclusion criterion 3).,High,done
Non_fractured/IMG0000916.jpg,Non_fractured,EXCLUDE,N/A,Unclear,No,N/A,Source-labeled non-fractured; no fracture present (fails inclusion criterion 3).,High,done
Non_fractured/IMG0000917.jpg,Non_fractured,EXCLUDE,N/A,Unclear,No,N/A,Source-labeled non-fractured; no fracture present (fails inclusion criterion 3).,High,done
Non_fractured/IMG0000918.jpg,Non_fractured,EXCLUDE,N/A,Unclear,No,N/A,Source-labeled non-fractured; no fracture present (fails inclusion criterion 3).,High,done
Non_fractured/IMG0000919.jpg,Non_fractured,EXCLUDE,N/A,Unclear,No,N/A,Source-labeled non-fractured; no fracture present (fails inclusion criterion 3).,High,done
Non_fractured/IMG0000920.jpg,Non_fractured,EXCLUDE,N/A,Unclear,No,N/A,Source-labeled non-fractured; no fracture present (fails inclusion criterion 3).,High,done
Non_fractured/IMG0000921.jpg,Non_fractured,EXCLUDE,N/A,Unclear,No,N/A,Source-labeled non-fractured; no fracture present (fails inclusion criterion 3).,High,done
Non_fractured/IMG0000922.jpg,Non_fractured,EXCLUDE,N/A,Unclear,No,N/A,Source-labeled non-fractured; no fracture present (fails inclusion criterion 3).,High,done
Non_fractured/IMG0000923.jpg,Non_fractured,EXCLUDE,N/A,Unclear,No,N/A,Source-labeled non-fractured; no fracture present (fails inclusion criterion 3).,High,done
Non_fractured/IMG0000924.jpg,Non_fractured,EXCLUDE,N/A,Unclear,No,N/A,Source-labeled non-fractured; no fracture present (fails inclusion criterion 3).,High,done
Non_fractured/IMG0000925.jpg,Non_fractured,EXCLUDE,N/A,Unclear,No,N/A,Source-labeled non-fractured; no fracture present (fails inclusion criterion 3).,High,done
Non_fractured/IMG0000926.jpg,Non_fractured,EXCLUDE,N/A,Unclear,No,N/A,Source-labeled non-fractured; no fracture present (fails inclusion criterion 3).,High,done
Non_fractured/IMG0000927.jpg,Non_fractured,EXCLUDE,N/A,Unclear,No,N/A,Source-labeled non-fractured; no fracture present (fails inclusion criterion 3).,High,done
Non_fractured/IMG0000928.jpg,Non_fractured,EXCLUDE,N/A,Unclear,No,N/A,Source-labeled non-fractured; no fracture present (fails inclusion criterion 3).,High,done
Non_fractured/IMG0000929.jpg,Non_fractured,EXCLUDE,N/A,Unclear,No,N/A,Source-labeled non-fractured; no fracture present (fails inclusion criterion 3).,High,done
Non_fractured/IMG0000930.jpg,Non_fractured,EXCLUDE,N/A,Unclear,No,N/A,Source-labeled non-fractured; no fracture present (fails inclusion criterion 3).,High,done
Non_fractured/IMG0000931.jpg,Non_fractured,EXCLUDE,N/A,Unclear,No,N/A,Source-labeled non-fractured; no fracture present (fails inclusion criterion 3).,High,done
Non_fractured/IMG0000932.jpg,Non_fractured,EXCLUDE,N/A,Unclear,No,N/A,Source-labeled non-fractured; no fracture present (fails inclusion criterion 3).,High,done
Non_fractured/IMG0000933.jpg,Non_fractured,EXCLUDE,N/A,Unclear,No,N/A,Source-labeled non-fractured; no fracture present (fails inclusion criterion 3).,High,done
Non_fractured/IMG0000934.jpg,Non_fractured,EXCLUDE,N/A,Unclear,No,N/A,Source-labeled non-fractured; no fracture present (fails inclusion criterion 3).,High,done
Non_fractured/IMG0000935.jpg,Non_fractured,EXCLUDE,N/A,Unclear,No,N/A,Source-labeled non-fractured; no fracture present (fails inclusion criterion 3).,High,done
Non_fractured/IMG0000936.jpg,Non_fractured,EXCLUDE,N/A,Unclear,No,N/A,Source-labeled non-fractured; no fracture present (fails inclusion criterion 3).,High,done
Non_fractured/IMG0000937.jpg,Non_fractured,EXCLUDE,N/A,Unclear,No,N/A,Source-labeled non-fractured; no fracture present (fails inclusion criterion 3).,High,done
Non_fractured/IMG0000938.jpg,Non_fractured,EXCLUDE,N/A,Unclear,No,N/A,Source-labeled non-fractured; no fracture present (fails inclusion criterion 3).,High,done
Non_fractured/IMG0000939.jpg,Non_fractured,EXCLUDE,N/A,Unclear,No,N/A,Source-labeled non-fractured; no fracture present (fails inclusion criterion 3).,High,done
Non_fractured/IMG0000940.jpg,Non_fractured,EXCLUDE,N/A,Unclear,No,N/A,Source-labeled non-fractured; no fracture present (fails inclusion criterion 3).,High,done
Non_fractured/IMG0000941.jpg,Non_fractured,EXCLUDE,N/A,Unclear,No,N/A,Source-labeled non-fractured; no fracture present (fails inclusion criterion 3).,High,done
Non_fractured/IMG0000942.jpg,Non_fractured,EXCLUDE,N/A,Unclear,No,N/A,Source-labeled non-fractured; no fracture present (fails inclusion criterion 3).,High,done
Non_fractured/IMG0000943.jpg,Non_fractured,EXCLUDE,N/A,Unclear,No,N/A,Source-labeled non-fractured; no fracture present (fails inclusion criterion 3).,High,done
Non_fractured/IMG0000944.jpg,Non_fractured,EXCLUDE,N/A,Unclear,No,N/A,Source-labeled non-fractured; no fracture present (fails inclusion criterion 3).,High,done
Non_fractured/IMG0000945.jpg,Non_fractured,EXCLUDE,N/A,Unclear,No,N/A,Source-labeled non-fractured; no fracture present (fails inclusion criterion 3).,High,done
Non_fractured/IMG0000946.jpg,Non_fractured,EXCLUDE,N/A,Unclear,No,N/A,Source-labeled non-fractured; no fracture present (fails inclusion criterion 3).,High,done
Non_fractured/IMG0000947.jpg,Non_fractured,EXCLUDE,N/A,Unclear,No,N/A,Source-labeled non-fractured; no fracture present (fails inclusion criterion 3).,High,done
Non_fractured/IMG0000948.jpg,Non_fractured,EXCLUDE,N/A,Unclear,No,N/A,Source-labeled non-fractured; no fracture present (fails inclusion criterion 3).,High,done
Non_fractured/IMG0000949.jpg,Non_fractured,EXCLUDE,N/A,Unclear,No,N/A,Source-labeled non-fractured; no fracture present (fails inclusion criterion 3).,High,done
Non_fractured/IMG0000950.jpg,Non_fractured,EXCLUDE,N/A,Unclear,No,N/A,Source-labeled non-fractured; no fracture present (fails inclusion criterion 3).,High,done
Non_fractured/IMG0000951.jpg,Non_fractured,EXCLUDE,N/A,Unclear,No,N/A,Source-labeled non-fractured; no fracture present (fails inclusion criterion 3).,High,done
Non_fractured/IMG0000952.jpg,Non_fractured,EXCLUDE,N/A,Unclear,No,N/A,Source-labeled non-fractured; no fracture present (fails inclusion criterion 3).,High,done
Non_fractured/IMG0000953.jpg,Non_fractured,EXCLUDE,N/A,Unclear,No,N/A,Source-labeled non-fractured; no fracture present (fails inclusion criterion 3).,High,done
Non_fractured/IMG0000954.jpg,Non_fractured,EXCLUDE,N/A,Unclear,No,N/A,Source-labeled non-fractured; no fracture present (fails inclusion criterion 3).,High,done
Non_fractured/IMG0000955.jpg,Non_fractured,EXCLUDE,N/A,Unclear,No,N/A,Source-labeled non-fractured; no fracture present (fails inclusion criterion 3).,High,done
Non_fractured/IMG0000956.jpg,Non_fractured,EXCLUDE,N/A,Unclear,No,N/A,Source-labeled non-fractured; no fracture present (fails inclusion criterion 3).,High,done
Non_fractured/IMG0000957.jpg,Non_fractured,EXCLUDE,N/A,Unclear,No,N/A,Source-labeled non-fractured; no fracture present (fails inclusion criterion 3).,High,done
Non_fractured/IMG0000958.jpg,Non_fractured,EXCLUDE,N/A,Unclear,No,N/A,Source-labeled non-fractured; no fracture present (fails inclusion criterion 3).,High,done
Non_fractured/IMG0000959.jpg,Non_fractured,EXCLUDE,N/A,Unclear,No,N/A,Source-labeled non-fractured; no fracture present (fails inclusion criterion 3).,High,done
Non_fractured/IMG0000960.jpg,Non_fractured,EXCLUDE,N/A,Unclear,No,N/A,Source-labeled non-fractured; no fracture present (fails inclusion criterion 3).,High,done
Non_fractured/IMG0000961.jpg,Non_fractured,EXCLUDE,N/A,Unclear,No,N/A,Source-labeled non-fractured; no fracture present (fails inclusion criterion 3).,High,done
Non_fractured/IMG0000962.jpg,Non_fractured,EXCLUDE,N/A,Unclear,No,N/A,Source-labeled non-fractured; no fracture present (fails inclusion criterion 3).,High,done
Non_fractured/IMG0000963.jpg,Non_fractured,EXCLUDE,N/A,Unclear,No,N/A,Source-labeled non-fractured; no fracture present (fails inclusion criterion 3).,High,done
Non_fractured/IMG0000964.jpg,Non_fractured,EXCLUDE,N/A,Unclear,No,N/A,Source-labeled non-fractured; no fracture present (fails inclusion criterion 3).,High,done
Non_fractured/IMG0000965.jpg,Non_fractured,EXCLUDE,N/A,Unclear,No,N/A,Source-labeled non-fractured; no fracture present (fails inclusion criterion 3).,High,done
Non_fractured/IMG0000966.jpg,Non_fractured,EXCLUDE,N/A,Unclear,No,N/A,Source-labeled non-fractured; no fracture present (fails inclusion criterion 3).,High,done
Non_fractured/IMG0000967.jpg,Non_fractured,EXCLUDE,N/A,Unclear,No,N/A,Source-labeled non-fractured; no fracture present (fails inclusion criterion 3).,High,done
Non_fractured/IMG0000968.jpg,Non_fractured,EXCLUDE,N/A,Unclear,No,N/A,Source-labeled non-fractured; no fracture present (fails inclusion criterion 3).,High,done
Non_fractured/IMG0000969.jpg,Non_fractured,EXCLUDE,N/A,Unclear,No,N/A,Source-labeled non-fractured; no fracture present (fails inclusion criterion 3).,High,done
Non_fractured/IMG0000970.jpg,Non_fractured,EXCLUDE,N/A,Unclear,No,N/A,Source-labeled non-fractured; no fracture present (fails inclusion criterion 3).,High,done
Non_fractured/IMG0000971.jpg,Non_fractured,EXCLUDE,N/A,Unclear,No,N/A,Source-labeled non-fractured; no fracture present (fails inclusion criterion 3).,High,done
Non_fractured/IMG0000972.jpg,Non_fractured,EXCLUDE,N/A,Unclear,No,N/A,Source-labeled non-fractured; no fracture present (fails inclusion criterion 3).,High,done
Non_fractured/IMG0000973.jpg,Non_fractured,EXCLUDE,N/A,Unclear,No,N/A,Source-labeled non-fractured; no fracture present (fails inclusion criterion 3).,High,done
Non_fractured/IMG0000974.jpg,Non_fractured,EXCLUDE,N/A,Unclear,No,N/A,Source-labeled non-fractured; no fracture present (fails inclusion criterion 3).,High,done
Non_fractured/IMG0000975.jpg,Non_fractured,EXCLUDE,N/A,Unclear,No,N/A,Source-labeled non-fractured; no fracture present (fails inclusion criterion 3).,High,done
Non_fractured/IMG0000976.jpg,Non_fractured,EXCLUDE,N/A,Unclear,No,N/A,Source-labeled non-fractured; no fracture present (fails inclusion criterion 3).,High,done
Non_fractured/IMG0000978.jpg,Non_fractured,EXCLUDE,N/A,Unclear,No,N/A,Source-labeled non-fractured; no fracture present (fails inclusion criterion 3).,High,done
Non_fractured/IMG0000979.jpg,Non_fractured,EXCLUDE,N/A,Unclear,No,N/A,Source-labeled non-fractured; no fracture present (fails inclusion criterion 3).,High,done
Non_fractured/IMG0000980.jpg,Non_fractured,EXCLUDE,N/A,Unclear,No,N/A,Source-labeled non-fractured; no fracture present (fails inclusion criterion 3).,High,done
Non_fractured/IMG0000981.jpg,Non_fractured,EXCLUDE,N/A,Unclear,No,N/A,Source-labeled non-fractured; no fracture present (fails inclusion criterion 3).,High,done
Non_fractured/IMG0000982.jpg,Non_fractured,EXCLUDE,N/A,Unclear,No,N/A,Source-labeled non-fractured; no fracture present (fails inclusion criterion 3).,High,done
Non_fractured/IMG0000983.jpg,Non_fractured,EXCLUDE,N/A,Unclear,No,N/A,Source-labeled non-fractured; no fracture present (fails inclusion criterion 3).,High,done
Non_fractured/IMG0000984.jpg,Non_fractured,EXCLUDE,N/A,Unclear,No,N/A,Source-labeled non-fractured; no fracture present (fails inclusion criterion 3).,High,done
Non_fractured/IMG0000985.jpg,Non_fractured,EXCLUDE,N/A,Unclear,No,N/A,Source-labeled non-fractured; no fracture present (fails inclusion criterion 3).,High,done
Non_fractured/IMG0000986.jpg,Non_fractured,EXCLUDE,N/A,Unclear,No,N/A,Source-labeled non-fractured; no fracture present (fails inclusion criterion 3).,High,done
Non_fractured/IMG0000987.jpg,Non_fractured,EXCLUDE,N/A,Unclear,No,N/A,Source-labeled non-fractured; no fracture present (fails inclusion criterion 3).,High,done
Non_fractured/IMG0000988.jpg,Non_fractured,EXCLUDE,N/A,Unclear,No,N/A,Source-labeled non-fractured; no fracture present (fails inclusion criterion 3).,High,done
Non_fractured/IMG0000989.jpg,Non_fractured,EXCLUDE,N/A,Unclear,No,N/A,Source-labeled non-fractured; no fracture present (fails inclusion criterion 3).,High,done
Non_fractured/IMG0000990.jpg,Non_fractured,EXCLUDE,N/A,Unclear,No,N/A,Source-labeled non-fractured; no fracture present (fails inclusion criterion 3).,High,done
Non_fractured/IMG0000991.jpg,Non_fractured,EXCLUDE,N/A,Unclear,No,N/A,Source-labeled non-fractured; no fracture present (fails inclusion criterion 3).,High,done
Non_fractured/IMG0000992.jpg,Non_fractured,EXCLUDE,N/A,Unclear,No,N/A,Source-labeled non-fractured; no fracture present (fails inclusion criterion 3).,High,done
Non_fractured/IMG0000993.jpg,Non_fractured,EXCLUDE,N/A,Unclear,No,N/A,Source-labeled non-fractured; no fracture present (fails inclusion criterion 3).,High,done
Non_fractured/IMG0000994.jpg,Non_fractured,EXCLUDE,N/A,Unclear,No,N/A,Source-labeled non-fractured; no fracture present (fails inclusion criterion 3).,High,done
Non_fractured/IMG0000995.jpg,Non_fractured,EXCLUDE,N/A,Unclear,No,N/A,Source-labeled non-fractured; no fracture present (fails inclusion criterion 3).,High,done
Non_fractured/IMG0000996.jpg,Non_fractured,EXCLUDE,N/A,Unclear,No,N/A,Source-labeled non-fractured; no fracture present (fails inclusion criterion 3).,High,done
Non_fractured/IMG0000997.jpg,Non_fractured,EXCLUDE,N/A,Unclear,No,N/A,Source-labeled non-fractured; no fracture present (fails inclusion criterion 3).,High,done
Non_fractured/IMG0000998.jpg,Non_fractured,EXCLUDE,N/A,Unclear,No,N/A,Source-labeled non-fractured; no fracture present (fails inclusion criterion 3).,High,done
Non_fractured/IMG0000999.jpg,Non_fractured,EXCLUDE,N/A,Unclear,No,N/A,Source-labeled non-fractured; no fracture present (fails inclusion criterion 3).,High,done
Non_fractured/IMG0001000.jpg,Non_fractured,EXCLUDE,N/A,Unclear,No,N/A,Source-labeled non-fractured; no fracture present (fails inclusion criterion 3).,High,done
Non_fractured/IMG0001001.jpg,Non_fractured,EXCLUDE,N/A,Unclear,No,N/A,Source-labeled non-fractured; no fracture present (fails inclusion criterion 3).,High,done
Non_fractured/IMG0001002.jpg,Non_fractured,EXCLUDE,N/A,Unclear,No,N/A,Source-labeled non-fractured; no fracture present (fails inclusion criterion 3).,High,done
Non_fractured/IMG0001003.jpg,Non_fractured,EXCLUDE,N/A,Unclear,No,N/A,Source-labeled non-fractured; no fracture present (fails inclusion criterion 3).,High,done
Non_fractured/IMG0001004.jpg,Non_fractured,EXCLUDE,N/A,Unclear,No,N/A,Source-labeled non-fractured; no fracture present (fails inclusion criterion 3).,High,done
Non_fractured/IMG0001005.jpg,Non_fractured,EXCLUDE,N/A,Unclear,No,N/A,Source-labeled non-fractured; no fracture present (fails inclusion criterion 3).,High,done
Non_fractured/IMG0001006.jpg,Non_fractured,EXCLUDE,N/A,Unclear,No,N/A,Source-labeled non-fractured; no fracture present (fails inclusion criterion 3).,High,done
Non_fractured/IMG0001009.jpg,Non_fractured,EXCLUDE,N/A,Unclear,No,N/A,Source-labeled non-fractured; no fracture present (fails inclusion criterion 3).,High,done
Non_fractured/IMG0001010.jpg,Non_fractured,EXCLUDE,N/A,Unclear,No,N/A,Source-labeled non-fractured; no fracture present (fails inclusion criterion 3).,High,done
Non_fractured/IMG0001011.jpg,Non_fractured,EXCLUDE,N/A,Unclear,No,N/A,Source-labeled non-fractured; no fracture present (fails inclusion criterion 3).,High,done
Non_fractured/IMG0001012.jpg,Non_fractured,EXCLUDE,N/A,Unclear,No,N/A,Source-labeled non-fractured; no fracture present (fails inclusion criterion 3).,High,done
Non_fractured/IMG0001013.jpg,Non_fractured,EXCLUDE,N/A,Unclear,No,N/A,Source-labeled non-fractured; no fracture present (fails inclusion criterion 3).,High,done
Non_fractured/IMG0001014.jpg,Non_fractured,EXCLUDE,N/A,Unclear,No,N/A,Source-labeled non-fractured; no fracture present (fails inclusion criterion 3).,High,done
Non_fractured/IMG0001015.jpg,Non_fractured,EXCLUDE,N/A,Unclear,No,N/A,Source-labeled non-fractured; no fracture present (fails inclusion criterion 3).,High,done
Non_fractured/IMG0001016.jpg,Non_fractured,EXCLUDE,N/A,Unclear,No,N/A,Source-labeled non-fractured; no fracture present (fails inclusion criterion 3).,High,done
Non_fractured/IMG0001017.jpg,Non_fractured,EXCLUDE,N/A,Unclear,No,N/A,Source-labeled non-fractured; no fracture present (fails inclusion criterion 3).,High,done
Non_fractured/IMG0001018.jpg,Non_fractured,EXCLUDE,N/A,Unclear,No,N/A,Source-labeled non-fractured; no fracture present (fails inclusion criterion 3).,High,done
Non_fractured/IMG0001019.jpg,Non_fractured,EXCLUDE,N/A,Unclear,No,N/A,Source-labeled non-fractured; no fracture present (fails inclusion criterion 3).,High,done
Non_fractured/IMG0001020.jpg,Non_fractured,EXCLUDE,N/A,Unclear,No,N/A,Source-labeled non-fractured; no fracture present (fails inclusion criterion 3).,High,done
Non_fractured/IMG0001021.jpg,Non_fractured,EXCLUDE,N/A,Unclear,No,N/A,Source-labeled non-fractured; no fracture present (fails inclusion criterion 3).,High,done
Non_fractured/IMG0001022.jpg,Non_fractured,EXCLUDE,N/A,Unclear,No,N/A,Source-labeled non-fractured; no fracture present (fails inclusion criterion 3).,High,done
Non_fractured/IMG0001023.jpg,Non_fractured,EXCLUDE,N/A,Unclear,No,N/A,Source-labeled non-fractured; no fracture present (fails inclusion criterion 3).,High,done
Non_fractured/IMG0001024.jpg,Non_fractured,EXCLUDE,N/A,Unclear,No,N/A,Source-labeled non-fractured; no fracture present (fails inclusion criterion 3).,High,done
Non_fractured/IMG0001027.jpg,Non_fractured,EXCLUDE,N/A,Unclear,No,N/A,Source-labeled non-fractured; no fracture present (fails inclusion criterion 3).,High,done
Non_fractured/IMG0001028.jpg,Non_fractured,EXCLUDE,N/A,Unclear,No,N/A,Source-labeled non-fractured; no fracture present (fails inclusion criterion 3).,High,done
Non_fractured/IMG0001029.jpg,Non_fractured,EXCLUDE,N/A,Unclear,No,N/A,Source-labeled non-fractured; no fracture present (fails inclusion criterion 3).,High,done
Non_fractured/IMG0001030.jpg,Non_fractured,EXCLUDE,N/A,Unclear,No,N/A,Source-labeled non-fractured; no fracture present (fails inclusion criterion 3).,High,done
Non_fractured/IMG0001031.jpg,Non_fractured,EXCLUDE,N/A,Unclear,No,N/A,Source-labeled non-fractured; no fracture present (fails inclusion criterion 3).,High,done
Non_fractured/IMG0001032.jpg,Non_fractured,EXCLUDE,N/A,Unclear,No,N/A,Source-labeled non-fractured; no fracture present (fails inclusion criterion 3).,High,done
Non_fractured/IMG0001033.jpg,Non_fractured,EXCLUDE,N/A,Unclear,No,N/A,Source-labeled non-fractured; no fracture present (fails inclusion criterion 3).,High,done
Non_fractured/IMG0001034.jpg,Non_fractured,EXCLUDE,N/A,Unclear,No,N/A,Source-labeled non-fractured; no fracture present (fails inclusion criterion 3).,High,done
Non_fractured/IMG0001035.jpg,Non_fractured,EXCLUDE,N/A,Unclear,No,N/A,Source-labeled non-fractured; no fracture present (fails inclusion criterion 3).,High,done
Non_fractured/IMG0001036.jpg,Non_fractured,EXCLUDE,N/A,Unclear,No,N/A,Source-labeled non-fractured; no fracture present (fails inclusion criterion 3).,High,done
Non_fractured/IMG0001037.jpg,Non_fractured,EXCLUDE,N/A,Unclear,No,N/A,Source-labeled non-fractured; no fracture present (fails inclusion criterion 3).,High,done
Non_fractured/IMG0001038.jpg,Non_fractured,EXCLUDE,N/A,Unclear,No,N/A,Source-labeled non-fractured; no fracture present (fails inclusion criterion 3).,High,done
Non_fractured/IMG0001039.jpg,Non_fractured,EXCLUDE,N/A,Unclear,No,N/A,Source-labeled non-fractured; no fracture present (fails inclusion criterion 3).,High,done
Non_fractured/IMG0001040.jpg,Non_fractured,EXCLUDE,N/A,Unclear,No,N/A,Source-labeled non-fractured; no fracture present (fails inclusion criterion 3).,High,done
Non_fractured/IMG0001042.jpg,Non_fractured,EXCLUDE,N/A,Unclear,No,N/A,Source-labeled non-fractured; no fracture present (fails inclusion criterion 3).,High,done
Non_fractured/IMG0001043.jpg,Non_fractured,EXCLUDE,N/A,Unclear,No,N/A,Source-labeled non-fractured; no fracture present (fails inclusion criterion 3).,High,done
Non_fractured/IMG0001044.jpg,Non_fractured,EXCLUDE,N/A,Unclear,No,N/A,Source-labeled non-fractured; no fracture present (fails inclusion criterion 3).,High,done
Non_fractured/IMG0001045.jpg,Non_fractured,EXCLUDE,N/A,Unclear,No,N/A,Source-labeled non-fractured; no fracture present (fails inclusion criterion 3).,High,done
Non_fractured/IMG0001046.jpg,Non_fractured,EXCLUDE,N/A,Unclear,No,N/A,Source-labeled non-fractured; no fracture present (fails inclusion criterion 3).,High,done
Non_fractured/IMG0001047.jpg,Non_fractured,EXCLUDE,N/A,Unclear,No,N/A,Source-labeled non-fractured; no fracture present (fails inclusion criterion 3).,High,done
Non_fractured/IMG0001048.jpg,Non_fractured,EXCLUDE,N/A,Unclear,No,N/A,Source-labeled non-fractured; no fracture present (fails inclusion criterion 3).,High,done
Non_fractured/IMG0001049.jpg,Non_fractured,EXCLUDE,N/A,Unclear,No,N/A,Source-labeled non-fractured; no fracture present (fails inclusion criterion 3).,High,done
Non_fractured/IMG0001050.jpg,Non_fractured,EXCLUDE,N/A,Unclear,No,N/A,Source-labeled non-fractured; no fracture present (fails inclusion criterion 3).,High,done
Non_fractured/IMG0001051.jpg,Non_fractured,EXCLUDE,N/A,Unclear,No,N/A,Source-labeled non-fractured; no fracture present (fails inclusion criterion 3).,High,done
Non_fractured/IMG0001052.jpg,Non_fractured,EXCLUDE,N/A,Unclear,No,N/A,Source-labeled non-fractured; no fracture present (fails inclusion criterion 3).,High,done
Non_fractured/IMG0001053.jpg,Non_fractured,EXCLUDE,N/A,Unclear,No,N/A,Source-labeled non-fractured; no fracture present (fails inclusion criterion 3).,High,done
Non_fractured/IMG0001054.jpg,Non_fractured,EXCLUDE,N/A,Unclear,No,N/A,Source-labeled non-fractured; no fracture present (fails inclusion criterion 3).,High,done
Non_fractured/IMG0001055.jpg,Non_fractured,EXCLUDE,N/A,Unclear,No,N/A,Source-labeled non-fractured; no fracture present (fails inclusion criterion 3).,High,done
Non_fractured/IMG0001056.jpg,Non_fractured,EXCLUDE,N/A,Unclear,No,N/A,Source-labeled non-fractured; no fracture present (fails inclusion criterion 3).,High,done
Non_fractured/IMG0001057.jpg,Non_fractured,EXCLUDE,N/A,Unclear,No,N/A,Source-labeled non-fractured; no fracture present (fails inclusion criterion 3).,High,done
Non_fractured/IMG0001058.jpg,Non_fractured,EXCLUDE,N/A,Unclear,No,N/A,Source-labeled non-fractured; no fracture present (fails inclusion criterion 3).,High,done
Non_fractured/IMG0001059.jpg,Non_fractured,EXCLUDE,N/A,Unclear,No,N/A,Source-labeled non-fractured; no fracture present (fails inclusion criterion 3).,High,done
Non_fractured/IMG0001060.jpg,Non_fractured,EXCLUDE,N/A,Unclear,No,N/A,Source-labeled non-fractured; no fracture present (fails inclusion criterion 3).,High,done
Non_fractured/IMG0001061.jpg,Non_fractured,EXCLUDE,N/A,Unclear,No,N/A,Source-labeled non-fractured; no fracture present (fails inclusion criterion 3).,High,done
Non_fractured/IMG0001062.jpg,Non_fractured,EXCLUDE,N/A,Unclear,No,N/A,Source-labeled non-fractured; no fracture present (fails inclusion criterion 3).,High,done
Non_fractured/IMG0001063.jpg,Non_fractured,EXCLUDE,N/A,Unclear,No,N/A,Source-labeled non-fractured; no fracture present (fails inclusion criterion 3).,High,done
Non_fractured/IMG0001064.jpg,Non_fractured,EXCLUDE,N/A,Unclear,No,N/A,Source-labeled non-fractured; no fracture present (fails inclusion criterion 3).,High,done
Non_fractured/IMG0001065.jpg,Non_fractured,EXCLUDE,N/A,Unclear,No,N/A,Source-labeled non-fractured; no fracture present (fails inclusion criterion 3).,High,done
Non_fractured/IMG0001066.jpg,Non_fractured,EXCLUDE,N/A,Unclear,No,N/A,Source-labeled non-fractured; no fracture present (fails inclusion criterion 3).,High,done
Non_fractured/IMG0001067.jpg,Non_fractured,EXCLUDE,N/A,Unclear,No,N/A,Source-labeled non-fractured; no fracture present (fails inclusion criterion 3).,High,done
Non_fractured/IMG0001068.jpg,Non_fractured,EXCLUDE,N/A,Unclear,No,N/A,Source-labeled non-fractured; no fracture present (fails inclusion criterion 3).,High,done
Non_fractured/IMG0001069.jpg,Non_fractured,EXCLUDE,N/A,Unclear,No,N/A,Source-labeled non-fractured; no fracture present (fails inclusion criterion 3).,High,done
Non_fractured/IMG0001071.jpg,Non_fractured,EXCLUDE,N/A,Unclear,No,N/A,Source-labeled non-fractured; no fracture present (fails inclusion criterion 3).,High,done
Non_fractured/IMG0001072.jpg,Non_fractured,EXCLUDE,N/A,Unclear,No,N/A,Source-labeled non-fractured; no fracture present (fails inclusion criterion 3).,High,done
Non_fractured/IMG0001074.jpg,Non_fractured,EXCLUDE,N/A,Unclear,No,N/A,Source-labeled non-fractured; no fracture present (fails inclusion criterion 3).,High,done
Non_fractured/IMG0001075.jpg,Non_fractured,EXCLUDE,N/A,Unclear,No,N/A,Source-labeled non-fractured; no fracture present (fails inclusion criterion 3).,High,done
Non_fractured/IMG0001076.jpg,Non_fractured,EXCLUDE,N/A,Unclear,No,N/A,Source-labeled non-fractured; no fracture present (fails inclusion criterion 3).,High,done
Non_fractured/IMG0001077.jpg,Non_fractured,EXCLUDE,N/A,Unclear,No,N/A,Source-labeled non-fractured; no fracture present (fails inclusion criterion 3).,High,done
Non_fractured/IMG0001078.jpg,Non_fractured,EXCLUDE,N/A,Unclear,No,N/A,Source-labeled non-fractured; no fracture present (fails inclusion criterion 3).,High,done
Non_fractured/IMG0001079.jpg,Non_fractured,EXCLUDE,N/A,Unclear,No,N/A,Source-labeled non-fractured; no fracture present (fails inclusion criterion 3).,High,done
Non_fractured/IMG0001080.jpg,Non_fractured,EXCLUDE,N/A,Unclear,No,N/A,Source-labeled non-fractured; no fracture present (fails inclusion criterion 3).,High,done
Non_fractured/IMG0001081.jpg,Non_fractured,EXCLUDE,N/A,Unclear,No,N/A,Source-labeled non-fractured; no fracture present (fails inclusion criterion 3).,High,done
Non_fractured/IMG0001082.jpg,Non_fractured,EXCLUDE,N/A,Unclear,No,N/A,Source-labeled non-fractured; no fracture present (fails inclusion criterion 3).,High,done
Non_fractured/IMG0001083.jpg,Non_fractured,EXCLUDE,N/A,Unclear,No,N/A,Source-labeled non-fractured; no fracture present (fails inclusion criterion 3).,High,done
Non_fractured/IMG0001084.jpg,Non_fractured,EXCLUDE,N/A,Unclear,No,N/A,Source-labeled non-fractured; no fracture present (fails inclusion criterion 3).,High,done
Non_fractured/IMG0001085.jpg,Non_fractured,EXCLUDE,N/A,Unclear,No,N/A,Source-labeled non-fractured; no fracture present (fails inclusion criterion 3).,High,done
Non_fractured/IMG0001086.jpg,Non_fractured,EXCLUDE,N/A,Unclear,No,N/A,Source-labeled non-fractured; no fracture present (fails inclusion criterion 3).,High,done
Non_fractured/IMG0001087.jpg,Non_fractured,EXCLUDE,N/A,Unclear,No,N/A,Source-labeled non-fractured; no fracture present (fails inclusion criterion 3).,High,done
Non_fractured/IMG0001088.jpg,Non_fractured,EXCLUDE,N/A,Unclear,No,N/A,Source-labeled non-fractured; no fracture present (fails inclusion criterion 3).,High,done
Non_fractured/IMG0001089.jpg,Non_fractured,EXCLUDE,N/A,Unclear,No,N/A,Source-labeled non-fractured; no fracture present (fails inclusion criterion 3).,High,done
Non_fractured/IMG0001090.jpg,Non_fractured,EXCLUDE,N/A,Unclear,No,N/A,Source-labeled non-fractured; no fracture present (fails inclusion criterion 3).,High,done
Non_fractured/IMG0001091.jpg,Non_fractured,EXCLUDE,N/A,Unclear,No,N/A,Source-labeled non-fractured; no fracture present (fails inclusion criterion 3).,High,done
Non_fractured/IMG0001092.jpg,Non_fractured,EXCLUDE,N/A,Unclear,No,N/A,Source-labeled non-fractured; no fracture present (fails inclusion criterion 3).,High,done
Non_fractured/IMG0001093.jpg,Non_fractured,EXCLUDE,N/A,Unclear,No,N/A,Source-labeled non-fractured; no fracture present (fails inclusion criterion 3).,High,done
Non_fractured/IMG0001094.jpg,Non_fractured,EXCLUDE,N/A,Unclear,No,N/A,Source-labeled non-fractured; no fracture present (fails inclusion criterion 3).,High,done
Non_fractured/IMG0001095.jpg,Non_fractured,EXCLUDE,N/A,Unclear,No,N/A,Source-labeled non-fractured; no fracture present (fails inclusion criterion 3).,High,done
Non_fractured/IMG0001096.jpg,Non_fractured,EXCLUDE,N/A,Unclear,No,N/A,Source-labeled non-fractured; no fracture present (fails inclusion criterion 3).,High,done
Non_fractured/IMG0001097.jpg,Non_fractured,EXCLUDE,N/A,Unclear,No,N/A,Source-labeled non-fractured; no fracture present (fails inclusion criterion 3).,High,done
Non_fractured/IMG0001098.jpg,Non_fractured,EXCLUDE,N/A,Unclear,No,N/A,Source-labeled non-fractured; no fracture present (fails inclusion criterion 3).,High,done
Non_fractured/IMG0001099.jpg,Non_fractured,EXCLUDE,N/A,Unclear,No,N/A,Source-labeled non-fractured; no fracture present (fails inclusion criterion 3).,High,done
Non_fractured/IMG0001100.jpg,Non_fractured,EXCLUDE,N/A,Unclear,No,N/A,Source-labeled non-fractured; no fracture present (fails inclusion criterion 3).,High,done
Non_fractured/IMG0001101.jpg,Non_fractured,EXCLUDE,N/A,Unclear,No,N/A,Source-labeled non-fractured; no fracture present (fails inclusion criterion 3).,High,done
Non_fractured/IMG0001102.jpg,Non_fractured,EXCLUDE,N/A,Unclear,No,N/A,Source-labeled non-fractured; no fracture present (fails inclusion criterion 3).,High,done
Non_fractured/IMG0001103.jpg,Non_fractured,EXCLUDE,N/A,Unclear,No,N/A,Source-labeled non-fractured; no fracture present (fails inclusion criterion 3).,High,done
Non_fractured/IMG0001104.jpg,Non_fractured,EXCLUDE,N/A,Unclear,No,N/A,Source-labeled non-fractured; no fracture present (fails inclusion criterion 3).,High,done
Non_fractured/IMG0001105.jpg,Non_fractured,EXCLUDE,N/A,Unclear,No,N/A,Source-labeled non-fractured; no fracture present (fails inclusion criterion 3).,High,done
Non_fractured/IMG0001106.jpg,Non_fractured,EXCLUDE,N/A,Unclear,No,N/A,Source-labeled non-fractured; no fracture present (fails inclusion criterion 3).,High,done
Non_fractured/IMG0001107.jpg,Non_fractured,EXCLUDE,N/A,Unclear,No,N/A,Source-labeled non-fractured; no fracture present (fails inclusion criterion 3).,High,done
Non_fractured/IMG0001108.jpg,Non_fractured,EXCLUDE,N/A,Unclear,No,N/A,Source-labeled non-fractured; no fracture present (fails inclusion criterion 3).,High,done
Non_fractured/IMG0001109.jpg,Non_fractured,EXCLUDE,N/A,Unclear,No,N/A,Source-labeled non-fractured; no fracture present (fails inclusion criterion 3).,High,done
Non_fractured/IMG0001110.jpg,Non_fractured,EXCLUDE,N/A,Unclear,No,N/A,Source-labeled non-fractured; no fracture present (fails inclusion criterion 3).,High,done
Non_fractured/IMG0001111.jpg,Non_fractured,EXCLUDE,N/A,Unclear,No,N/A,Source-labeled non-fractured; no fracture present (fails inclusion criterion 3).,High,done
Non_fractured/IMG0001112.jpg,Non_fractured,EXCLUDE,N/A,Unclear,No,N/A,Source-labeled non-fractured; no fracture present (fails inclusion criterion 3).,High,done
Non_fractured/IMG0001113.jpg,Non_fractured,EXCLUDE,N/A,Unclear,No,N/A,Source-labeled non-fractured; no fracture present (fails inclusion criterion 3).,High,done
Non_fractured/IMG0001114.jpg,Non_fractured,EXCLUDE,N/A,Unclear,No,N/A,Source-labeled non-fractured; no fracture present (fails inclusion criterion 3).,High,done
Non_fractured/IMG0001115.jpg,Non_fractured,EXCLUDE,N/A,Unclear,No,N/A,Source-labeled non-fractured; no fracture present (fails inclusion criterion 3).,High,done
Non_fractured/IMG0001116.jpg,Non_fractured,EXCLUDE,N/A,Unclear,No,N/A,Source-labeled non-fractured; no fracture present (fails inclusion criterion 3).,High,done
Non_fractured/IMG0001117.jpg,Non_fractured,EXCLUDE,N/A,Unclear,No,N/A,Source-labeled non-fractured; no fracture present (fails inclusion criterion 3).,High,done
Non_fractured/IMG0001118.jpg,Non_fractured,EXCLUDE,N/A,Unclear,No,N/A,Source-labeled non-fractured; no fracture present (fails inclusion criterion 3).,High,done
Non_fractured/IMG0001119.jpg,Non_fractured,EXCLUDE,N/A,Unclear,No,N/A,Source-labeled non-fractured; no fracture present (fails inclusion criterion 3).,High,done
Non_fractured/IMG0001120.jpg,Non_fractured,EXCLUDE,N/A,Unclear,No,N/A,Source-labeled non-fractured; no fracture present (fails inclusion criterion 3).,High,done
Non_fractured/IMG0001121.jpg,Non_fractured,EXCLUDE,N/A,Unclear,No,N/A,Source-labeled non-fractured; no fracture present (fails inclusion criterion 3).,High,done
Non_fractured/IMG0001122.jpg,Non_fractured,EXCLUDE,N/A,Unclear,No,N/A,Source-labeled non-fractured; no fracture present (fails inclusion criterion 3).,High,done
Non_fractured/IMG0001124.jpg,Non_fractured,EXCLUDE,N/A,Unclear,No,N/A,Source-labeled non-fractured; no fracture present (fails inclusion criterion 3).,High,done
Non_fractured/IMG0001125.jpg,Non_fractured,EXCLUDE,N/A,Unclear,No,N/A,Source-labeled non-fractured; no fracture present (fails inclusion criterion 3).,High,done
Non_fractured/IMG0001126.jpg,Non_fractured,EXCLUDE,N/A,Unclear,No,N/A,Source-labeled non-fractured; no fracture present (fails inclusion criterion 3).,High,done
Non_fractured/IMG0001127.jpg,Non_fractured,EXCLUDE,N/A,Unclear,No,N/A,Source-labeled non-fractured; no fracture present (fails inclusion criterion 3).,High,done
Non_fractured/IMG0001128.jpg,Non_fractured,EXCLUDE,N/A,Unclear,No,N/A,Source-labeled non-fractured; no fracture present (fails inclusion criterion 3).,High,done
Non_fractured/IMG0001129.jpg,Non_fractured,EXCLUDE,N/A,Unclear,No,N/A,Source-labeled non-fractured; no fracture present (fails inclusion criterion 3).,High,done
Non_fractured/IMG0001130.jpg,Non_fractured,EXCLUDE,N/A,Unclear,No,N/A,Source-labeled non-fractured; no fracture present (fails inclusion criterion 3).,High,done
Non_fractured/IMG0001131.jpg,Non_fractured,EXCLUDE,N/A,Unclear,No,N/A,Source-labeled non-fractured; no fracture present (fails inclusion criterion 3).,High,done
Non_fractured/IMG0001132.jpg,Non_fractured,EXCLUDE,N/A,Unclear,No,N/A,Source-labeled non-fractured; no fracture present (fails inclusion criterion 3).,High,done
Non_fractured/IMG0001133.jpg,Non_fractured,EXCLUDE,N/A,Unclear,No,N/A,Source-labeled non-fractured; no fracture present (fails inclusion criterion 3).,High,done
Non_fractured/IMG0001134.jpg,Non_fractured,EXCLUDE,N/A,Unclear,No,N/A,Source-labeled non-fractured; no fracture present (fails inclusion criterion 3).,High,done
Non_fractured/IMG0001135.jpg,Non_fractured,EXCLUDE,N/A,Unclear,No,N/A,Source-labeled non-fractured; no fracture present (fails inclusion criterion 3).,High,done
Non_fractured/IMG0001136.jpg,Non_fractured,EXCLUDE,N/A,Unclear,No,N/A,Source-labeled non-fractured; no fracture present (fails inclusion criterion 3).,High,done
Non_fractured/IMG0001137.jpg,Non_fractured,EXCLUDE,N/A,Unclear,No,N/A,Source-labeled non-fractured; no fracture present (fails inclusion criterion 3).,High,done
Non_fractured/IMG0001138.jpg,Non_fractured,EXCLUDE,N/A,Unclear,No,N/A,Source-labeled non-fractured; no fracture present (fails inclusion criterion 3).,High,done
Non_fractured/IMG0001139.jpg,Non_fractured,EXCLUDE,N/A,Unclear,No,N/A,Source-labeled non-fractured; no fracture present (fails inclusion criterion 3).,High,done
Non_fractured/IMG0001140.jpg,Non_fractured,EXCLUDE,N/A,Unclear,No,N/A,Source-labeled non-fractured; no fracture present (fails inclusion criterion 3).,High,done
Non_fractured/IMG0001141.jpg,Non_fractured,EXCLUDE,N/A,Unclear,No,N/A,Source-labeled non-fractured; no fracture present (fails inclusion criterion 3).,High,done
Non_fractured/IMG0001142.jpg,Non_fractured,EXCLUDE,N/A,Unclear,No,N/A,Source-labeled non-fractured; no fracture present (fails inclusion criterion 3).,High,done
Non_fractured/IMG0001143.jpg,Non_fractured,EXCLUDE,N/A,Unclear,No,N/A,Source-labeled non-fractured; no fracture present (fails inclusion criterion 3).,High,done
Non_fractured/IMG0001144.jpg,Non_fractured,EXCLUDE,N/A,Unclear,No,N/A,Source-labeled non-fractured; no fracture present (fails inclusion criterion 3).,High,done
Non_fractured/IMG0001145.jpg,Non_fractured,EXCLUDE,N/A,Unclear,No,N/A,Source-labeled non-fractured; no fracture present (fails inclusion criterion 3).,High,done
Non_fractured/IMG0001146.jpg,Non_fractured,EXCLUDE,N/A,Unclear,No,N/A,Source-labeled non-fractured; no fracture present (fails inclusion criterion 3).,High,done
Non_fractured/IMG0001149.jpg,Non_fractured,EXCLUDE,N/A,Unclear,No,N/A,Source-labeled non-fractured; no fracture present (fails inclusion criterion 3).,High,done
Non_fractured/IMG0001150.jpg,Non_fractured,EXCLUDE,N/A,Unclear,No,N/A,Source-labeled non-fractured; no fracture present (fails inclusion criterion 3).,High,done
Non_fractured/IMG0001153.jpg,Non_fractured,EXCLUDE,N/A,Unclear,No,N/A,Source-labeled non-fractured; no fracture present (fails inclusion criterion 3).,High,done
Non_fractured/IMG0001154.jpg,Non_fractured,EXCLUDE,N/A,Unclear,No,N/A,Source-labeled non-fractured; no fracture present (fails inclusion criterion 3).,High,done
Non_fractured/IMG0001155.jpg,Non_fractured,EXCLUDE,N/A,Unclear,No,N/A,Source-labeled non-fractured; no fracture present (fails inclusion criterion 3).,High,done
Non_fractured/IMG0001156.jpg,Non_fractured,EXCLUDE,N/A,Unclear,No,N/A,Source-labeled non-fractured; no fracture present (fails inclusion criterion 3).,High,done
Non_fractured/IMG0001157.jpg,Non_fractured,EXCLUDE,N/A,Unclear,No,N/A,Source-labeled non-fractured; no fracture present (fails inclusion criterion 3).,High,done
Non_fractured/IMG0001158.jpg,Non_fractured,EXCLUDE,N/A,Unclear,No,N/A,Source-labeled non-fractured; no fracture present (fails inclusion criterion 3).,High,done
Non_fractured/IMG0001159.jpg,Non_fractured,EXCLUDE,N/A,Unclear,No,N/A,Source-labeled non-fractured; no fracture present (fails inclusion criterion 3).,High,done
Non_fractured/IMG0001160.jpg,Non_fractured,EXCLUDE,N/A,Unclear,No,N/A,Source-labeled non-fractured; no fracture present (fails inclusion criterion 3).,High,done
Non_fractured/IMG0001161.jpg,Non_fractured,EXCLUDE,N/A,Unclear,No,N/A,Source-labeled non-fractured; no fracture present (fails inclusion criterion 3).,High,done
Non_fractured/IMG0001162.jpg,Non_fractured,EXCLUDE,N/A,Unclear,No,N/A,Source-labeled non-fractured; no fracture present (fails inclusion criterion 3).,High,done
Non_fractured/IMG0001163.jpg,Non_fractured,EXCLUDE,N/A,Unclear,No,N/A,Source-labeled non-fractured; no fracture present (fails inclusion criterion 3).,High,done
Non_fractured/IMG0001164.jpg,Non_fractured,EXCLUDE,N/A,Unclear,No,N/A,Source-labeled non-fractured; no fracture present (fails inclusion criterion 3).,High,done
Non_fractured/IMG0001165.jpg,Non_fractured,EXCLUDE,N/A,Unclear,No,N/A,Source-labeled non-fractured; no fracture present (fails inclusion criterion 3).,High,done
Non_fractured/IMG0001166.jpg,Non_fractured,EXCLUDE,N/A,Unclear,No,N/A,Source-labeled non-fractured; no fracture present (fails inclusion criterion 3).,High,done
Non_fractured/IMG0001167.jpg,Non_fractured,EXCLUDE,N/A,Unclear,No,N/A,Source-labeled non-fractured; no fracture present (fails inclusion criterion 3).,High,done
Non_fractured/IMG0001168.jpg,Non_fractured,EXCLUDE,N/A,Unclear,No,N/A,Source-labeled non-fractured; no fracture present (fails inclusion criterion 3).,High,done
Non_fractured/IMG0001169.jpg,Non_fractured,EXCLUDE,N/A,Unclear,No,N/A,Source-labeled non-fractured; no fracture present (fails inclusion criterion 3).,High,done
Non_fractured/IMG0001170.jpg,Non_fractured,EXCLUDE,N/A,Unclear,No,N/A,Source-labeled non-fractured; no fracture present (fails inclusion criterion 3).,High,done
Non_fractured/IMG0001171.jpg,Non_fractured,EXCLUDE,N/A,Unclear,No,N/A,Source-labeled non-fractured; no fracture present (fails inclusion criterion 3).,High,done
Non_fractured/IMG0001172.jpg,Non_fractured,EXCLUDE,N/A,Unclear,No,N/A,Source-labeled non-fractured; no fracture present (fails inclusion criterion 3).,High,done
Non_fractured/IMG0001173.jpg,Non_fractured,EXCLUDE,N/A,Unclear,No,N/A,Source-labeled non-fractured; no fracture present (fails inclusion criterion 3).,High,done
Non_fractured/IMG0001174.jpg,Non_fractured,EXCLUDE,N/A,Unclear,No,N/A,Source-labeled non-fractured; no fracture present (fails inclusion criterion 3).,High,done
Non_fractured/IMG0001175.jpg,Non_fractured,EXCLUDE,N/A,Unclear,No,N/A,Source-labeled non-fractured; no fracture present (fails inclusion criterion 3).,High,done
Non_fractured/IMG0001176.jpg,Non_fractured,EXCLUDE,N/A,Unclear,No,N/A,Source-labeled non-fractured; no fracture present (fails inclusion criterion 3).,High,done
Non_fractured/IMG0001177.jpg,Non_fractured,EXCLUDE,N/A,Unclear,No,N/A,Source-labeled non-fractured; no fracture present (fails inclusion criterion 3).,High,done
Non_fractured/IMG0001178.jpg,Non_fractured,EXCLUDE,N/A,Unclear,No,N/A,Source-labeled non-fractured; no fracture present (fails inclusion criterion 3).,High,done
Non_fractured/IMG0001179.jpg,Non_fractured,EXCLUDE,N/A,Unclear,No,N/A,Source-labeled non-fractured; no fracture present (fails inclusion criterion 3).,High,done
Non_fractured/IMG0001180.jpg,Non_fractured,EXCLUDE,N/A,Unclear,No,N/A,Source-labeled non-fractured; no fracture present (fails inclusion criterion 3).,High,done
Non_fractured/IMG0001181.jpg,Non_fractured,EXCLUDE,N/A,Unclear,No,N/A,Source-labeled non-fractured; no fracture present (fails inclusion criterion 3).,High,done
Non_fractured/IMG0001182.jpg,Non_fractured,EXCLUDE,N/A,Unclear,No,N/A,Source-labeled non-fractured; no fracture present (fails inclusion criterion 3).,High,done
Non_fractured/IMG0001183.jpg,Non_fractured,EXCLUDE,N/A,Unclear,No,N/A,Source-labeled non-fractured; no fracture present (fails inclusion criterion 3).,High,done
Non_fractured/IMG0001184.jpg,Non_fractured,EXCLUDE,N/A,Unclear,No,N/A,Source-labeled non-fractured; no fracture present (fails inclusion criterion 3).,High,done
Non_fractured/IMG0001185.jpg,Non_fractured,EXCLUDE,N/A,Unclear,No,N/A,Source-labeled non-fractured; no fracture present (fails inclusion criterion 3).,High,done
Non_fractured/IMG0001186.jpg,Non_fractured,EXCLUDE,N/A,Unclear,No,N/A,Source-labeled non-fractured; no fracture present (fails inclusion criterion 3).,High,done
Non_fractured/IMG0001187.jpg,Non_fractured,EXCLUDE,N/A,Unclear,No,N/A,Source-labeled non-fractured; no fracture present (fails inclusion criterion 3).,High,done
Non_fractured/IMG0001188.jpg,Non_fractured,EXCLUDE,N/A,Unclear,No,N/A,Source-labeled non-fractured; no fracture present (fails inclusion criterion 3).,High,done
Non_fractured/IMG0001189.jpg,Non_fractured,EXCLUDE,N/A,Unclear,No,N/A,Source-labeled non-fractured; no fracture present (fails inclusion criterion 3).,High,done
Non_fractured/IMG0001190.jpg,Non_fractured,EXCLUDE,N/A,Unclear,No,N/A,Source-labeled non-fractured; no fracture present (fails inclusion criterion 3).,High,done
Non_fractured/IMG0001193.jpg,Non_fractured,EXCLUDE,N/A,Unclear,No,N/A,Source-labeled non-fractured; no fracture present (fails inclusion criterion 3).,High,done
Non_fractured/IMG0001194.jpg,Non_fractured,EXCLUDE,N/A,Unclear,No,N/A,Source-labeled non-fractured; no fracture present (fails inclusion criterion 3).,High,done
Non_fractured/IMG0001195.jpg,Non_fractured,EXCLUDE,N/A,Unclear,No,N/A,Source-labeled non-fractured; no fracture present (fails inclusion criterion 3).,High,done
Non_fractured/IMG0001196.jpg,Non_fractured,EXCLUDE,N/A,Unclear,No,N/A,Source-labeled non-fractured; no fracture present (fails inclusion criterion 3).,High,done
Non_fractured/IMG0001197.jpg,Non_fractured,EXCLUDE,N/A,Unclear,No,N/A,Source-labeled non-fractured; no fracture present (fails inclusion criterion 3).,High,done
Non_fractured/IMG0001201.jpg,Non_fractured,EXCLUDE,N/A,Unclear,No,N/A,Source-labeled non-fractured; no fracture present (fails inclusion criterion 3).,High,done
Non_fractured/IMG0001202.jpg,Non_fractured,EXCLUDE,N/A,Unclear,No,N/A,Source-labeled non-fractured; no fracture present (fails inclusion criterion 3).,High,done
Non_fractured/IMG0001203.jpg,Non_fractured,EXCLUDE,N/A,Unclear,No,N/A,Source-labeled non-fractured; no fracture present (fails inclusion criterion 3).,High,done
Non_fractured/IMG0001204.jpg,Non_fractured,EXCLUDE,N/A,Unclear,No,N/A,Source-labeled non-fractured; no fracture present (fails inclusion criterion 3).,High,done
Non_fractured/IMG0001205.jpg,Non_fractured,EXCLUDE,N/A,Unclear,No,N/A,Source-labeled non-fractured; no fracture present (fails inclusion criterion 3).,High,done
Non_fractured/IMG0001206.jpg,Non_fractured,EXCLUDE,N/A,Unclear,No,N/A,Source-labeled non-fractured; no fracture present (fails inclusion criterion 3).,High,done
Non_fractured/IMG0001207.jpg,Non_fractured,EXCLUDE,N/A,Unclear,No,N/A,Source-labeled non-fractured; no fracture present (fails inclusion criterion 3).,High,done
Non_fractured/IMG0001208.jpg,Non_fractured,EXCLUDE,N/A,Unclear,No,N/A,Source-labeled non-fractured; no fracture present (fails inclusion criterion 3).,High,done
Non_fractured/IMG0001209.jpg,Non_fractured,EXCLUDE,N/A,Unclear,No,N/A,Source-labeled non-fractured; no fracture present (fails inclusion criterion 3).,High,done
Non_fractured/IMG0001210.jpg,Non_fractured,EXCLUDE,N/A,Unclear,No,N/A,Source-labeled non-fractured; no fracture present (fails inclusion criterion 3).,High,done
Non_fractured/IMG0001211.jpg,Non_fractured,EXCLUDE,N/A,Unclear,No,N/A,Source-labeled non-fractured; no fracture present (fails inclusion criterion 3).,High,done
Non_fractured/IMG0001212.jpg,Non_fractured,EXCLUDE,N/A,Unclear,No,N/A,Source-labeled non-fractured; no fracture present (fails inclusion criterion 3).,High,done
Non_fractured/IMG0001213.jpg,Non_fractured,EXCLUDE,N/A,Unclear,No,N/A,Source-labeled non-fractured; no fracture present (fails inclusion criterion 3).,High,done
Non_fractured/IMG0001214.jpg,Non_fractured,EXCLUDE,N/A,Unclear,No,N/A,Source-labeled non-fractured; no fracture present (fails inclusion criterion 3).,High,done
Non_fractured/IMG0001215.jpg,Non_fractured,EXCLUDE,N/A,Unclear,No,N/A,Source-labeled non-fractured; no fracture present (fails inclusion criterion 3).,High,done
Non_fractured/IMG0001216.jpg,Non_fractured,EXCLUDE,N/A,Unclear,No,N/A,Source-labeled non-fractured; no fracture present (fails inclusion criterion 3).,High,done
Non_fractured/IMG0001217.jpg,Non_fractured,EXCLUDE,N/A,Unclear,No,N/A,Source-labeled non-fractured; no fracture present (fails inclusion criterion 3).,High,done
Non_fractured/IMG0001218.jpg,Non_fractured,EXCLUDE,N/A,Unclear,No,N/A,Source-labeled non-fractured; no fracture present (fails inclusion criterion 3).,High,done
Non_fractured/IMG0001219.jpg,Non_fractured,EXCLUDE,N/A,Unclear,No,N/A,Source-labeled non-fractured; no fracture present (fails inclusion criterion 3).,High,done
Non_fractured/IMG0001220.jpg,Non_fractured,EXCLUDE,N/A,Unclear,No,N/A,Source-labeled non-fractured; no fracture present (fails inclusion criterion 3).,High,done
Non_fractured/IMG0001221.jpg,Non_fractured,EXCLUDE,N/A,Unclear,No,N/A,Source-labeled non-fractured; no fracture present (fails inclusion criterion 3).,High,done
Non_fractured/IMG0001222.jpg,Non_fractured,EXCLUDE,N/A,Unclear,No,N/A,Source-labeled non-fractured; no fracture present (fails inclusion criterion 3).,High,done
Non_fractured/IMG0001223.jpg,Non_fractured,EXCLUDE,N/A,Unclear,No,N/A,Source-labeled non-fractured; no fracture present (fails inclusion criterion 3).,High,done
Non_fractured/IMG0001224.jpg,Non_fractured,EXCLUDE,N/A,Unclear,No,N/A,Source-labeled non-fractured; no fracture present (fails inclusion criterion 3).,High,done
Non_fractured/IMG0001225.jpg,Non_fractured,EXCLUDE,N/A,Unclear,No,N/A,Source-labeled non-fractured; no fracture present (fails inclusion criterion 3).,High,done
Non_fractured/IMG0001226.jpg,Non_fractured,EXCLUDE,N/A,Unclear,No,N/A,Source-labeled non-fractured; no fracture present (fails inclusion criterion 3).,High,done
Non_fractured/IMG0001227.jpg,Non_fractured,EXCLUDE,N/A,Unclear,No,N/A,Source-labeled non-fractured; no fracture present (fails inclusion criterion 3).,High,done
Non_fractured/IMG0001228.jpg,Non_fractured,EXCLUDE,N/A,Unclear,No,N/A,Source-labeled non-fractured; no fracture present (fails inclusion criterion 3).,High,done
Non_fractured/IMG0001229.jpg,Non_fractured,EXCLUDE,N/A,Unclear,No,N/A,Source-labeled non-fractured; no fracture present (fails inclusion criterion 3).,High,done
Non_fractured/IMG0001230.jpg,Non_fractured,EXCLUDE,N/A,Unclear,No,N/A,Source-labeled non-fractured; no fracture present (fails inclusion criterion 3).,High,done
Non_fractured/IMG0001231.jpg,Non_fractured,EXCLUDE,N/A,Unclear,No,N/A,Source-labeled non-fractured; no fracture present (fails inclusion criterion 3).,High,done
Non_fractured/IMG0001232.jpg,Non_fractured,EXCLUDE,N/A,Unclear,No,N/A,Source-labeled non-fractured; no fracture present (fails inclusion criterion 3).,High,done
Non_fractured/IMG0001233.jpg,Non_fractured,EXCLUDE,N/A,Unclear,No,N/A,Source-labeled non-fractured; no fracture present (fails inclusion criterion 3).,High,done
Non_fractured/IMG0001234.jpg,Non_fractured,EXCLUDE,N/A,Unclear,No,N/A,Source-labeled non-fractured; no fracture present (fails inclusion criterion 3).,High,done
Non_fractured/IMG0001235.jpg,Non_fractured,EXCLUDE,N/A,Unclear,No,N/A,Source-labeled non-fractured; no fracture present (fails inclusion criterion 3).,High,done
Non_fractured/IMG0001237.jpg,Non_fractured,EXCLUDE,N/A,Unclear,No,N/A,Source-labeled non-fractured; no fracture present (fails inclusion criterion 3).,High,done
Non_fractured/IMG0001238.jpg,Non_fractured,EXCLUDE,N/A,Unclear,No,N/A,Source-labeled non-fractured; no fracture present (fails inclusion criterion 3).,High,done
Non_fractured/IMG0001239.jpg,Non_fractured,EXCLUDE,N/A,Unclear,No,N/A,Source-labeled non-fractured; no fracture present (fails inclusion criterion 3).,High,done
Non_fractured/IMG0001240.jpg,Non_fractured,EXCLUDE,N/A,Unclear,No,N/A,Source-labeled non-fractured; no fracture present (fails inclusion criterion 3).,High,done
Non_fractured/IMG0001241.jpg,Non_fractured,EXCLUDE,N/A,Unclear,No,N/A,Source-labeled non-fractured; no fracture present (fails inclusion criterion 3).,High,done
Non_fractured/IMG0001242.jpg,Non_fractured,EXCLUDE,N/A,Unclear,No,N/A,Source-labeled non-fractured; no fracture present (fails inclusion criterion 3).,High,done
Non_fractured/IMG0001243.jpg,Non_fractured,EXCLUDE,N/A,Unclear,No,N/A,Source-labeled non-fractured; no fracture present (fails inclusion criterion 3).,High,done
Non_fractured/IMG0001244.jpg,Non_fractured,EXCLUDE,N/A,Unclear,No,N/A,Source-labeled non-fractured; no fracture present (fails inclusion criterion 3).,High,done
Non_fractured/IMG0001245.jpg,Non_fractured,EXCLUDE,N/A,Unclear,No,N/A,Source-labeled non-fractured; no fracture present (fails inclusion criterion 3).,High,done
Non_fractured/IMG0001246.jpg,Non_fractured,EXCLUDE,N/A,Unclear,No,N/A,Source-labeled non-fractured; no fracture present (fails inclusion criterion 3).,High,done
Non_fractured/IMG0001247.jpg,Non_fractured,EXCLUDE,N/A,Unclear,No,N/A,Source-labeled non-fractured; no fracture present (fails inclusion criterion 3).,High,done
Non_fractured/IMG0001248.jpg,Non_fractured,EXCLUDE,N/A,Unclear,No,N/A,Source-labeled non-fractured; no fracture present (fails inclusion criterion 3).,High,done
Non_fractured/IMG0001249.jpg,Non_fractured,EXCLUDE,N/A,Unclear,No,N/A,Source-labeled non-fractured; no fracture present (fails inclusion criterion 3).,High,done
Non_fractured/IMG0001250.jpg,Non_fractured,EXCLUDE,N/A,Unclear,No,N/A,Source-labeled non-fractured; no fracture present (fails inclusion criterion 3).,High,done
Non_fractured/IMG0001251.jpg,Non_fractured,EXCLUDE,N/A,Unclear,No,N/A,Source-labeled non-fractured; no fracture present (fails inclusion criterion 3).,High,done
Non_fractured/IMG0001252.jpg,Non_fractured,EXCLUDE,N/A,Unclear,No,N/A,Source-labeled non-fractured; no fracture present (fails inclusion criterion 3).,High,done
Non_fractured/IMG0001253.jpg,Non_fractured,EXCLUDE,N/A,Unclear,No,N/A,Source-labeled non-fractured; no fracture present (fails inclusion criterion 3).,High,done
Non_fractured/IMG0001254.jpg,Non_fractured,EXCLUDE,N/A,Unclear,No,N/A,Source-labeled non-fractured; no fracture present (fails inclusion criterion 3).,High,done
Non_fractured/IMG0001255.jpg,Non_fractured,EXCLUDE,N/A,Unclear,No,N/A,Source-labeled non-fractured; no fracture present (fails inclusion criterion 3).,High,done
Non_fractured/IMG0001256.jpg,Non_fractured,EXCLUDE,N/A,Unclear,No,N/A,Source-labeled non-fractured; no fracture present (fails inclusion criterion 3).,High,done
Non_fractured/IMG0001257.jpg,Non_fractured,EXCLUDE,N/A,Unclear,No,N/A,Source-labeled non-fractured; no fracture present (fails inclusion criterion 3).,High,done
Non_fractured/IMG0001258.jpg,Non_fractured,EXCLUDE,N/A,Unclear,No,N/A,Source-labeled non-fractured; no fracture present (fails inclusion criterion 3).,High,done
Non_fractured/IMG0001259.jpg,Non_fractured,EXCLUDE,N/A,Unclear,No,N/A,Source-labeled non-fractured; no fracture present (fails inclusion criterion 3).,High,done
Non_fractured/IMG0001260.jpg,Non_fractured,EXCLUDE,N/A,Unclear,No,N/A,Source-labeled non-fractured; no fracture present (fails inclusion criterion 3).,High,done
Non_fractured/IMG0001261.jpg,Non_fractured,EXCLUDE,N/A,Unclear,No,N/A,Source-labeled non-fractured; no fracture present (fails inclusion criterion 3).,High,done
Non_fractured/IMG0001262.jpg,Non_fractured,EXCLUDE,N/A,Unclear,No,N/A,Source-labeled non-fractured; no fracture present (fails inclusion criterion 3).,High,done
Non_fractured/IMG0001263.jpg,Non_fractured,EXCLUDE,N/A,Unclear,No,N/A,Source-labeled non-fractured; no fracture present (fails inclusion criterion 3).,High,done
Non_fractured/IMG0001264.jpg,Non_fractured,EXCLUDE,N/A,Unclear,No,N/A,Source-labeled non-fractured; no fracture present (fails inclusion criterion 3).,High,done
Non_fractured/IMG0001265.jpg,Non_fractured,EXCLUDE,N/A,Unclear,No,N/A,Source-labeled non-fractured; no fracture present (fails inclusion criterion 3).,High,done
Non_fractured/IMG0001266.jpg,Non_fractured,EXCLUDE,N/A,Unclear,No,N/A,Source-labeled non-fractured; no fracture present (fails inclusion criterion 3).,High,done
Non_fractured/IMG0001267.jpg,Non_fractured,EXCLUDE,N/A,Unclear,No,N/A,Source-labeled non-fractured; no fracture present (fails inclusion criterion 3).,High,done
Non_fractured/IMG0001268.jpg,Non_fractured,EXCLUDE,N/A,Unclear,No,N/A,Source-labeled non-fractured; no fracture present (fails inclusion criterion 3).,High,done
Non_fractured/IMG0001269.jpg,Non_fractured,EXCLUDE,N/A,Unclear,No,N/A,Source-labeled non-fractured; no fracture present (fails inclusion criterion 3).,High,done
Non_fractured/IMG0001270.jpg,Non_fractured,EXCLUDE,N/A,Unclear,No,N/A,Source-labeled non-fractured; no fracture present (fails inclusion criterion 3).,High,done
Non_fractured/IMG0001271.jpg,Non_fractured,EXCLUDE,N/A,Unclear,No,N/A,Source-labeled non-fractured; no fracture present (fails inclusion criterion 3).,High,done
Non_fractured/IMG0001272.jpg,Non_fractured,EXCLUDE,N/A,Unclear,No,N/A,Source-labeled non-fractured; no fracture present (fails inclusion criterion 3).,High,done
Non_fractured/IMG0001273.jpg,Non_fractured,EXCLUDE,N/A,Unclear,No,N/A,Source-labeled non-fractured; no fracture present (fails inclusion criterion 3).,High,done
Non_fractured/IMG0001274.jpg,Non_fractured,EXCLUDE,N/A,Unclear,No,N/A,Source-labeled non-fractured; no fracture present (fails inclusion criterion 3).,High,done
Non_fractured/IMG0001275.jpg,Non_fractured,EXCLUDE,N/A,Unclear,No,N/A,Source-labeled non-fractured; no fracture present (fails inclusion criterion 3).,High,done
Non_fractured/IMG0001276.jpg,Non_fractured,EXCLUDE,N/A,Unclear,No,N/A,Source-labeled non-fractured; no fracture present (fails inclusion criterion 3).,High,done
Non_fractured/IMG0001277.jpg,Non_fractured,EXCLUDE,N/A,Unclear,No,N/A,Source-labeled non-fractured; no fracture present (fails inclusion criterion 3).,High,done
Non_fractured/IMG0001278.jpg,Non_fractured,EXCLUDE,N/A,Unclear,No,N/A,Source-labeled non-fractured; no fracture present (fails inclusion criterion 3).,High,done
Non_fractured/IMG0001279.jpg,Non_fractured,EXCLUDE,N/A,Unclear,No,N/A,Source-labeled non-fractured; no fracture present (fails inclusion criterion 3).,High,done
Non_fractured/IMG0001280.jpg,Non_fractured,EXCLUDE,N/A,Unclear,No,N/A,Source-labeled non-fractured; no fracture present (fails inclusion criterion 3).,High,done
Non_fractured/IMG0001281.jpg,Non_fractured,EXCLUDE,N/A,Unclear,No,N/A,Source-labeled non-fractured; no fracture present (fails inclusion criterion 3).,High,done
Non_fractured/IMG0001282.jpg,Non_fractured,EXCLUDE,N/A,Unclear,No,N/A,Source-labeled non-fractured; no fracture present (fails inclusion criterion 3).,High,done
Non_fractured/IMG0001283.jpg,Non_fractured,EXCLUDE,N/A,Unclear,No,N/A,Source-labeled non-fractured; no fracture present (fails inclusion criterion 3).,High,done
Non_fractured/IMG0001285.jpg,Non_fractured,EXCLUDE,N/A,Unclear,No,N/A,Source-labeled non-fractured; no fracture present (fails inclusion criterion 3).,High,done
Non_fractured/IMG0001286.jpg,Non_fractured,EXCLUDE,N/A,Unclear,No,N/A,Source-labeled non-fractured; no fracture present (fails inclusion criterion 3).,High,done
Non_fractured/IMG0001287.jpg,Non_fractured,EXCLUDE,N/A,Unclear,No,N/A,Source-labeled non-fractured; no fracture present (fails inclusion criterion 3).,High,done
Non_fractured/IMG0001288.jpg,Non_fractured,EXCLUDE,N/A,Unclear,No,N/A,Source-labeled non-fractured; no fracture present (fails inclusion criterion 3).,High,done
Non_fractured/IMG0001289.jpg,Non_fractured,EXCLUDE,N/A,Unclear,No,N/A,Source-labeled non-fractured; no fracture present (fails inclusion criterion 3).,High,done
Non_fractured/IMG0001290.jpg,Non_fractured,EXCLUDE,N/A,Unclear,No,N/A,Source-labeled non-fractured; no fracture present (fails inclusion criterion 3).,High,done
Non_fractured/IMG0001291.jpg,Non_fractured,EXCLUDE,N/A,Unclear,No,N/A,Source-labeled non-fractured; no fracture present (fails inclusion criterion 3).,High,done
Non_fractured/IMG0001292.jpg,Non_fractured,EXCLUDE,N/A,Unclear,No,N/A,Source-labeled non-fractured; no fracture present (fails inclusion criterion 3).,High,done
Non_fractured/IMG0001293.jpg,Non_fractured,EXCLUDE,N/A,Unclear,No,N/A,Source-labeled non-fractured; no fracture present (fails inclusion criterion 3).,High,done
Non_fractured/IMG0001294.jpg,Non_fractured,EXCLUDE,N/A,Unclear,No,N/A,Source-labeled non-fractured; no fracture present (fails inclusion criterion 3).,High,done
Non_fractured/IMG0001295.jpg,Non_fractured,EXCLUDE,N/A,Unclear,No,N/A,Source-labeled non-fractured; no fracture present (fails inclusion criterion 3).,High,done
Non_fractured/IMG0001296.jpg,Non_fractured,EXCLUDE,N/A,Unclear,No,N/A,Source-labeled non-fractured; no fracture present (fails inclusion criterion 3).,High,done
Non_fractured/IMG0001297.jpg,Non_fractured,EXCLUDE,N/A,Unclear,No,N/A,Source-labeled non-fractured; no fracture present (fails inclusion criterion 3).,High,done
Non_fractured/IMG0001298.jpg,Non_fractured,EXCLUDE,N/A,Unclear,No,N/A,Source-labeled non-fractured; no fracture present (fails inclusion criterion 3).,High,done
Non_fractured/IMG0001299.jpg,Non_fractured,EXCLUDE,N/A,Unclear,No,N/A,Source-labeled non-fractured; no fracture present (fails inclusion criterion 3).,High,done
Non_fractured/IMG0001300.jpg,Non_fractured,EXCLUDE,N/A,Unclear,No,N/A,Source-labeled non-fractured; no fracture present (fails inclusion criterion 3).,High,done
Non_fractured/IMG0001301.jpg,Non_fractured,EXCLUDE,N/A,Unclear,No,N/A,Source-labeled non-fractured; no fracture present (fails inclusion criterion 3).,High,done
Non_fractured/IMG0001302.jpg,Non_fractured,EXCLUDE,N/A,Unclear,No,N/A,Source-labeled non-fractured; no fracture present (fails inclusion criterion 3).,High,done
Non_fractured/IMG0001303.jpg,Non_fractured,EXCLUDE,N/A,Unclear,No,N/A,Source-labeled non-fractured; no fracture present (fails inclusion criterion 3).,High,done
Non_fractured/IMG0001304.jpg,Non_fractured,EXCLUDE,N/A,Unclear,No,N/A,Source-labeled non-fractured; no fracture present (fails inclusion criterion 3).,High,done
Non_fractured/IMG0001305.jpg,Non_fractured,EXCLUDE,N/A,Unclear,No,N/A,Source-labeled non-fractured; no fracture present (fails inclusion criterion 3).,High,done
Non_fractured/IMG0001306.jpg,Non_fractured,EXCLUDE,N/A,Unclear,No,N/A,Source-labeled non-fractured; no fracture present (fails inclusion criterion 3).,High,done
Non_fractured/IMG0001307.jpg,Non_fractured,EXCLUDE,N/A,Unclear,No,N/A,Source-labeled non-fractured; no fracture present (fails inclusion criterion 3).,High,done
Non_fractured/IMG0001308.jpg,Non_fractured,EXCLUDE,N/A,Unclear,No,N/A,Source-labeled non-fractured; no fracture present (fails inclusion criterion 3).,High,done
Non_fractured/IMG0001309.jpg,Non_fractured,EXCLUDE,N/A,Unclear,No,N/A,Source-labeled non-fractured; no fracture present (fails inclusion criterion 3).,High,done
Non_fractured/IMG0001310.jpg,Non_fractured,EXCLUDE,N/A,Unclear,No,N/A,Source-labeled non-fractured; no fracture present (fails inclusion criterion 3).,High,done
Non_fractured/IMG0001311.jpg,Non_fractured,EXCLUDE,N/A,Unclear,No,N/A,Source-labeled non-fractured; no fracture present (fails inclusion criterion 3).,High,done
Non_fractured/IMG0001312.jpg,Non_fractured,EXCLUDE,N/A,Unclear,No,N/A,Source-labeled non-fractured; no fracture present (fails inclusion criterion 3).,High,done
Non_fractured/IMG0001313.jpg,Non_fractured,EXCLUDE,N/A,Unclear,No,N/A,Source-labeled non-fractured; no fracture present (fails inclusion criterion 3).,High,done
Non_fractured/IMG0001314.jpg,Non_fractured,EXCLUDE,N/A,Unclear,No,N/A,Source-labeled non-fractured; no fracture present (fails inclusion criterion 3).,High,done
Non_fractured/IMG0001315.jpg,Non_fractured,EXCLUDE,N/A,Unclear,No,N/A,Source-labeled non-fractured; no fracture present (fails inclusion criterion 3).,High,done
Non_fractured/IMG0001316.jpg,Non_fractured,EXCLUDE,N/A,Unclear,No,N/A,Source-labeled non-fractured; no fracture present (fails inclusion criterion 3).,High,done
Non_fractured/IMG0001317.jpg,Non_fractured,EXCLUDE,N/A,Unclear,No,N/A,Source-labeled non-fractured; no fracture present (fails inclusion criterion 3).,High,done
Non_fractured/IMG0001318.jpg,Non_fractured,EXCLUDE,N/A,Unclear,No,N/A,Source-labeled non-fractured; no fracture present (fails inclusion criterion 3).,High,done
Non_fractured/IMG0001319.jpg,Non_fractured,EXCLUDE,N/A,Unclear,No,N/A,Source-labeled non-fractured; no fracture present (fails inclusion criterion 3).,High,done
Non_fractured/IMG0001320.jpg,Non_fractured,EXCLUDE,N/A,Unclear,No,N/A,Source-labeled non-fractured; no fracture present (fails inclusion criterion 3).,High,done
Non_fractured/IMG0001321.jpg,Non_fractured,EXCLUDE,N/A,Unclear,No,N/A,Source-labeled non-fractured; no fracture present (fails inclusion criterion 3).,High,done
Non_fractured/IMG0001322.jpg,Non_fractured,EXCLUDE,N/A,Unclear,No,N/A,Source-labeled non-fractured; no fracture present (fails inclusion criterion 3).,High,done
Non_fractured/IMG0001323.jpg,Non_fractured,EXCLUDE,N/A,Unclear,No,N/A,Source-labeled non-fractured; no fracture present (fails inclusion criterion 3).,High,done
Non_fractured/IMG0001324.jpg,Non_fractured,EXCLUDE,N/A,Unclear,No,N/A,Source-labeled non-fractured; no fracture present (fails inclusion criterion 3).,High,done
Non_fractured/IMG0001325.jpg,Non_fractured,EXCLUDE,N/A,Unclear,No,N/A,Source-labeled non-fractured; no fracture present (fails inclusion criterion 3).,High,done
Non_fractured/IMG0001326.jpg,Non_fractured,EXCLUDE,N/A,Unclear,No,N/A,Source-labeled non-fractured; no fracture present (fails inclusion criterion 3).,High,done
Non_fractured/IMG0001327.jpg,Non_fractured,EXCLUDE,N/A,Unclear,No,N/A,Source-labeled non-fractured; no fracture present (fails inclusion criterion 3).,High,done
Non_fractured/IMG0001328.jpg,Non_fractured,EXCLUDE,N/A,Unclear,No,N/A,Source-labeled non-fractured; no fracture present (fails inclusion criterion 3).,High,done
Non_fractured/IMG0001329.jpg,Non_fractured,EXCLUDE,N/A,Unclear,No,N/A,Source-labeled non-fractured; no fracture present (fails inclusion criterion 3).,High,done
Non_fractured/IMG0001330.jpg,Non_fractured,EXCLUDE,N/A,Unclear,No,N/A,Source-labeled non-fractured; no fracture present (fails inclusion criterion 3).,High,done
Non_fractured/IMG0001331.jpg,Non_fractured,EXCLUDE,N/A,Unclear,No,N/A,Source-labeled non-fractured; no fracture present (fails inclusion criterion 3).,High,done
Non_fractured/IMG0001332.jpg,Non_fractured,EXCLUDE,N/A,Unclear,No,N/A,Source-labeled non-fractured; no fracture present (fails inclusion criterion 3).,High,done
Non_fractured/IMG0001333.jpg,Non_fractured,EXCLUDE,N/A,Unclear,No,N/A,Source-labeled non-fractured; no fracture present (fails inclusion criterion 3).,High,done
Non_fractured/IMG0001334.jpg,Non_fractured,EXCLUDE,N/A,Unclear,No,N/A,Source-labeled non-fractured; no fracture present (fails inclusion criterion 3).,High,done
Non_fractured/IMG0001335.jpg,Non_fractured,EXCLUDE,N/A,Unclear,No,N/A,Source-labeled non-fractured; no fracture present (fails inclusion criterion 3).,High,done
Non_fractured/IMG0001336.jpg,Non_fractured,EXCLUDE,N/A,Unclear,No,N/A,Source-labeled non-fractured; no fracture present (fails inclusion criterion 3).,High,done
Non_fractured/IMG0001337.jpg,Non_fractured,EXCLUDE,N/A,Unclear,No,N/A,Source-labeled non-fractured; no fracture present (fails inclusion criterion 3).,High,done
Non_fractured/IMG0001338.jpg,Non_fractured,EXCLUDE,N/A,Unclear,No,N/A,Source-labeled non-fractured; no fracture present (fails inclusion criterion 3).,High,done
Non_fractured/IMG0001339.jpg,Non_fractured,EXCLUDE,N/A,Unclear,No,N/A,Source-labeled non-fractured; no fracture present (fails inclusion criterion 3).,High,done
Non_fractured/IMG0001340.jpg,Non_fractured,EXCLUDE,N/A,Unclear,No,N/A,Source-labeled non-fractured; no fracture present (fails inclusion criterion 3).,High,done
Non_fractured/IMG0001341.jpg,Non_fractured,EXCLUDE,N/A,Unclear,No,N/A,Source-labeled non-fractured; no fracture present (fails inclusion criterion 3).,High,done
Non_fractured/IMG0001342.jpg,Non_fractured,EXCLUDE,N/A,Unclear,No,N/A,Source-labeled non-fractured; no fracture present (fails inclusion criterion 3).,High,done
Non_fractured/IMG0001343.jpg,Non_fractured,EXCLUDE,N/A,Unclear,No,N/A,Source-labeled non-fractured; no fracture present (fails inclusion criterion 3).,High,done
Non_fractured/IMG0001344.jpg,Non_fractured,EXCLUDE,N/A,Unclear,No,N/A,Source-labeled non-fractured; no fracture present (fails inclusion criterion 3).,High,done
Non_fractured/IMG0001345.jpg,Non_fractured,EXCLUDE,N/A,Unclear,No,N/A,Source-labeled non-fractured; no fracture present (fails inclusion criterion 3).,High,done
Non_fractured/IMG0001346.jpg,Non_fractured,EXCLUDE,N/A,Unclear,No,N/A,Source-labeled non-fractured; no fracture present (fails inclusion criterion 3).,High,done
Non_fractured/IMG0001347.jpg,Non_fractured,EXCLUDE,N/A,Unclear,No,N/A,Source-labeled non-fractured; no fracture present (fails inclusion criterion 3).,High,done
Non_fractured/IMG0001348.jpg,Non_fractured,EXCLUDE,N/A,Unclear,No,N/A,Source-labeled non-fractured; no fracture present (fails inclusion criterion 3).,High,done
Non_fractured/IMG0001349.jpg,Non_fractured,EXCLUDE,N/A,Unclear,No,N/A,Source-labeled non-fractured; no fracture present (fails inclusion criterion 3).,High,done
Non_fractured/IMG0001352.jpg,Non_fractured,EXCLUDE,N/A,Unclear,No,N/A,Source-labeled non-fractured; no fracture present (fails inclusion criterion 3).,High,done
Non_fractured/IMG0001353.jpg,Non_fractured,EXCLUDE,N/A,Unclear,No,N/A,Source-labeled non-fractured; no fracture present (fails inclusion criterion 3).,High,done
Non_fractured/IMG0001354.jpg,Non_fractured,EXCLUDE,N/A,Unclear,No,N/A,Source-labeled non-fractured; no fracture present (fails inclusion criterion 3).,High,done
Non_fractured/IMG0001355.jpg,Non_fractured,EXCLUDE,N/A,Unclear,No,N/A,Source-labeled non-fractured; no fracture present (fails inclusion criterion 3).,High,done
Non_fractured/IMG0001356.jpg,Non_fractured,EXCLUDE,N/A,Unclear,No,N/A,Source-labeled non-fractured; no fracture present (fails inclusion criterion 3).,High,done
Non_fractured/IMG0001357.jpg,Non_fractured,EXCLUDE,N/A,Unclear,No,N/A,Source-labeled non-fractured; no fracture present (fails inclusion criterion 3).,High,done
Non_fractured/IMG0001358.jpg,Non_fractured,EXCLUDE,N/A,Unclear,No,N/A,Source-labeled non-fractured; no fracture present (fails inclusion criterion 3).,High,done
Non_fractured/IMG0001359.jpg,Non_fractured,EXCLUDE,N/A,Unclear,No,N/A,Source-labeled non-fractured; no fracture present (fails inclusion criterion 3).,High,done
Non_fractured/IMG0001368.jpg,Non_fractured,EXCLUDE,N/A,Unclear,No,N/A,Source-labeled non-fractured; no fracture present (fails inclusion criterion 3).,High,done
Non_fractured/IMG0001369.jpg,Non_fractured,EXCLUDE,N/A,Unclear,No,N/A,Source-labeled non-fractured; no fracture present (fails inclusion criterion 3).,High,done
Non_fractured/IMG0001370.jpg,Non_fractured,EXCLUDE,N/A,Unclear,No,N/A,Source-labeled non-fractured; no fracture present (fails inclusion criterion 3).,High,done
Non_fractured/IMG0001371.jpg,Non_fractured,EXCLUDE,N/A,Unclear,No,N/A,Source-labeled non-fractured; no fracture present (fails inclusion criterion 3).,High,done
Non_fractured/IMG0001372.jpg,Non_fractured,EXCLUDE,N/A,Unclear,No,N/A,Source-labeled non-fractured; no fracture present (fails inclusion criterion 3).,High,done
Non_fractured/IMG0001373.jpg,Non_fractured,EXCLUDE,N/A,Unclear,No,N/A,Source-labeled non-fractured; no fracture present (fails inclusion criterion 3).,High,done
Non_fractured/IMG0001374.jpg,Non_fractured,EXCLUDE,N/A,Unclear,No,N/A,Source-labeled non-fractured; no fracture present (fails inclusion criterion 3).,High,done
Non_fractured/IMG0001375.jpg,Non_fractured,EXCLUDE,N/A,Unclear,No,N/A,Source-labeled non-fractured; no fracture present (fails inclusion criterion 3).,High,done
Non_fractured/IMG0001376.jpg,Non_fractured,EXCLUDE,N/A,Unclear,No,N/A,Source-labeled non-fractured; no fracture present (fails inclusion criterion 3).,High,done
Non_fractured/IMG0001377.jpg,Non_fractured,EXCLUDE,N/A,Unclear,No,N/A,Source-labeled non-fractured; no fracture present (fails inclusion criterion 3).,High,done
Non_fractured/IMG0001378.jpg,Non_fractured,EXCLUDE,N/A,Unclear,No,N/A,Source-labeled non-fractured; no fracture present (fails inclusion criterion 3).,High,done
Non_fractured/IMG0001379.jpg,Non_fractured,EXCLUDE,N/A,Unclear,No,N/A,Source-labeled non-fractured; no fracture present (fails inclusion criterion 3).,High,done
Non_fractured/IMG0001384.jpg,Non_fractured,EXCLUDE,N/A,Unclear,No,N/A,Source-labeled non-fractured; no fracture present (fails inclusion criterion 3).,High,done
Non_fractured/IMG0001385.jpg,Non_fractured,EXCLUDE,N/A,Unclear,No,N/A,Source-labeled non-fractured; no fracture present (fails inclusion criterion 3).,High,done
Non_fractured/IMG0001386.jpg,Non_fractured,EXCLUDE,N/A,Unclear,No,N/A,Source-labeled non-fractured; no fracture present (fails inclusion criterion 3).,High,done
Non_fractured/IMG0001387.jpg,Non_fractured,EXCLUDE,N/A,Unclear,No,N/A,Source-labeled non-fractured; no fracture present (fails inclusion criterion 3).,High,done
Non_fractured/IMG0001388.jpg,Non_fractured,EXCLUDE,N/A,Unclear,No,N/A,Source-labeled non-fractured; no fracture present (fails inclusion criterion 3).,High,done
Non_fractured/IMG0001389.jpg,Non_fractured,EXCLUDE,N/A,Unclear,No,N/A,Source-labeled non-fractured; no fracture present (fails inclusion criterion 3).,High,done
Non_fractured/IMG0001390.jpg,Non_fractured,EXCLUDE,N/A,Unclear,No,N/A,Source-labeled non-fractured; no fracture present (fails inclusion criterion 3).,High,done
Non_fractured/IMG0001393.jpg,Non_fractured,EXCLUDE,N/A,Unclear,No,N/A,Source-labeled non-fractured; no fracture present (fails inclusion criterion 3).,High,done
Non_fractured/IMG0001394.jpg,Non_fractured,EXCLUDE,N/A,Unclear,No,N/A,Source-labeled non-fractured; no fracture present (fails inclusion criterion 3).,High,done
Non_fractured/IMG0001395.jpg,Non_fractured,EXCLUDE,N/A,Unclear,No,N/A,Source-labeled non-fractured; no fracture present (fails inclusion criterion 3).,High,done
Non_fractured/IMG0001396.jpg,Non_fractured,EXCLUDE,N/A,Unclear,No,N/A,Source-labeled non-fractured; no fracture present (fails inclusion criterion 3).,High,done
Non_fractured/IMG0001397.jpg,Non_fractured,EXCLUDE,N/A,Unclear,No,N/A,Source-labeled non-fractured; no fracture present (fails inclusion criterion 3).,High,done
Non_fractured/IMG0001398.jpg,Non_fractured,EXCLUDE,N/A,Unclear,No,N/A,Source-labeled non-fractured; no fracture present (fails inclusion criterion 3).,High,done
Non_fractured/IMG0001399.jpg,Non_fractured,EXCLUDE,N/A,Unclear,No,N/A,Source-labeled non-fractured; no fracture present (fails inclusion criterion 3).,High,done
Non_fractured/IMG0001400.jpg,Non_fractured,EXCLUDE,N/A,Unclear,No,N/A,Source-labeled non-fractured; no fracture present (fails inclusion criterion 3).,High,done
Non_fractured/IMG0001401.jpg,Non_fractured,EXCLUDE,N/A,Unclear,No,N/A,Source-labeled non-fractured; no fracture present (fails inclusion criterion 3).,High,done
Non_fractured/IMG0001402.jpg,Non_fractured,EXCLUDE,N/A,Unclear,No,N/A,Source-labeled non-fractured; no fracture present (fails inclusion criterion 3).,High,done
Non_fractured/IMG0001403.jpg,Non_fractured,EXCLUDE,N/A,Unclear,No,N/A,Source-labeled non-fractured; no fracture present (fails inclusion criterion 3).,High,done
Non_fractured/IMG0001404.jpg,Non_fractured,EXCLUDE,N/A,Unclear,No,N/A,Source-labeled non-fractured; no fracture present (fails inclusion criterion 3).,High,done
Non_fractured/IMG0001405.jpg,Non_fractured,EXCLUDE,N/A,Unclear,No,N/A,Source-labeled non-fractured; no fracture present (fails inclusion criterion 3).,High,done
Non_fractured/IMG0001406.jpg,Non_fractured,EXCLUDE,N/A,Unclear,No,N/A,Source-labeled non-fractured; no fracture present (fails inclusion criterion 3).,High,done
Non_fractured/IMG0001407.jpg,Non_fractured,EXCLUDE,N/A,Unclear,No,N/A,Source-labeled non-fractured; no fracture present (fails inclusion criterion 3).,High,done
Non_fractured/IMG0001408.jpg,Non_fractured,EXCLUDE,N/A,Unclear,No,N/A,Source-labeled non-fractured; no fracture present (fails inclusion criterion 3).,High,done
Non_fractured/IMG0001409.jpg,Non_fractured,EXCLUDE,N/A,Unclear,No,N/A,Source-labeled non-fractured; no fracture present (fails inclusion criterion 3).,High,done
Non_fractured/IMG0001412.jpg,Non_fractured,EXCLUDE,N/A,Unclear,No,N/A,Source-labeled non-fractured; no fracture present (fails inclusion criterion 3).,High,done
Non_fractured/IMG0001413.jpg,Non_fractured,EXCLUDE,N/A,Unclear,No,N/A,Source-labeled non-fractured; no fracture present (fails inclusion criterion 3).,High,done
Non_fractured/IMG0001414.jpg,Non_fractured,EXCLUDE,N/A,Unclear,No,N/A,Source-labeled non-fractured; no fracture present (fails inclusion criterion 3).,High,done
Non_fractured/IMG0001415.jpg,Non_fractured,EXCLUDE,N/A,Unclear,No,N/A,Source-labeled non-fractured; no fracture present (fails inclusion criterion 3).,High,done
Non_fractured/IMG0001416.jpg,Non_fractured,EXCLUDE,N/A,Unclear,No,N/A,Source-labeled non-fractured; no fracture present (fails inclusion criterion 3).,High,done
Non_fractured/IMG0001417.jpg,Non_fractured,EXCLUDE,N/A,Unclear,No,N/A,Source-labeled non-fractured; no fracture present (fails inclusion criterion 3).,High,done
Non_fractured/IMG0001418.jpg,Non_fractured,EXCLUDE,N/A,Unclear,No,N/A,Source-labeled non-fractured; no fracture present (fails inclusion criterion 3).,High,done
Non_fractured/IMG0001419.jpg,Non_fractured,EXCLUDE,N/A,Unclear,No,N/A,Source-labeled non-fractured; no fracture present (fails inclusion criterion 3).,High,done
Non_fractured/IMG0001420.jpg,Non_fractured,EXCLUDE,N/A,Unclear,No,N/A,Source-labeled non-fractured; no fracture present (fails inclusion criterion 3).,High,done
Non_fractured/IMG0001421.jpg,Non_fractured,EXCLUDE,N/A,Unclear,No,N/A,Source-labeled non-fractured; no fracture present (fails inclusion criterion 3).,High,done
Non_fractured/IMG0001422.jpg,Non_fractured,EXCLUDE,N/A,Unclear,No,N/A,Source-labeled non-fractured; no fracture present (fails inclusion criterion 3).,High,done
Non_fractured/IMG0001423.jpg,Non_fractured,EXCLUDE,N/A,Unclear,No,N/A,Source-labeled non-fractured; no fracture present (fails inclusion criterion 3).,High,done
Non_fractured/IMG0001424.jpg,Non_fractured,EXCLUDE,N/A,Unclear,No,N/A,Source-labeled non-fractured; no fracture present (fails inclusion criterion 3).,High,done
Non_fractured/IMG0001425.jpg,Non_fractured,EXCLUDE,N/A,Unclear,No,N/A,Source-labeled non-fractured; no fracture present (fails inclusion criterion 3).,High,done
Non_fractured/IMG0001426.jpg,Non_fractured,EXCLUDE,N/A,Unclear,No,N/A,Source-labeled non-fractured; no fracture present (fails inclusion criterion 3).,High,done
Non_fractured/IMG0001427.jpg,Non_fractured,EXCLUDE,N/A,Unclear,No,N/A,Source-labeled non-fractured; no fracture present (fails inclusion criterion 3).,High,done
Non_fractured/IMG0001429.jpg,Non_fractured,EXCLUDE,N/A,Unclear,No,N/A,Source-labeled non-fractured; no fracture present (fails inclusion criterion 3).,High,done
Non_fractured/IMG0001430.jpg,Non_fractured,EXCLUDE,N/A,Unclear,No,N/A,Source-labeled non-fractured; no fracture present (fails inclusion criterion 3).,High,done
Non_fractured/IMG0001431.jpg,Non_fractured,EXCLUDE,N/A,Unclear,No,N/A,Source-labeled non-fractured; no fracture present (fails inclusion criterion 3).,High,done
Non_fractured/IMG0001432.jpg,Non_fractured,EXCLUDE,N/A,Unclear,No,N/A,Source-labeled non-fractured; no fracture present (fails inclusion criterion 3).,High,done
Non_fractured/IMG0001433.jpg,Non_fractured,EXCLUDE,N/A,Unclear,No,N/A,Source-labeled non-fractured; no fracture present (fails inclusion criterion 3).,High,done
Non_fractured/IMG0001434.jpg,Non_fractured,EXCLUDE,N/A,Unclear,No,N/A,Source-labeled non-fractured; no fracture present (fails inclusion criterion 3).,High,done
Non_fractured/IMG0001435.jpg,Non_fractured,EXCLUDE,N/A,Unclear,No,N/A,Source-labeled non-fractured; no fracture present (fails inclusion criterion 3).,High,done
Non_fractured/IMG0001436.jpg,Non_fractured,EXCLUDE,N/A,Unclear,No,N/A,Source-labeled non-fractured; no fracture present (fails inclusion criterion 3).,High,done
Non_fractured/IMG0001437.jpg,Non_fractured,EXCLUDE,N/A,Unclear,No,N/A,Source-labeled non-fractured; no fracture present (fails inclusion criterion 3).,High,done
Non_fractured/IMG0001438.jpg,Non_fractured,EXCLUDE,N/A,Unclear,No,N/A,Source-labeled non-fractured; no fracture present (fails inclusion criterion 3).,High,done
Non_fractured/IMG0001439.jpg,Non_fractured,EXCLUDE,N/A,Unclear,No,N/A,Source-labeled non-fractured; no fracture present (fails inclusion criterion 3).,High,done
Non_fractured/IMG0001442.jpg,Non_fractured,EXCLUDE,N/A,Unclear,No,N/A,Source-labeled non-fractured; no fracture present (fails inclusion criterion 3).,High,done
Non_fractured/IMG0001443.jpg,Non_fractured,EXCLUDE,N/A,Unclear,No,N/A,Source-labeled non-fractured; no fracture present (fails inclusion criterion 3).,High,done
Non_fractured/IMG0001444.jpg,Non_fractured,EXCLUDE,N/A,Unclear,No,N/A,Source-labeled non-fractured; no fracture present (fails inclusion criterion 3).,High,done
Non_fractured/IMG0001445.jpg,Non_fractured,EXCLUDE,N/A,Unclear,No,N/A,Source-labeled non-fractured; no fracture present (fails inclusion criterion 3).,High,done
Non_fractured/IMG0001446.jpg,Non_fractured,EXCLUDE,N/A,Unclear,No,N/A,Source-labeled non-fractured; no fracture present (fails inclusion criterion 3).,High,done
Non_fractured/IMG0001447.jpg,Non_fractured,EXCLUDE,N/A,Unclear,No,N/A,Source-labeled non-fractured; no fracture present (fails inclusion criterion 3).,High,done
Non_fractured/IMG0001449.jpg,Non_fractured,EXCLUDE,N/A,Unclear,No,N/A,Source-labeled non-fractured; no fracture present (fails inclusion criterion 3).,High,done
Non_fractured/IMG0001450.jpg,Non_fractured,EXCLUDE,N/A,Unclear,No,N/A,Source-labeled non-fractured; no fracture present (fails inclusion criterion 3).,High,done
Non_fractured/IMG0001451.jpg,Non_fractured,EXCLUDE,N/A,Unclear,No,N/A,Source-labeled non-fractured; no fracture present (fails inclusion criterion 3).,High,done
Non_fractured/IMG0001452.jpg,Non_fractured,EXCLUDE,N/A,Unclear,No,N/A,Source-labeled non-fractured; no fracture present (fails inclusion criterion 3).,High,done
Non_fractured/IMG0001453.jpg,Non_fractured,EXCLUDE,N/A,Unclear,No,N/A,Source-labeled non-fractured; no fracture present (fails inclusion criterion 3).,High,done
Non_fractured/IMG0001454.jpg,Non_fractured,EXCLUDE,N/A,Unclear,No,N/A,Source-labeled non-fractured; no fracture present (fails inclusion criterion 3).,High,done
Non_fractured/IMG0001455.jpg,Non_fractured,EXCLUDE,N/A,Unclear,No,N/A,Source-labeled non-fractured; no fracture present (fails inclusion criterion 3).,High,done
Non_fractured/IMG0001456.jpg,Non_fractured,EXCLUDE,N/A,Unclear,No,N/A,Source-labeled non-fractured; no fracture present (fails inclusion criterion 3).,High,done
Non_fractured/IMG0001457.jpg,Non_fractured,EXCLUDE,N/A,Unclear,No,N/A,Source-labeled non-fractured; no fracture present (fails inclusion criterion 3).,High,done
Non_fractured/IMG0001458.jpg,Non_fractured,EXCLUDE,N/A,Unclear,No,N/A,Source-labeled non-fractured; no fracture present (fails inclusion criterion 3).,High,done
Non_fractured/IMG0001459.jpg,Non_fractured,EXCLUDE,N/A,Unclear,No,N/A,Source-labeled non-fractured; no fracture present (fails inclusion criterion 3).,High,done
Non_fractured/IMG0001460.jpg,Non_fractured,EXCLUDE,N/A,Unclear,No,N/A,Source-labeled non-fractured; no fracture present (fails inclusion criterion 3).,High,done
Non_fractured/IMG0001461.jpg,Non_fractured,EXCLUDE,N/A,Unclear,No,N/A,Source-labeled non-fractured; no fracture present (fails inclusion criterion 3).,High,done
Non_fractured/IMG0001462.jpg,Non_fractured,EXCLUDE,N/A,Unclear,No,N/A,Source-labeled non-fractured; no fracture present (fails inclusion criterion 3).,High,done
Non_fractured/IMG0001463.jpg,Non_fractured,EXCLUDE,N/A,Unclear,No,N/A,Source-labeled non-fractured; no fracture present (fails inclusion criterion 3).,High,done
Non_fractured/IMG0001464.jpg,Non_fractured,EXCLUDE,N/A,Unclear,No,N/A,Source-labeled non-fractured; no fracture present (fails inclusion criterion 3).,High,done
Non_fractured/IMG0001465.jpg,Non_fractured,EXCLUDE,N/A,Unclear,No,N/A,Source-labeled non-fractured; no fracture present (fails inclusion criterion 3).,High,done
Non_fractured/IMG0001466.jpg,Non_fractured,EXCLUDE,N/A,Unclear,No,N/A,Source-labeled non-fractured; no fracture present (fails inclusion criterion 3).,High,done
Non_fractured/IMG0001467.jpg,Non_fractured,EXCLUDE,N/A,Unclear,No,N/A,Source-labeled non-fractured; no fracture present (fails inclusion criterion 3).,High,done
Non_fractured/IMG0001468.jpg,Non_fractured,EXCLUDE,N/A,Unclear,No,N/A,Source-labeled non-fractured; no fracture present (fails inclusion criterion 3).,High,done
Non_fractured/IMG0001469.jpg,Non_fractured,EXCLUDE,N/A,Unclear,No,N/A,Source-labeled non-fractured; no fracture present (fails inclusion criterion 3).,High,done
Non_fractured/IMG0001470.jpg,Non_fractured,EXCLUDE,N/A,Unclear,No,N/A,Source-labeled non-fractured; no fracture present (fails inclusion criterion 3).,High,done
Non_fractured/IMG0001471.jpg,Non_fractured,EXCLUDE,N/A,Unclear,No,N/A,Source-labeled non-fractured; no fracture present (fails inclusion criterion 3).,High,done
Non_fractured/IMG0001472.jpg,Non_fractured,EXCLUDE,N/A,Unclear,No,N/A,Source-labeled non-fractured; no fracture present (fails inclusion criterion 3).,High,done
Non_fractured/IMG0001473.jpg,Non_fractured,EXCLUDE,N/A,Unclear,No,N/A,Source-labeled non-fractured; no fracture present (fails inclusion criterion 3).,High,done
Non_fractured/IMG0001474.jpg,Non_fractured,EXCLUDE,N/A,Unclear,No,N/A,Source-labeled non-fractured; no fracture present (fails inclusion criterion 3).,High,done
Non_fractured/IMG0001475.jpg,Non_fractured,EXCLUDE,N/A,Unclear,No,N/A,Source-labeled non-fractured; no fracture present (fails inclusion criterion 3).,High,done
Non_fractured/IMG0001476.jpg,Non_fractured,EXCLUDE,N/A,Unclear,No,N/A,Source-labeled non-fractured; no fracture present (fails inclusion criterion 3).,High,done
Non_fractured/IMG0001477.jpg,Non_fractured,EXCLUDE,N/A,Unclear,No,N/A,Source-labeled non-fractured; no fracture present (fails inclusion criterion 3).,High,done
Non_fractured/IMG0001478.jpg,Non_fractured,EXCLUDE,N/A,Unclear,No,N/A,Source-labeled non-fractured; no fracture present (fails inclusion criterion 3).,High,done
Non_fractured/IMG0001479.jpg,Non_fractured,EXCLUDE,N/A,Unclear,No,N/A,Source-labeled non-fractured; no fracture present (fails inclusion criterion 3).,High,done
Non_fractured/IMG0001480.jpg,Non_fractured,EXCLUDE,N/A,Unclear,No,N/A,Source-labeled non-fractured; no fracture present (fails inclusion criterion 3).,High,done
Non_fractured/IMG0001481.jpg,Non_fractured,EXCLUDE,N/A,Unclear,No,N/A,Source-labeled non-fractured; no fracture present (fails inclusion criterion 3).,High,done
Non_fractured/IMG0001482.jpg,Non_fractured,EXCLUDE,N/A,Unclear,No,N/A,Source-labeled non-fractured; no fracture present (fails inclusion criterion 3).,High,done
Non_fractured/IMG0001483.jpg,Non_fractured,EXCLUDE,N/A,Unclear,No,N/A,Source-labeled non-fractured; no fracture present (fails inclusion criterion 3).,High,done
Non_fractured/IMG0001484.jpg,Non_fractured,EXCLUDE,N/A,Unclear,No,N/A,Source-labeled non-fractured; no fracture present (fails inclusion criterion 3).,High,done
Non_fractured/IMG0001485.jpg,Non_fractured,EXCLUDE,N/A,Unclear,No,N/A,Source-labeled non-fractured; no fracture present (fails inclusion criterion 3).,High,done
Non_fractured/IMG0001486.jpg,Non_fractured,EXCLUDE,N/A,Unclear,No,N/A,Source-labeled non-fractured; no fracture present (fails inclusion criterion 3).,High,done
Non_fractured/IMG0001487.jpg,Non_fractured,EXCLUDE,N/A,Unclear,No,N/A,Source-labeled non-fractured; no fracture present (fails inclusion criterion 3).,High,done
Non_fractured/IMG0001488.jpg,Non_fractured,EXCLUDE,N/A,Unclear,No,N/A,Source-labeled non-fractured; no fracture present (fails inclusion criterion 3).,High,done
Non_fractured/IMG0001489.jpg,Non_fractured,EXCLUDE,N/A,Unclear,No,N/A,Source-labeled non-fractured; no fracture present (fails inclusion criterion 3).,High,done
Non_fractured/IMG0001490.jpg,Non_fractured,EXCLUDE,N/A,Unclear,No,N/A,Source-labeled non-fractured; no fracture present (fails inclusion criterion 3).,High,done
Non_fractured/IMG0001491.jpg,Non_fractured,EXCLUDE,N/A,Unclear,No,N/A,Source-labeled non-fractured; no fracture present (fails inclusion criterion 3).,High,done
Non_fractured/IMG0001492.jpg,Non_fractured,EXCLUDE,N/A,Unclear,No,N/A,Source-labeled non-fractured; no fracture present (fails inclusion criterion 3).,High,done
Non_fractured/IMG0001493.jpg,Non_fractured,EXCLUDE,N/A,Unclear,No,N/A,Source-labeled non-fractured; no fracture present (fails inclusion criterion 3).,High,done
Non_fractured/IMG0001496.jpg,Non_fractured,EXCLUDE,N/A,Unclear,No,N/A,Source-labeled non-fractured; no fracture present (fails inclusion criterion 3).,High,done
Non_fractured/IMG0001497.jpg,Non_fractured,EXCLUDE,N/A,Unclear,No,N/A,Source-labeled non-fractured; no fracture present (fails inclusion criterion 3).,High,done
Non_fractured/IMG0001498.jpg,Non_fractured,EXCLUDE,N/A,Unclear,No,N/A,Source-labeled non-fractured; no fracture present (fails inclusion criterion 3).,High,done
Non_fractured/IMG0001499.jpg,Non_fractured,EXCLUDE,N/A,Unclear,No,N/A,Source-labeled non-fractured; no fracture present (fails inclusion criterion 3).,High,done
Non_fractured/IMG0001500.jpg,Non_fractured,EXCLUDE,N/A,Unclear,No,N/A,Source-labeled non-fractured; no fracture present (fails inclusion criterion 3).,High,done
Non_fractured/IMG0001501.jpg,Non_fractured,EXCLUDE,N/A,Unclear,No,N/A,Source-labeled non-fractured; no fracture present (fails inclusion criterion 3).,High,done
Non_fractured/IMG0001502.jpg,Non_fractured,EXCLUDE,N/A,Unclear,No,N/A,Source-labeled non-fractured; no fracture present (fails inclusion criterion 3).,High,done
Non_fractured/IMG0001503.jpg,Non_fractured,EXCLUDE,N/A,Unclear,No,N/A,Source-labeled non-fractured; no fracture present (fails inclusion criterion 3).,High,done
Non_fractured/IMG0001504.jpg,Non_fractured,EXCLUDE,N/A,Unclear,No,N/A,Source-labeled non-fractured; no fracture present (fails inclusion criterion 3).,High,done
Non_fractured/IMG0001505.jpg,Non_fractured,EXCLUDE,N/A,Unclear,No,N/A,Source-labeled non-fractured; no fracture present (fails inclusion criterion 3).,High,done
Non_fractured/IMG0001506.jpg,Non_fractured,EXCLUDE,N/A,Unclear,No,N/A,Source-labeled non-fractured; no fracture present (fails inclusion criterion 3).,High,done
Non_fractured/IMG0001507.jpg,Non_fractured,EXCLUDE,N/A,Unclear,No,N/A,Source-labeled non-fractured; no fracture present (fails inclusion criterion 3).,High,done
Non_fractured/IMG0001508.jpg,Non_fractured,EXCLUDE,N/A,Unclear,No,N/A,Source-labeled non-fractured; no fracture present (fails inclusion criterion 3).,High,done
Non_fractured/IMG0001509.jpg,Non_fractured,EXCLUDE,N/A,Unclear,No,N/A,Source-labeled non-fractured; no fracture present (fails inclusion criterion 3).,High,done
Non_fractured/IMG0001510.jpg,Non_fractured,EXCLUDE,N/A,Unclear,No,N/A,Source-labeled non-fractured; no fracture present (fails inclusion criterion 3).,High,done
Non_fractured/IMG0001511.jpg,Non_fractured,EXCLUDE,N/A,Unclear,No,N/A,Source-labeled non-fractured; no fracture present (fails inclusion criterion 3).,High,done
Non_fractured/IMG0001512.jpg,Non_fractured,EXCLUDE,N/A,Unclear,No,N/A,Source-labeled non-fractured; no fracture present (fails inclusion criterion 3).,High,done
Non_fractured/IMG0001513.jpg,Non_fractured,EXCLUDE,N/A,Unclear,No,N/A,Source-labeled non-fractured; no fracture present (fails inclusion criterion 3).,High,done
Non_fractured/IMG0001514.jpg,Non_fractured,EXCLUDE,N/A,Unclear,No,N/A,Source-labeled non-fractured; no fracture present (fails inclusion criterion 3).,High,done
Non_fractured/IMG0001515.jpg,Non_fractured,EXCLUDE,N/A,Unclear,No,N/A,Source-labeled non-fractured; no fracture present (fails inclusion criterion 3).,High,done
Non_fractured/IMG0001516.jpg,Non_fractured,EXCLUDE,N/A,Unclear,No,N/A,Source-labeled non-fractured; no fracture present (fails inclusion criterion 3).,High,done
Non_fractured/IMG0001517.jpg,Non_fractured,EXCLUDE,N/A,Unclear,No,N/A,Source-labeled non-fractured; no fracture present (fails inclusion criterion 3).,High,done
Non_fractured/IMG0001518.jpg,Non_fractured,EXCLUDE,N/A,Unclear,No,N/A,Source-labeled non-fractured; no fracture present (fails inclusion criterion 3).,High,done
Non_fractured/IMG0001519.jpg,Non_fractured,EXCLUDE,N/A,Unclear,No,N/A,Source-labeled non-fractured; no fracture present (fails inclusion criterion 3).,High,done
Non_fractured/IMG0001520.jpg,Non_fractured,EXCLUDE,N/A,Unclear,No,N/A,Source-labeled non-fractured; no fracture present (fails inclusion criterion 3).,High,done
Non_fractured/IMG0001521.jpg,Non_fractured,EXCLUDE,N/A,Unclear,No,N/A,Source-labeled non-fractured; no fracture present (fails inclusion criterion 3).,High,done
Non_fractured/IMG0001522.jpg,Non_fractured,EXCLUDE,N/A,Unclear,No,N/A,Source-labeled non-fractured; no fracture present (fails inclusion criterion 3).,High,done
Non_fractured/IMG0001523.jpg,Non_fractured,EXCLUDE,N/A,Unclear,No,N/A,Source-labeled non-fractured; no fracture present (fails inclusion criterion 3).,High,done
Non_fractured/IMG0001524.jpg,Non_fractured,EXCLUDE,N/A,Unclear,No,N/A,Source-labeled non-fractured; no fracture present (fails inclusion criterion 3).,High,done
Non_fractured/IMG0001525.jpg,Non_fractured,EXCLUDE,N/A,Unclear,No,N/A,Source-labeled non-fractured; no fracture present (fails inclusion criterion 3).,High,done
Non_fractured/IMG0001526.jpg,Non_fractured,EXCLUDE,N/A,Unclear,No,N/A,Source-labeled non-fractured; no fracture present (fails inclusion criterion 3).,High,done
Non_fractured/IMG0001527.jpg,Non_fractured,EXCLUDE,N/A,Unclear,No,N/A,Source-labeled non-fractured; no fracture present (fails inclusion criterion 3).,High,done
Non_fractured/IMG0001528.jpg,Non_fractured,EXCLUDE,N/A,Unclear,No,N/A,Source-labeled non-fractured; no fracture present (fails inclusion criterion 3).,High,done
Non_fractured/IMG0001529.jpg,Non_fractured,EXCLUDE,N/A,Unclear,No,N/A,Source-labeled non-fractured; no fracture present (fails inclusion criterion 3).,High,done
Non_fractured/IMG0001530.jpg,Non_fractured,EXCLUDE,N/A,Unclear,No,N/A,Source-labeled non-fractured; no fracture present (fails inclusion criterion 3).,High,done
Non_fractured/IMG0001531.jpg,Non_fractured,EXCLUDE,N/A,Unclear,No,N/A,Source-labeled non-fractured; no fracture present (fails inclusion criterion 3).,High,done
Non_fractured/IMG0001532.jpg,Non_fractured,EXCLUDE,N/A,Unclear,No,N/A,Source-labeled non-fractured; no fracture present (fails inclusion criterion 3).,High,done
Non_fractured/IMG0001533.jpg,Non_fractured,EXCLUDE,N/A,Unclear,No,N/A,Source-labeled non-fractured; no fracture present (fails inclusion criterion 3).,High,done
Non_fractured/IMG0001534.jpg,Non_fractured,EXCLUDE,N/A,Unclear,No,N/A,Source-labeled non-fractured; no fracture present (fails inclusion criterion 3).,High,done
Non_fractured/IMG0001535.jpg,Non_fractured,EXCLUDE,N/A,Unclear,No,N/A,Source-labeled non-fractured; no fracture present (fails inclusion criterion 3).,High,done
Non_fractured/IMG0001536.jpg,Non_fractured,EXCLUDE,N/A,Unclear,No,N/A,Source-labeled non-fractured; no fracture present (fails inclusion criterion 3).,High,done
Non_fractured/IMG0001537.jpg,Non_fractured,EXCLUDE,N/A,Unclear,No,N/A,Source-labeled non-fractured; no fracture present (fails inclusion criterion 3).,High,done
Non_fractured/IMG0001538.jpg,Non_fractured,EXCLUDE,N/A,Unclear,No,N/A,Source-labeled non-fractured; no fracture present (fails inclusion criterion 3).,High,done
Non_fractured/IMG0001539.jpg,Non_fractured,EXCLUDE,N/A,Unclear,No,N/A,Source-labeled non-fractured; no fracture present (fails inclusion criterion 3).,High,done
Non_fractured/IMG0001540.jpg,Non_fractured,EXCLUDE,N/A,Unclear,No,N/A,Source-labeled non-fractured; no fracture present (fails inclusion criterion 3).,High,done
Non_fractured/IMG0001541.jpg,Non_fractured,EXCLUDE,N/A,Unclear,No,N/A,Source-labeled non-fractured; no fracture present (fails inclusion criterion 3).,High,done
Non_fractured/IMG0001542.jpg,Non_fractured,EXCLUDE,N/A,Unclear,No,N/A,Source-labeled non-fractured; no fracture present (fails inclusion criterion 3).,High,done
Non_fractured/IMG0001543.jpg,Non_fractured,EXCLUDE,N/A,Unclear,No,N/A,Source-labeled non-fractured; no fracture present (fails inclusion criterion 3).,High,done
Non_fractured/IMG0001544.jpg,Non_fractured,EXCLUDE,N/A,Unclear,No,N/A,Source-labeled non-fractured; no fracture present (fails inclusion criterion 3).,High,done
Non_fractured/IMG0001545.jpg,Non_fractured,EXCLUDE,N/A,Unclear,No,N/A,Source-labeled non-fractured; no fracture present (fails inclusion criterion 3).,High,done
Non_fractured/IMG0001547.jpg,Non_fractured,EXCLUDE,N/A,Unclear,No,N/A,Source-labeled non-fractured; no fracture present (fails inclusion criterion 3).,High,done
Non_fractured/IMG0001548.jpg,Non_fractured,EXCLUDE,N/A,Unclear,No,N/A,Source-labeled non-fractured; no fracture present (fails inclusion criterion 3).,High,done
Non_fractured/IMG0001549.jpg,Non_fractured,EXCLUDE,N/A,Unclear,No,N/A,Source-labeled non-fractured; no fracture present (fails inclusion criterion 3).,High,done
Non_fractured/IMG0001550.jpg,Non_fractured,EXCLUDE,N/A,Unclear,No,N/A,Source-labeled non-fractured; no fracture present (fails inclusion criterion 3).,High,done
Non_fractured/IMG0001551.jpg,Non_fractured,EXCLUDE,N/A,Unclear,No,N/A,Source-labeled non-fractured; no fracture present (fails inclusion criterion 3).,High,done
Non_fractured/IMG0001552.jpg,Non_fractured,EXCLUDE,N/A,Unclear,No,N/A,Source-labeled non-fractured; no fracture present (fails inclusion criterion 3).,High,done
Non_fractured/IMG0001553.jpg,Non_fractured,EXCLUDE,N/A,Unclear,No,N/A,Source-labeled non-fractured; no fracture present (fails inclusion criterion 3).,High,done
Non_fractured/IMG0001554.jpg,Non_fractured,EXCLUDE,N/A,Unclear,No,N/A,Source-labeled non-fractured; no fracture present (fails inclusion criterion 3).,High,done
Non_fractured/IMG0001555.jpg,Non_fractured,EXCLUDE,N/A,Unclear,No,N/A,Source-labeled non-fractured; no fracture present (fails inclusion criterion 3).,High,done
Non_fractured/IMG0001556.jpg,Non_fractured,EXCLUDE,N/A,Unclear,No,N/A,Source-labeled non-fractured; no fracture present (fails inclusion criterion 3).,High,done
Non_fractured/IMG0001557.jpg,Non_fractured,EXCLUDE,N/A,Unclear,No,N/A,Source-labeled non-fractured; no fracture present (fails inclusion criterion 3).,High,done
Non_fractured/IMG0001558.jpg,Non_fractured,EXCLUDE,N/A,Unclear,No,N/A,Source-labeled non-fractured; no fracture present (fails inclusion criterion 3).,High,done
Non_fractured/IMG0001559.jpg,Non_fractured,EXCLUDE,N/A,Unclear,No,N/A,Source-labeled non-fractured; no fracture present (fails inclusion criterion 3).,High,done
Non_fractured/IMG0001560.jpg,Non_fractured,EXCLUDE,N/A,Unclear,No,N/A,Source-labeled non-fractured; no fracture present (fails inclusion criterion 3).,High,done
Non_fractured/IMG0001561.jpg,Non_fractured,EXCLUDE,N/A,Unclear,No,N/A,Source-labeled non-fractured; no fracture present (fails inclusion criterion 3).,High,done
Non_fractured/IMG0001562.jpg,Non_fractured,EXCLUDE,N/A,Unclear,No,N/A,Source-labeled non-fractured; no fracture present (fails inclusion criterion 3).,High,done
Non_fractured/IMG0001563.jpg,Non_fractured,EXCLUDE,N/A,Unclear,No,N/A,Source-labeled non-fractured; no fracture present (fails inclusion criterion 3).,High,done
Non_fractured/IMG0001564.jpg,Non_fractured,EXCLUDE,N/A,Unclear,No,N/A,Source-labeled non-fractured; no fracture present (fails inclusion criterion 3).,High,done
Non_fractured/IMG0001565.jpg,Non_fractured,EXCLUDE,N/A,Unclear,No,N/A,Source-labeled non-fractured; no fracture present (fails inclusion criterion 3).,High,done
Non_fractured/IMG0001566.jpg,Non_fractured,EXCLUDE,N/A,Unclear,No,N/A,Source-labeled non-fractured; no fracture present (fails inclusion criterion 3).,High,done
Non_fractured/IMG0001567.jpg,Non_fractured,EXCLUDE,N/A,Unclear,No,N/A,Source-labeled non-fractured; no fracture present (fails inclusion criterion 3).,High,done
Non_fractured/IMG0001568.jpg,Non_fractured,EXCLUDE,N/A,Unclear,No,N/A,Source-labeled non-fractured; no fracture present (fails inclusion criterion 3).,High,done
Non_fractured/IMG0001569.jpg,Non_fractured,EXCLUDE,N/A,Unclear,No,N/A,Source-labeled non-fractured; no fracture present (fails inclusion criterion 3).,High,done
Non_fractured/IMG0001573.jpg,Non_fractured,EXCLUDE,N/A,Unclear,No,N/A,Source-labeled non-fractured; no fracture present (fails inclusion criterion 3).,High,done
Non_fractured/IMG0001574.jpg,Non_fractured,EXCLUDE,N/A,Unclear,No,N/A,Source-labeled non-fractured; no fracture present (fails inclusion criterion 3).,High,done
Non_fractured/IMG0001575.jpg,Non_fractured,EXCLUDE,N/A,Unclear,No,N/A,Source-labeled non-fractured; no fracture present (fails inclusion criterion 3).,High,done
Non_fractured/IMG0001576.jpg,Non_fractured,EXCLUDE,N/A,Unclear,No,N/A,Source-labeled non-fractured; no fracture present (fails inclusion criterion 3).,High,done
Non_fractured/IMG0001579.jpg,Non_fractured,EXCLUDE,N/A,Unclear,No,N/A,Source-labeled non-fractured; no fracture present (fails inclusion criterion 3).,High,done
Non_fractured/IMG0001580.jpg,Non_fractured,EXCLUDE,N/A,Unclear,No,N/A,Source-labeled non-fractured; no fracture present (fails inclusion criterion 3).,High,done
Non_fractured/IMG0001581.jpg,Non_fractured,EXCLUDE,N/A,Unclear,No,N/A,Source-labeled non-fractured; no fracture present (fails inclusion criterion 3).,High,done
Non_fractured/IMG0001582.jpg,Non_fractured,EXCLUDE,N/A,Unclear,No,N/A,Source-labeled non-fractured; no fracture present (fails inclusion criterion 3).,High,done
Non_fractured/IMG0001583.jpg,Non_fractured,EXCLUDE,N/A,Unclear,No,N/A,Source-labeled non-fractured; no fracture present (fails inclusion criterion 3).,High,done
Non_fractured/IMG0001584.jpg,Non_fractured,EXCLUDE,N/A,Unclear,No,N/A,Source-labeled non-fractured; no fracture present (fails inclusion criterion 3).,High,done
Non_fractured/IMG0001585.jpg,Non_fractured,EXCLUDE,N/A,Unclear,No,N/A,Source-labeled non-fractured; no fracture present (fails inclusion criterion 3).,High,done
Non_fractured/IMG0001586.jpg,Non_fractured,EXCLUDE,N/A,Unclear,No,N/A,Source-labeled non-fractured; no fracture present (fails inclusion criterion 3).,High,done
Non_fractured/IMG0001587.jpg,Non_fractured,EXCLUDE,N/A,Unclear,No,N/A,Source-labeled non-fractured; no fracture present (fails inclusion criterion 3).,High,done
Non_fractured/IMG0001588.jpg,Non_fractured,EXCLUDE,N/A,Unclear,No,N/A,Source-labeled non-fractured; no fracture present (fails inclusion criterion 3).,High,done
Non_fractured/IMG0001589.jpg,Non_fractured,EXCLUDE,N/A,Unclear,No,N/A,Source-labeled non-fractured; no fracture present (fails inclusion criterion 3).,High,done
Non_fractured/IMG0001590.jpg,Non_fractured,EXCLUDE,N/A,Unclear,No,N/A,Source-labeled non-fractured; no fracture present (fails inclusion criterion 3).,High,done
Non_fractured/IMG0001591.jpg,Non_fractured,EXCLUDE,N/A,Unclear,No,N/A,Source-labeled non-fractured; no fracture present (fails inclusion criterion 3).,High,done
Non_fractured/IMG0001592.jpg,Non_fractured,EXCLUDE,N/A,Unclear,No,N/A,Source-labeled non-fractured; no fracture present (fails inclusion criterion 3).,High,done
Non_fractured/IMG0001593.jpg,Non_fractured,EXCLUDE,N/A,Unclear,No,N/A,Source-labeled non-fractured; no fracture present (fails inclusion criterion 3).,High,done
Non_fractured/IMG0001594.jpg,Non_fractured,EXCLUDE,N/A,Unclear,No,N/A,Source-labeled non-fractured; no fracture present (fails inclusion criterion 3).,High,done
Non_fractured/IMG0001595.jpg,Non_fractured,EXCLUDE,N/A,Unclear,No,N/A,Source-labeled non-fractured; no fracture present (fails inclusion criterion 3).,High,done
Non_fractured/IMG0001596.jpg,Non_fractured,EXCLUDE,N/A,Unclear,No,N/A,Source-labeled non-fractured; no fracture present (fails inclusion criterion 3).,High,done
Non_fractured/IMG0001597.jpg,Non_fractured,EXCLUDE,N/A,Unclear,No,N/A,Source-labeled non-fractured; no fracture present (fails inclusion criterion 3).,High,done
Non_fractured/IMG0001598.jpg,Non_fractured,EXCLUDE,N/A,Unclear,No,N/A,Source-labeled non-fractured; no fracture present (fails inclusion criterion 3).,High,done
Non_fractured/IMG0001599.jpg,Non_fractured,EXCLUDE,N/A,Unclear,No,N/A,Source-labeled non-fractured; no fracture present (fails inclusion criterion 3).,High,done
Non_fractured/IMG0001600.jpg,Non_fractured,EXCLUDE,N/A,Unclear,No,N/A,Source-labeled non-fractured; no fracture present (fails inclusion criterion 3).,High,done
Non_fractured/IMG0001601.jpg,Non_fractured,EXCLUDE,N/A,Unclear,No,N/A,Source-labeled non-fractured; no fracture present (fails inclusion criterion 3).,High,done
Non_fractured/IMG0001602.jpg,Non_fractured,EXCLUDE,N/A,Unclear,No,N/A,Source-labeled non-fractured; no fracture present (fails inclusion criterion 3).,High,done
Non_fractured/IMG0001603.jpg,Non_fractured,EXCLUDE,N/A,Unclear,No,N/A,Source-labeled non-fractured; no fracture present (fails inclusion criterion 3).,High,done
Non_fractured/IMG0001604.jpg,Non_fractured,EXCLUDE,N/A,Unclear,No,N/A,Source-labeled non-fractured; no fracture present (fails inclusion criterion 3).,High,done
Non_fractured/IMG0001605.jpg,Non_fractured,EXCLUDE,N/A,Unclear,No,N/A,Source-labeled non-fractured; no fracture present (fails inclusion criterion 3).,High,done
Non_fractured/IMG0001606.jpg,Non_fractured,EXCLUDE,N/A,Unclear,No,N/A,Source-labeled non-fractured; no fracture present (fails inclusion criterion 3).,High,done
Non_fractured/IMG0001607.jpg,Non_fractured,EXCLUDE,N/A,Unclear,No,N/A,Source-labeled non-fractured; no fracture present (fails inclusion criterion 3).,High,done
Non_fractured/IMG0001608.jpg,Non_fractured,EXCLUDE,N/A,Unclear,No,N/A,Source-labeled non-fractured; no fracture present (fails inclusion criterion 3).,High,done
Non_fractured/IMG0001609.jpg,Non_fractured,EXCLUDE,N/A,Unclear,No,N/A,Source-labeled non-fractured; no fracture present (fails inclusion criterion 3).,High,done
Non_fractured/IMG0001610.jpg,Non_fractured,EXCLUDE,N/A,Unclear,No,N/A,Source-labeled non-fractured; no fracture present (fails inclusion criterion 3).,High,done
Non_fractured/IMG0001611.jpg,Non_fractured,EXCLUDE,N/A,Unclear,No,N/A,Source-labeled non-fractured; no fracture present (fails inclusion criterion 3).,High,done
Non_fractured/IMG0001612.jpg,Non_fractured,EXCLUDE,N/A,Unclear,No,N/A,Source-labeled non-fractured; no fracture present (fails inclusion criterion 3).,High,done
Non_fractured/IMG0001613.jpg,Non_fractured,EXCLUDE,N/A,Unclear,No,N/A,Source-labeled non-fractured; no fracture present (fails inclusion criterion 3).,High,done
Non_fractured/IMG0001614.jpg,Non_fractured,EXCLUDE,N/A,Unclear,No,N/A,Source-labeled non-fractured; no fracture present (fails inclusion criterion 3).,High,done
Non_fractured/IMG0001615.jpg,Non_fractured,EXCLUDE,N/A,Unclear,No,N/A,Source-labeled non-fractured; no fracture present (fails inclusion criterion 3).,High,done
Non_fractured/IMG0001616.jpg,Non_fractured,EXCLUDE,N/A,Unclear,No,N/A,Source-labeled non-fractured; no fracture present (fails inclusion criterion 3).,High,done
Non_fractured/IMG0001617.jpg,Non_fractured,EXCLUDE,N/A,Unclear,No,N/A,Source-labeled non-fractured; no fracture present (fails inclusion criterion 3).,High,done
Non_fractured/IMG0001618.jpg,Non_fractured,EXCLUDE,N/A,Unclear,No,N/A,Source-labeled non-fractured; no fracture present (fails inclusion criterion 3).,High,done
Non_fractured/IMG0001619.jpg,Non_fractured,EXCLUDE,N/A,Unclear,No,N/A,Source-labeled non-fractured; no fracture present (fails inclusion criterion 3).,High,done
Non_fractured/IMG0001620.jpg,Non_fractured,EXCLUDE,N/A,Unclear,No,N/A,Source-labeled non-fractured; no fracture present (fails inclusion criterion 3).,High,done
Non_fractured/IMG0001621.jpg,Non_fractured,EXCLUDE,N/A,Unclear,No,N/A,Source-labeled non-fractured; no fracture present (fails inclusion criterion 3).,High,done
Non_fractured/IMG0001622.jpg,Non_fractured,EXCLUDE,N/A,Unclear,No,N/A,Source-labeled non-fractured; no fracture present (fails inclusion criterion 3).,High,done
Non_fractured/IMG0001623.jpg,Non_fractured,EXCLUDE,N/A,Unclear,No,N/A,Source-labeled non-fractured; no fracture present (fails inclusion criterion 3).,High,done
Non_fractured/IMG0001624.jpg,Non_fractured,EXCLUDE,N/A,Unclear,No,N/A,Source-labeled non-fractured; no fracture present (fails inclusion criterion 3).,High,done
Non_fractured/IMG0001625.jpg,Non_fractured,EXCLUDE,N/A,Unclear,No,N/A,Source-labeled non-fractured; no fracture present (fails inclusion criterion 3).,High,done
Non_fractured/IMG0001626.jpg,Non_fractured,EXCLUDE,N/A,Unclear,No,N/A,Source-labeled non-fractured; no fracture present (fails inclusion criterion 3).,High,done
Non_fractured/IMG0001627.jpg,Non_fractured,EXCLUDE,N/A,Unclear,No,N/A,Source-labeled non-fractured; no fracture present (fails inclusion criterion 3).,High,done
Non_fractured/IMG0001628.jpg,Non_fractured,EXCLUDE,N/A,Unclear,No,N/A,Source-labeled non-fractured; no fracture present (fails inclusion criterion 3).,High,done
Non_fractured/IMG0001629.jpg,Non_fractured,EXCLUDE,N/A,Unclear,No,N/A,Source-labeled non-fractured; no fracture present (fails inclusion criterion 3).,High,done
Non_fractured/IMG0001630.jpg,Non_fractured,EXCLUDE,N/A,Unclear,No,N/A,Source-labeled non-fractured; no fracture present (fails inclusion criterion 3).,High,done
Non_fractured/IMG0001631.jpg,Non_fractured,EXCLUDE,N/A,Unclear,No,N/A,Source-labeled non-fractured; no fracture present (fails inclusion criterion 3).,High,done
Non_fractured/IMG0001632.jpg,Non_fractured,EXCLUDE,N/A,Unclear,No,N/A,Source-labeled non-fractured; no fracture present (fails inclusion criterion 3).,High,done
Non_fractured/IMG0001633.jpg,Non_fractured,EXCLUDE,N/A,Unclear,No,N/A,Source-labeled non-fractured; no fracture present (fails inclusion criterion 3).,High,done
Non_fractured/IMG0001634.jpg,Non_fractured,EXCLUDE,N/A,Unclear,No,N/A,Source-labeled non-fractured; no fracture present (fails inclusion criterion 3).,High,done
Non_fractured/IMG0001635.jpg,Non_fractured,EXCLUDE,N/A,Unclear,No,N/A,Source-labeled non-fractured; no fracture present (fails inclusion criterion 3).,High,done
Non_fractured/IMG0001636.jpg,Non_fractured,EXCLUDE,N/A,Unclear,No,N/A,Source-labeled non-fractured; no fracture present (fails inclusion criterion 3).,High,done
Non_fractured/IMG0001637.jpg,Non_fractured,EXCLUDE,N/A,Unclear,No,N/A,Source-labeled non-fractured; no fracture present (fails inclusion criterion 3).,High,done
Non_fractured/IMG0001638.jpg,Non_fractured,EXCLUDE,N/A,Unclear,No,N/A,Source-labeled non-fractured; no fracture present (fails inclusion criterion 3).,High,done
Non_fractured/IMG0001641.jpg,Non_fractured,EXCLUDE,N/A,Unclear,No,N/A,Source-labeled non-fractured; no fracture present (fails inclusion criterion 3).,High,done
Non_fractured/IMG0001642.jpg,Non_fractured,EXCLUDE,N/A,Unclear,No,N/A,Source-labeled non-fractured; no fracture present (fails inclusion criterion 3).,High,done
Non_fractured/IMG0001643.jpg,Non_fractured,EXCLUDE,N/A,Unclear,No,N/A,Source-labeled non-fractured; no fracture present (fails inclusion criterion 3).,High,done
Non_fractured/IMG0001644.jpg,Non_fractured,EXCLUDE,N/A,Unclear,No,N/A,Source-labeled non-fractured; no fracture present (fails inclusion criterion 3).,High,done
Non_fractured/IMG0001645.jpg,Non_fractured,EXCLUDE,N/A,Unclear,No,N/A,Source-labeled non-fractured; no fracture present (fails inclusion criterion 3).,High,done
Non_fractured/IMG0001646.jpg,Non_fractured,EXCLUDE,N/A,Unclear,No,N/A,Source-labeled non-fractured; no fracture present (fails inclusion criterion 3).,High,done
Non_fractured/IMG0001647.jpg,Non_fractured,EXCLUDE,N/A,Unclear,No,N/A,Source-labeled non-fractured; no fracture present (fails inclusion criterion 3).,High,done
Non_fractured/IMG0001648.jpg,Non_fractured,EXCLUDE,N/A,Unclear,No,N/A,Source-labeled non-fractured; no fracture present (fails inclusion criterion 3).,High,done
Non_fractured/IMG0001649.jpg,Non_fractured,EXCLUDE,N/A,Unclear,No,N/A,Source-labeled non-fractured; no fracture present (fails inclusion criterion 3).,High,done
Non_fractured/IMG0001650.jpg,Non_fractured,EXCLUDE,N/A,Unclear,No,N/A,Source-labeled non-fractured; no fracture present (fails inclusion criterion 3).,High,done
Non_fractured/IMG0001651.jpg,Non_fractured,EXCLUDE,N/A,Unclear,No,N/A,Source-labeled non-fractured; no fracture present (fails inclusion criterion 3).,High,done
Non_fractured/IMG0001652.jpg,Non_fractured,EXCLUDE,N/A,Unclear,No,N/A,Source-labeled non-fractured; no fracture present (fails inclusion criterion 3).,High,done
Non_fractured/IMG0001653.jpg,Non_fractured,EXCLUDE,N/A,Unclear,No,N/A,Source-labeled non-fractured; no fracture present (fails inclusion criterion 3).,High,done
Non_fractured/IMG0001654.jpg,Non_fractured,EXCLUDE,N/A,Unclear,No,N/A,Source-labeled non-fractured; no fracture present (fails inclusion criterion 3).,High,done
Non_fractured/IMG0001655.jpg,Non_fractured,EXCLUDE,N/A,Unclear,No,N/A,Source-labeled non-fractured; no fracture present (fails inclusion criterion 3).,High,done
Non_fractured/IMG0001656.jpg,Non_fractured,EXCLUDE,N/A,Unclear,No,N/A,Source-labeled non-fractured; no fracture present (fails inclusion criterion 3).,High,done
Non_fractured/IMG0001657.jpg,Non_fractured,EXCLUDE,N/A,Unclear,No,N/A,Source-labeled non-fractured; no fracture present (fails inclusion criterion 3).,High,done
Non_fractured/IMG0001658.jpg,Non_fractured,EXCLUDE,N/A,Unclear,No,N/A,Source-labeled non-fractured; no fracture present (fails inclusion criterion 3).,High,done
Non_fractured/IMG0001659.jpg,Non_fractured,EXCLUDE,N/A,Unclear,No,N/A,Source-labeled non-fractured; no fracture present (fails inclusion criterion 3).,High,done
Non_fractured/IMG0001660.jpg,Non_fractured,EXCLUDE,N/A,Unclear,No,N/A,Source-labeled non-fractured; no fracture present (fails inclusion criterion 3).,High,done
Non_fractured/IMG0001661.jpg,Non_fractured,EXCLUDE,N/A,Unclear,No,N/A,Source-labeled non-fractured; no fracture present (fails inclusion criterion 3).,High,done
Non_fractured/IMG0001662.jpg,Non_fractured,EXCLUDE,N/A,Unclear,No,N/A,Source-labeled non-fractured; no fracture present (fails inclusion criterion 3).,High,done
Non_fractured/IMG0001663.jpg,Non_fractured,EXCLUDE,N/A,Unclear,No,N/A,Source-labeled non-fractured; no fracture present (fails inclusion criterion 3).,High,done
Non_fractured/IMG0001664.jpg,Non_fractured,EXCLUDE,N/A,Unclear,No,N/A,Source-labeled non-fractured; no fracture present (fails inclusion criterion 3).,High,done
Non_fractured/IMG0001665.jpg,Non_fractured,EXCLUDE,N/A,Unclear,No,N/A,Source-labeled non-fractured; no fracture present (fails inclusion criterion 3).,High,done
Non_fractured/IMG0001668.jpg,Non_fractured,EXCLUDE,N/A,Unclear,No,N/A,Source-labeled non-fractured; no fracture present (fails inclusion criterion 3).,High,done
Non_fractured/IMG0001669.jpg,Non_fractured,EXCLUDE,N/A,Unclear,No,N/A,Source-labeled non-fractured; no fracture present (fails inclusion criterion 3).,High,done
Non_fractured/IMG0001672.jpg,Non_fractured,EXCLUDE,N/A,Unclear,No,N/A,Source-labeled non-fractured; no fracture present (fails inclusion criterion 3).,High,done
Non_fractured/IMG0001673.jpg,Non_fractured,EXCLUDE,N/A,Unclear,No,N/A,Source-labeled non-fractured; no fracture present (fails inclusion criterion 3).,High,done
Non_fractured/IMG0001674.jpg,Non_fractured,EXCLUDE,N/A,Unclear,No,N/A,Source-labeled non-fractured; no fracture present (fails inclusion criterion 3).,High,done
Non_fractured/IMG0001675.jpg,Non_fractured,EXCLUDE,N/A,Unclear,No,N/A,Source-labeled non-fractured; no fracture present (fails inclusion criterion 3).,High,done
Non_fractured/IMG0001676.jpg,Non_fractured,EXCLUDE,N/A,Unclear,No,N/A,Source-labeled non-fractured; no fracture present (fails inclusion criterion 3).,High,done
Non_fractured/IMG0001677.jpg,Non_fractured,EXCLUDE,N/A,Unclear,No,N/A,Source-labeled non-fractured; no fracture present (fails inclusion criterion 3).,High,done
Non_fractured/IMG0001678.jpg,Non_fractured,EXCLUDE,N/A,Unclear,No,N/A,Source-labeled non-fractured; no fracture present (fails inclusion criterion 3).,High,done
Non_fractured/IMG0001679.jpg,Non_fractured,EXCLUDE,N/A,Unclear,No,N/A,Source-labeled non-fractured; no fracture present (fails inclusion criterion 3).,High,done
Non_fractured/IMG0001680.jpg,Non_fractured,EXCLUDE,N/A,Unclear,No,N/A,Source-labeled non-fractured; no fracture present (fails inclusion criterion 3).,High,done
Non_fractured/IMG0001681.jpg,Non_fractured,EXCLUDE,N/A,Unclear,No,N/A,Source-labeled non-fractured; no fracture present (fails inclusion criterion 3).,High,done
Non_fractured/IMG0001682.jpg,Non_fractured,EXCLUDE,N/A,Unclear,No,N/A,Source-labeled non-fractured; no fracture present (fails inclusion criterion 3).,High,done
Non_fractured/IMG0001683.jpg,Non_fractured,EXCLUDE,N/A,Unclear,No,N/A,Source-labeled non-fractured; no fracture present (fails inclusion criterion 3).,High,done
Non_fractured/IMG0001684.jpg,Non_fractured,EXCLUDE,N/A,Unclear,No,N/A,Source-labeled non-fractured; no fracture present (fails inclusion criterion 3).,High,done
Non_fractured/IMG0001685.jpg,Non_fractured,EXCLUDE,N/A,Unclear,No,N/A,Source-labeled non-fractured; no fracture present (fails inclusion criterion 3).,High,done
Non_fractured/IMG0001686.jpg,Non_fractured,EXCLUDE,N/A,Unclear,No,N/A,Source-labeled non-fractured; no fracture present (fails inclusion criterion 3).,High,done
Non_fractured/IMG0001687.jpg,Non_fractured,EXCLUDE,N/A,Unclear,No,N/A,Source-labeled non-fractured; no fracture present (fails inclusion criterion 3).,High,done
Non_fractured/IMG0001688.jpg,Non_fractured,EXCLUDE,N/A,Unclear,No,N/A,Source-labeled non-fractured; no fracture present (fails inclusion criterion 3).,High,done
Non_fractured/IMG0001689.jpg,Non_fractured,EXCLUDE,N/A,Unclear,No,N/A,Source-labeled non-fractured; no fracture present (fails inclusion criterion 3).,High,done
Non_fractured/IMG0001690.jpg,Non_fractured,EXCLUDE,N/A,Unclear,No,N/A,Source-labeled non-fractured; no fracture present (fails inclusion criterion 3).,High,done
Non_fractured/IMG0001691.jpg,Non_fractured,EXCLUDE,N/A,Unclear,No,N/A,Source-labeled non-fractured; no fracture present (fails inclusion criterion 3).,High,done
Non_fractured/IMG0001692.jpg,Non_fractured,EXCLUDE,N/A,Unclear,No,N/A,Source-labeled non-fractured; no fracture present (fails inclusion criterion 3).,High,done
Non_fractured/IMG0001693.jpg,Non_fractured,EXCLUDE,N/A,Unclear,No,N/A,Source-labeled non-fractured; no fracture present (fails inclusion criterion 3).,High,done
Non_fractured/IMG0001694.jpg,Non_fractured,EXCLUDE,N/A,Unclear,No,N/A,Source-labeled non-fractured; no fracture present (fails inclusion criterion 3).,High,done
Non_fractured/IMG0001695.jpg,Non_fractured,EXCLUDE,N/A,Unclear,No,N/A,Source-labeled non-fractured; no fracture present (fails inclusion criterion 3).,High,done
Non_fractured/IMG0001696.jpg,Non_fractured,EXCLUDE,N/A,Unclear,No,N/A,Source-labeled non-fractured; no fracture present (fails inclusion criterion 3).,High,done
Non_fractured/IMG0001697.jpg,Non_fractured,EXCLUDE,N/A,Unclear,No,N/A,Source-labeled non-fractured; no fracture present (fails inclusion criterion 3).,High,done
Non_fractured/IMG0001698.jpg,Non_fractured,EXCLUDE,N/A,Unclear,No,N/A,Source-labeled non-fractured; no fracture present (fails inclusion criterion 3).,High,done
Non_fractured/IMG0001699.jpg,Non_fractured,EXCLUDE,N/A,Unclear,No,N/A,Source-labeled non-fractured; no fracture present (fails inclusion criterion 3).,High,done
Non_fractured/IMG0001700.jpg,Non_fractured,EXCLUDE,N/A,Unclear,No,N/A,Source-labeled non-fractured; no fracture present (fails inclusion criterion 3).,High,done
Non_fractured/IMG0001701.jpg,Non_fractured,EXCLUDE,N/A,Unclear,No,N/A,Source-labeled non-fractured; no fracture present (fails inclusion criterion 3).,High,done
Non_fractured/IMG0001702.jpg,Non_fractured,EXCLUDE,N/A,Unclear,No,N/A,Source-labeled non-fractured; no fracture present (fails inclusion criterion 3).,High,done
Non_fractured/IMG0001703.jpg,Non_fractured,EXCLUDE,N/A,Unclear,No,N/A,Source-labeled non-fractured; no fracture present (fails inclusion criterion 3).,High,done
Non_fractured/IMG0001704.jpg,Non_fractured,EXCLUDE,N/A,Unclear,No,N/A,Source-labeled non-fractured; no fracture present (fails inclusion criterion 3).,High,done
Non_fractured/IMG0001705.jpg,Non_fractured,EXCLUDE,N/A,Unclear,No,N/A,Source-labeled non-fractured; no fracture present (fails inclusion criterion 3).,High,done
Non_fractured/IMG0001706.jpg,Non_fractured,EXCLUDE,N/A,Unclear,No,N/A,Source-labeled non-fractured; no fracture present (fails inclusion criterion 3).,High,done
Non_fractured/IMG0001707.jpg,Non_fractured,EXCLUDE,N/A,Unclear,No,N/A,Source-labeled non-fractured; no fracture present (fails inclusion criterion 3).,High,done
Non_fractured/IMG0001708.jpg,Non_fractured,EXCLUDE,N/A,Unclear,No,N/A,Source-labeled non-fractured; no fracture present (fails inclusion criterion 3).,High,done
Non_fractured/IMG0001709.jpg,Non_fractured,EXCLUDE,N/A,Unclear,No,N/A,Source-labeled non-fractured; no fracture present (fails inclusion criterion 3).,High,done
Non_fractured/IMG0001711.jpg,Non_fractured,EXCLUDE,N/A,Unclear,No,N/A,Source-labeled non-fractured; no fracture present (fails inclusion criterion 3).,High,done
Non_fractured/IMG0001712.jpg,Non_fractured,EXCLUDE,N/A,Unclear,No,N/A,Source-labeled non-fractured; no fracture present (fails inclusion criterion 3).,High,done
Non_fractured/IMG0001714.jpg,Non_fractured,EXCLUDE,N/A,Unclear,No,N/A,Source-labeled non-fractured; no fracture present (fails inclusion criterion 3).,High,done
Non_fractured/IMG0001715.jpg,Non_fractured,EXCLUDE,N/A,Unclear,No,N/A,Source-labeled non-fractured; no fracture present (fails inclusion criterion 3).,High,done
Non_fractured/IMG0001716.jpg,Non_fractured,EXCLUDE,N/A,Unclear,No,N/A,Source-labeled non-fractured; no fracture present (fails inclusion criterion 3).,High,done
Non_fractured/IMG0001717.jpg,Non_fractured,EXCLUDE,N/A,Unclear,No,N/A,Source-labeled non-fractured; no fracture present (fails inclusion criterion 3).,High,done
Non_fractured/IMG0001718.jpg,Non_fractured,EXCLUDE,N/A,Unclear,No,N/A,Source-labeled non-fractured; no fracture present (fails inclusion criterion 3).,High,done
Non_fractured/IMG0001719.jpg,Non_fractured,EXCLUDE,N/A,Unclear,No,N/A,Source-labeled non-fractured; no fracture present (fails inclusion criterion 3).,High,done
Non_fractured/IMG0001720.jpg,Non_fractured,EXCLUDE,N/A,Unclear,No,N/A,Source-labeled non-fractured; no fracture present (fails inclusion criterion 3).,High,done
Non_fractured/IMG0001721.jpg,Non_fractured,EXCLUDE,N/A,Unclear,No,N/A,Source-labeled non-fractured; no fracture present (fails inclusion criterion 3).,High,done
Non_fractured/IMG0001722.jpg,Non_fractured,EXCLUDE,N/A,Unclear,No,N/A,Source-labeled non-fractured; no fracture present (fails inclusion criterion 3).,High,done
Non_fractured/IMG0001723.jpg,Non_fractured,EXCLUDE,N/A,Unclear,No,N/A,Source-labeled non-fractured; no fracture present (fails inclusion criterion 3).,High,done
Non_fractured/IMG0001724.jpg,Non_fractured,EXCLUDE,N/A,Unclear,No,N/A,Source-labeled non-fractured; no fracture present (fails inclusion criterion 3).,High,done
Non_fractured/IMG0001725.jpg,Non_fractured,EXCLUDE,N/A,Unclear,No,N/A,Source-labeled non-fractured; no fracture present (fails inclusion criterion 3).,High,done
Non_fractured/IMG0001726.jpg,Non_fractured,EXCLUDE,N/A,Unclear,No,N/A,Source-labeled non-fractured; no fracture present (fails inclusion criterion 3).,High,done
Non_fractured/IMG0001727.jpg,Non_fractured,EXCLUDE,N/A,Unclear,No,N/A,Source-labeled non-fractured; no fracture present (fails inclusion criterion 3).,High,done
Non_fractured/IMG0001728.jpg,Non_fractured,EXCLUDE,N/A,Unclear,No,N/A,Source-labeled non-fractured; no fracture present (fails inclusion criterion 3).,High,done
Non_fractured/IMG0001729.jpg,Non_fractured,EXCLUDE,N/A,Unclear,No,N/A,Source-labeled non-fractured; no fracture present (fails inclusion criterion 3).,High,done
Non_fractured/IMG0001733.jpg,Non_fractured,EXCLUDE,N/A,Unclear,No,N/A,Source-labeled non-fractured; no fracture present (fails inclusion criterion 3).,High,done
Non_fractured/IMG0001734.jpg,Non_fractured,EXCLUDE,N/A,Unclear,No,N/A,Source-labeled non-fractured; no fracture present (fails inclusion criterion 3).,High,done
Non_fractured/IMG0001735.jpg,Non_fractured,EXCLUDE,N/A,Unclear,No,N/A,Source-labeled non-fractured; no fracture present (fails inclusion criterion 3).,High,done
Non_fractured/IMG0001736.jpg,Non_fractured,EXCLUDE,N/A,Unclear,No,N/A,Source-labeled non-fractured; no fracture present (fails inclusion criterion 3).,High,done
Non_fractured/IMG0001737.jpg,Non_fractured,EXCLUDE,N/A,Unclear,No,N/A,Source-labeled non-fractured; no fracture present (fails inclusion criterion 3).,High,done
Non_fractured/IMG0001740.jpg,Non_fractured,EXCLUDE,N/A,Unclear,No,N/A,Source-labeled non-fractured; no fracture present (fails inclusion criterion 3).,High,done
Non_fractured/IMG0001741.jpg,Non_fractured,EXCLUDE,N/A,Unclear,No,N/A,Source-labeled non-fractured; no fracture present (fails inclusion criterion 3).,High,done
Non_fractured/IMG0001742.jpg,Non_fractured,EXCLUDE,N/A,Unclear,No,N/A,Source-labeled non-fractured; no fracture present (fails inclusion criterion 3).,High,done
Non_fractured/IMG0001743.jpg,Non_fractured,EXCLUDE,N/A,Unclear,No,N/A,Source-labeled non-fractured; no fracture present (fails inclusion criterion 3).,High,done
Non_fractured/IMG0001744.jpg,Non_fractured,EXCLUDE,N/A,Unclear,No,N/A,Source-labeled non-fractured; no fracture present (fails inclusion criterion 3).,High,done
Non_fractured/IMG0001745.jpg,Non_fractured,EXCLUDE,N/A,Unclear,No,N/A,Source-labeled non-fractured; no fracture present (fails inclusion criterion 3).,High,done
Non_fractured/IMG0001746.jpg,Non_fractured,EXCLUDE,N/A,Unclear,No,N/A,Source-labeled non-fractured; no fracture present (fails inclusion criterion 3).,High,done
Non_fractured/IMG0001747.jpg,Non_fractured,EXCLUDE,N/A,Unclear,No,N/A,Source-labeled non-fractured; no fracture present (fails inclusion criterion 3).,High,done
Non_fractured/IMG0001748.jpg,Non_fractured,EXCLUDE,N/A,Unclear,No,N/A,Source-labeled non-fractured; no fracture present (fails inclusion criterion 3).,High,done
Non_fractured/IMG0001749.jpg,Non_fractured,EXCLUDE,N/A,Unclear,No,N/A,Source-labeled non-fractured; no fracture present (fails inclusion criterion 3).,High,done
Non_fractured/IMG0001750.jpg,Non_fractured,EXCLUDE,N/A,Unclear,No,N/A,Source-labeled non-fractured; no fracture present (fails inclusion criterion 3).,High,done
Non_fractured/IMG0001751.jpg,Non_fractured,EXCLUDE,N/A,Unclear,No,N/A,Source-labeled non-fractured; no fracture present (fails inclusion criterion 3).,High,done
Non_fractured/IMG0001752.jpg,Non_fractured,EXCLUDE,N/A,Unclear,No,N/A,Source-labeled non-fractured; no fracture present (fails inclusion criterion 3).,High,done
Non_fractured/IMG0001753.jpg,Non_fractured,EXCLUDE,N/A,Unclear,No,N/A,Source-labeled non-fractured; no fracture present (fails inclusion criterion 3).,High,done
Non_fractured/IMG0001754.jpg,Non_fractured,EXCLUDE,N/A,Unclear,No,N/A,Source-labeled non-fractured; no fracture present (fails inclusion criterion 3).,High,done
Non_fractured/IMG0001755.jpg,Non_fractured,EXCLUDE,N/A,Unclear,No,N/A,Source-labeled non-fractured; no fracture present (fails inclusion criterion 3).,High,done
Non_fractured/IMG0001756.jpg,Non_fractured,EXCLUDE,N/A,Unclear,No,N/A,Source-labeled non-fractured; no fracture present (fails inclusion criterion 3).,High,done
Non_fractured/IMG0001757.jpg,Non_fractured,EXCLUDE,N/A,Unclear,No,N/A,Source-labeled non-fractured; no fracture present (fails inclusion criterion 3).,High,done
Non_fractured/IMG0001758.jpg,Non_fractured,EXCLUDE,N/A,Unclear,No,N/A,Source-labeled non-fractured; no fracture present (fails inclusion criterion 3).,High,done
Non_fractured/IMG0001759.jpg,Non_fractured,EXCLUDE,N/A,Unclear,No,N/A,Source-labeled non-fractured; no fracture present (fails inclusion criterion 3).,High,done
Non_fractured/IMG0001761.jpg,Non_fractured,EXCLUDE,N/A,Unclear,No,N/A,Source-labeled non-fractured; no fracture present (fails inclusion criterion 3).,High,done
Non_fractured/IMG0001764.jpg,Non_fractured,EXCLUDE,N/A,Unclear,No,N/A,Source-labeled non-fractured; no fracture present (fails inclusion criterion 3).,High,done
Non_fractured/IMG0001765.jpg,Non_fractured,EXCLUDE,N/A,Unclear,No,N/A,Source-labeled non-fractured; no fracture present (fails inclusion criterion 3).,High,done
Non_fractured/IMG0001766.jpg,Non_fractured,EXCLUDE,N/A,Unclear,No,N/A,Source-labeled non-fractured; no fracture present (fails inclusion criterion 3).,High,done
Non_fractured/IMG0001767.jpg,Non_fractured,EXCLUDE,N/A,Unclear,No,N/A,Source-labeled non-fractured; no fracture present (fails inclusion criterion 3).,High,done
Non_fractured/IMG0001768.jpg,Non_fractured,EXCLUDE,N/A,Unclear,No,N/A,Source-labeled non-fractured; no fracture present (fails inclusion criterion 3).,High,done
Non_fractured/IMG0001769.jpg,Non_fractured,EXCLUDE,N/A,Unclear,No,N/A,Source-labeled non-fractured; no fracture present (fails inclusion criterion 3).,High,done
Non_fractured/IMG0001770.jpg,Non_fractured,EXCLUDE,N/A,Unclear,No,N/A,Source-labeled non-fractured; no fracture present (fails inclusion criterion 3).,High,done
Non_fractured/IMG0001771.jpg,Non_fractured,EXCLUDE,N/A,Unclear,No,N/A,Source-labeled non-fractured; no fracture present (fails inclusion criterion 3).,High,done
Non_fractured/IMG0001772.jpg,Non_fractured,EXCLUDE,N/A,Unclear,No,N/A,Source-labeled non-fractured; no fracture present (fails inclusion criterion 3).,High,done
Non_fractured/IMG0001773.jpg,Non_fractured,EXCLUDE,N/A,Unclear,No,N/A,Source-labeled non-fractured; no fracture present (fails inclusion criterion 3).,High,done
Non_fractured/IMG0001775.jpg,Non_fractured,EXCLUDE,N/A,Unclear,No,N/A,Source-labeled non-fractured; no fracture present (fails inclusion criterion 3).,High,done
Non_fractured/IMG0001776.jpg,Non_fractured,EXCLUDE,N/A,Unclear,No,N/A,Source-labeled non-fractured; no fracture present (fails inclusion criterion 3).,High,done
Non_fractured/IMG0001777.jpg,Non_fractured,EXCLUDE,N/A,Unclear,No,N/A,Source-labeled non-fractured; no fracture present (fails inclusion criterion 3).,High,done
Non_fractured/IMG0001778.jpg,Non_fractured,EXCLUDE,N/A,Unclear,No,N/A,Source-labeled non-fractured; no fracture present (fails inclusion criterion 3).,High,done
Non_fractured/IMG0001779.jpg,Non_fractured,EXCLUDE,N/A,Unclear,No,N/A,Source-labeled non-fractured; no fracture present (fails inclusion criterion 3).,High,done
Non_fractured/IMG0001782.jpg,Non_fractured,EXCLUDE,N/A,Unclear,No,N/A,Source-labeled non-fractured; no fracture present (fails inclusion criterion 3).,High,done
Non_fractured/IMG0001783.jpg,Non_fractured,EXCLUDE,N/A,Unclear,No,N/A,Source-labeled non-fractured; no fracture present (fails inclusion criterion 3).,High,done
Non_fractured/IMG0001784.jpg,Non_fractured,EXCLUDE,N/A,Unclear,No,N/A,Source-labeled non-fractured; no fracture present (fails inclusion criterion 3).,High,done
Non_fractured/IMG0001785.jpg,Non_fractured,EXCLUDE,N/A,Unclear,No,N/A,Source-labeled non-fractured; no fracture present (fails inclusion criterion 3).,High,done
Non_fractured/IMG0001786.jpg,Non_fractured,EXCLUDE,N/A,Unclear,No,N/A,Source-labeled non-fractured; no fracture present (fails inclusion criterion 3).,High,done
Non_fractured/IMG0001787.jpg,Non_fractured,EXCLUDE,N/A,Unclear,No,N/A,Source-labeled non-fractured; no fracture present (fails inclusion criterion 3).,High,done
Non_fractured/IMG0001788.jpg,Non_fractured,EXCLUDE,N/A,Unclear,No,N/A,Source-labeled non-fractured; no fracture present (fails inclusion criterion 3).,High,done
Non_fractured/IMG0001789.jpg,Non_fractured,EXCLUDE,N/A,Unclear,No,N/A,Source-labeled non-fractured; no fracture present (fails inclusion criterion 3).,High,done
Non_fractured/IMG0001790.jpg,Non_fractured,EXCLUDE,N/A,Unclear,No,N/A,Source-labeled non-fractured; no fracture present (fails inclusion criterion 3).,High,done
Non_fractured/IMG0001791.jpg,Non_fractured,EXCLUDE,N/A,Unclear,No,N/A,Source-labeled non-fractured; no fracture present (fails inclusion criterion 3).,High,done
Non_fractured/IMG0001792.jpg,Non_fractured,EXCLUDE,N/A,Unclear,No,N/A,Source-labeled non-fractured; no fracture present (fails inclusion criterion 3).,High,done
Non_fractured/IMG0001793.jpg,Non_fractured,EXCLUDE,N/A,Unclear,No,N/A,Source-labeled non-fractured; no fracture present (fails inclusion criterion 3).,High,done
Non_fractured/IMG0001794.jpg,Non_fractured,EXCLUDE,N/A,Unclear,No,N/A,Source-labeled non-fractured; no fracture present (fails inclusion criterion 3).,High,done
Non_fractured/IMG0001795.jpg,Non_fractured,EXCLUDE,N/A,Unclear,No,N/A,Source-labeled non-fractured; no fracture present (fails inclusion criterion 3).,High,done
Non_fractured/IMG0001796.jpg,Non_fractured,EXCLUDE,N/A,Unclear,No,N/A,Source-labeled non-fractured; no fracture present (fails inclusion criterion 3).,High,done
Non_fractured/IMG0001797.jpg,Non_fractured,EXCLUDE,N/A,Unclear,No,N/A,Source-labeled non-fractured; no fracture present (fails inclusion criterion 3).,High,done
Non_fractured/IMG0001798.jpg,Non_fractured,EXCLUDE,N/A,Unclear,No,N/A,Source-labeled non-fractured; no fracture present (fails inclusion criterion 3).,High,done
Non_fractured/IMG0001799.jpg,Non_fractured,EXCLUDE,N/A,Unclear,No,N/A,Source-labeled non-fractured; no fracture present (fails inclusion criterion 3).,High,done
Non_fractured/IMG0001800.jpg,Non_fractured,EXCLUDE,N/A,Unclear,No,N/A,Source-labeled non-fractured; no fracture present (fails inclusion criterion 3).,High,done
Non_fractured/IMG0001801.jpg,Non_fractured,EXCLUDE,N/A,Unclear,No,N/A,Source-labeled non-fractured; no fracture present (fails inclusion criterion 3).,High,done
Non_fractured/IMG0001802.jpg,Non_fractured,EXCLUDE,N/A,Unclear,No,N/A,Source-labeled non-fractured; no fracture present (fails inclusion criterion 3).,High,done
Non_fractured/IMG0001803.jpg,Non_fractured,EXCLUDE,N/A,Unclear,No,N/A,Source-labeled non-fractured; no fracture present (fails inclusion criterion 3).,High,done
Non_fractured/IMG0001804.jpg,Non_fractured,EXCLUDE,N/A,Unclear,No,N/A,Source-labeled non-fractured; no fracture present (fails inclusion criterion 3).,High,done
Non_fractured/IMG0001807.jpg,Non_fractured,EXCLUDE,N/A,Unclear,No,N/A,Source-labeled non-fractured; no fracture present (fails inclusion criterion 3).,High,done
Non_fractured/IMG0001808.jpg,Non_fractured,EXCLUDE,N/A,Unclear,No,N/A,Source-labeled non-fractured; no fracture present (fails inclusion criterion 3).,High,done
Non_fractured/IMG0001809.jpg,Non_fractured,EXCLUDE,N/A,Unclear,No,N/A,Source-labeled non-fractured; no fracture present (fails inclusion criterion 3).,High,done
Non_fractured/IMG0001810.jpg,Non_fractured,EXCLUDE,N/A,Unclear,No,N/A,Source-labeled non-fractured; no fracture present (fails inclusion criterion 3).,High,done
Non_fractured/IMG0001811.jpg,Non_fractured,EXCLUDE,N/A,Unclear,No,N/A,Source-labeled non-fractured; no fracture present (fails inclusion criterion 3).,High,done
Non_fractured/IMG0001812.jpg,Non_fractured,EXCLUDE,N/A,Unclear,No,N/A,Source-labeled non-fractured; no fracture present (fails inclusion criterion 3).,High,done
Non_fractured/IMG0001813.jpg,Non_fractured,EXCLUDE,N/A,Unclear,No,N/A,Source-labeled non-fractured; no fracture present (fails inclusion criterion 3).,High,done
Non_fractured/IMG0001814.jpg,Non_fractured,EXCLUDE,N/A,Unclear,No,N/A,Source-labeled non-fractured; no fracture present (fails inclusion criterion 3).,High,done
Non_fractured/IMG0001815.jpg,Non_fractured,EXCLUDE,N/A,Unclear,No,N/A,Source-labeled non-fractured; no fracture present (fails inclusion criterion 3).,High,done
Non_fractured/IMG0001816.jpg,Non_fractured,EXCLUDE,N/A,Unclear,No,N/A,Source-labeled non-fractured; no fracture present (fails inclusion criterion 3).,High,done
Non_fractured/IMG0001817.jpg,Non_fractured,EXCLUDE,N/A,Unclear,No,N/A,Source-labeled non-fractured; no fracture present (fails inclusion criterion 3).,High,done
Non_fractured/IMG0001818.jpg,Non_fractured,EXCLUDE,N/A,Unclear,No,N/A,Source-labeled non-fractured; no fracture present (fails inclusion criterion 3).,High,done
Non_fractured/IMG0001819.jpg,Non_fractured,EXCLUDE,N/A,Unclear,No,N/A,Source-labeled non-fractured; no fracture present (fails inclusion criterion 3).,High,done
Non_fractured/IMG0001820.jpg,Non_fractured,EXCLUDE,N/A,Unclear,No,N/A,Source-labeled non-fractured; no fracture present (fails inclusion criterion 3).,High,done
Non_fractured/IMG0001821.jpg,Non_fractured,EXCLUDE,N/A,Unclear,No,N/A,Source-labeled non-fractured; no fracture present (fails inclusion criterion 3).,High,done
Non_fractured/IMG0001822.jpg,Non_fractured,EXCLUDE,N/A,Unclear,No,N/A,Source-labeled non-fractured; no fracture present (fails inclusion criterion 3).,High,done
Non_fractured/IMG0001823.jpg,Non_fractured,EXCLUDE,N/A,Unclear,No,N/A,Source-labeled non-fractured; no fracture present (fails inclusion criterion 3).,High,done
Non_fractured/IMG0001824.jpg,Non_fractured,EXCLUDE,N/A,Unclear,No,N/A,Source-labeled non-fractured; no fracture present (fails inclusion criterion 3).,High,done
Non_fractured/IMG0001825.jpg,Non_fractured,EXCLUDE,N/A,Unclear,No,N/A,Source-labeled non-fractured; no fracture present (fails inclusion criterion 3).,High,done
Non_fractured/IMG0001826.jpg,Non_fractured,EXCLUDE,N/A,Unclear,No,N/A,Source-labeled non-fractured; no fracture present (fails inclusion criterion 3).,High,done
Non_fractured/IMG0001827.jpg,Non_fractured,EXCLUDE,N/A,Unclear,No,N/A,Source-labeled non-fractured; no fracture present (fails inclusion criterion 3).,High,done
Non_fractured/IMG0001828.jpg,Non_fractured,EXCLUDE,N/A,Unclear,No,N/A,Source-labeled non-fractured; no fracture present (fails inclusion criterion 3).,High,done
Non_fractured/IMG0001829.jpg,Non_fractured,EXCLUDE,N/A,Unclear,No,N/A,Source-labeled non-fractured; no fracture present (fails inclusion criterion 3).,High,done
Non_fractured/IMG0001830.jpg,Non_fractured,EXCLUDE,N/A,Unclear,No,N/A,Source-labeled non-fractured; no fracture present (fails inclusion criterion 3).,High,done
Non_fractured/IMG0001831.jpg,Non_fractured,EXCLUDE,N/A,Unclear,No,N/A,Source-labeled non-fractured; no fracture present (fails inclusion criterion 3).,High,done
Non_fractured/IMG0001832.jpg,Non_fractured,EXCLUDE,N/A,Unclear,No,N/A,Source-labeled non-fractured; no fracture present (fails inclusion criterion 3).,High,done
Non_fractured/IMG0001833.jpg,Non_fractured,EXCLUDE,N/A,Unclear,No,N/A,Source-labeled non-fractured; no fracture present (fails inclusion criterion 3).,High,done
Non_fractured/IMG0001834.jpg,Non_fractured,EXCLUDE,N/A,Unclear,No,N/A,Source-labeled non-fractured; no fracture present (fails inclusion criterion 3).,High,done
Non_fractured/IMG0001835.jpg,Non_fractured,EXCLUDE,N/A,Unclear,No,N/A,Source-labeled non-fractured; no fracture present (fails inclusion criterion 3).,High,done
Non_fractured/IMG0001836.jpg,Non_fractured,EXCLUDE,N/A,Unclear,No,N/A,Source-labeled non-fractured; no fracture present (fails inclusion criterion 3).,High,done
Non_fractured/IMG0001837.jpg,Non_fractured,EXCLUDE,N/A,Unclear,No,N/A,Source-labeled non-fractured; no fracture present (fails inclusion criterion 3).,High,done
Non_fractured/IMG0001838.jpg,Non_fractured,EXCLUDE,N/A,Unclear,No,N/A,Source-labeled non-fractured; no fracture present (fails inclusion criterion 3).,High,done
Non_fractured/IMG0001839.jpg,Non_fractured,EXCLUDE,N/A,Unclear,No,N/A,Source-labeled non-fractured; no fracture present (fails inclusion criterion 3).,High,done
Non_fractured/IMG0001840.jpg,Non_fractured,EXCLUDE,N/A,Unclear,No,N/A,Source-labeled non-fractured; no fracture present (fails inclusion criterion 3).,High,done
Non_fractured/IMG0001841.jpg,Non_fractured,EXCLUDE,N/A,Unclear,No,N/A,Source-labeled non-fractured; no fracture present (fails inclusion criterion 3).,High,done
Non_fractured/IMG0001842.jpg,Non_fractured,EXCLUDE,N/A,Unclear,No,N/A,Source-labeled non-fractured; no fracture present (fails inclusion criterion 3).,High,done
Non_fractured/IMG0001843.jpg,Non_fractured,EXCLUDE,N/A,Unclear,No,N/A,Source-labeled non-fractured; no fracture present (fails inclusion criterion 3).,High,done
Non_fractured/IMG0001844.jpg,Non_fractured,EXCLUDE,N/A,Unclear,No,N/A,Source-labeled non-fractured; no fracture present (fails inclusion criterion 3).,High,done
Non_fractured/IMG0001845.jpg,Non_fractured,EXCLUDE,N/A,Unclear,No,N/A,Source-labeled non-fractured; no fracture present (fails inclusion criterion 3).,High,done
Non_fractured/IMG0001846.jpg,Non_fractured,EXCLUDE,N/A,Unclear,No,N/A,Source-labeled non-fractured; no fracture present (fails inclusion criterion 3).,High,done
Non_fractured/IMG0001847.jpg,Non_fractured,EXCLUDE,N/A,Unclear,No,N/A,Source-labeled non-fractured; no fracture present (fails inclusion criterion 3).,High,done
Non_fractured/IMG0001848.jpg,Non_fractured,EXCLUDE,N/A,Unclear,No,N/A,Source-labeled non-fractured; no fracture present (fails inclusion criterion 3).,High,done
Non_fractured/IMG0001849.jpg,Non_fractured,EXCLUDE,N/A,Unclear,No,N/A,Source-labeled non-fractured; no fracture present (fails inclusion criterion 3).,High,done
Non_fractured/IMG0001850.jpg,Non_fractured,EXCLUDE,N/A,Unclear,No,N/A,Source-labeled non-fractured; no fracture present (fails inclusion criterion 3).,High,done
Non_fractured/IMG0001851.jpg,Non_fractured,EXCLUDE,N/A,Unclear,No,N/A,Source-labeled non-fractured; no fracture present (fails inclusion criterion 3).,High,done
Non_fractured/IMG0001852.jpg,Non_fractured,EXCLUDE,N/A,Unclear,No,N/A,Source-labeled non-fractured; no fracture present (fails inclusion criterion 3).,High,done
Non_fractured/IMG0001853.jpg,Non_fractured,EXCLUDE,N/A,Unclear,No,N/A,Source-labeled non-fractured; no fracture present (fails inclusion criterion 3).,High,done
Non_fractured/IMG0001854.jpg,Non_fractured,EXCLUDE,N/A,Unclear,No,N/A,Source-labeled non-fractured; no fracture present (fails inclusion criterion 3).,High,done
Non_fractured/IMG0001855.jpg,Non_fractured,EXCLUDE,N/A,Unclear,No,N/A,Source-labeled non-fractured; no fracture present (fails inclusion criterion 3).,High,done
Non_fractured/IMG0001856.jpg,Non_fractured,EXCLUDE,N/A,Unclear,No,N/A,Source-labeled non-fractured; no fracture present (fails inclusion criterion 3).,High,done
Non_fractured/IMG0001857.jpg,Non_fractured,EXCLUDE,N/A,Unclear,No,N/A,Source-labeled non-fractured; no fracture present (fails inclusion criterion 3).,High,done
Non_fractured/IMG0001858.jpg,Non_fractured,EXCLUDE,N/A,Unclear,No,N/A,Source-labeled non-fractured; no fracture present (fails inclusion criterion 3).,High,done
Non_fractured/IMG0001859.jpg,Non_fractured,EXCLUDE,N/A,Unclear,No,N/A,Source-labeled non-fractured; no fracture present (fails inclusion criterion 3).,High,done
Non_fractured/IMG0001860.jpg,Non_fractured,EXCLUDE,N/A,Unclear,No,N/A,Source-labeled non-fractured; no fracture present (fails inclusion criterion 3).,High,done
Non_fractured/IMG0001861.jpg,Non_fractured,EXCLUDE,N/A,Unclear,No,N/A,Source-labeled non-fractured; no fracture present (fails inclusion criterion 3).,High,done
Non_fractured/IMG0001862.jpg,Non_fractured,EXCLUDE,N/A,Unclear,No,N/A,Source-labeled non-fractured; no fracture present (fails inclusion criterion 3).,High,done
Non_fractured/IMG0001863.jpg,Non_fractured,EXCLUDE,N/A,Unclear,No,N/A,Source-labeled non-fractured; no fracture present (fails inclusion criterion 3).,High,done
Non_fractured/IMG0001864.jpg,Non_fractured,EXCLUDE,N/A,Unclear,No,N/A,Source-labeled non-fractured; no fracture present (fails inclusion criterion 3).,High,done
Non_fractured/IMG0001865.jpg,Non_fractured,EXCLUDE,N/A,Unclear,No,N/A,Source-labeled non-fractured; no fracture present (fails inclusion criterion 3).,High,done
Non_fractured/IMG0001866.jpg,Non_fractured,EXCLUDE,N/A,Unclear,No,N/A,Source-labeled non-fractured; no fracture present (fails inclusion criterion 3).,High,done
Non_fractured/IMG0001871.jpg,Non_fractured,EXCLUDE,N/A,Unclear,No,N/A,Source-labeled non-fractured; no fracture present (fails inclusion criterion 3).,High,done
Non_fractured/IMG0001872.jpg,Non_fractured,EXCLUDE,N/A,Unclear,No,N/A,Source-labeled non-fractured; no fracture present (fails inclusion criterion 3).,High,done
Non_fractured/IMG0001873.jpg,Non_fractured,EXCLUDE,N/A,Unclear,No,N/A,Source-labeled non-fractured; no fracture present (fails inclusion criterion 3).,High,done
Non_fractured/IMG0001874.jpg,Non_fractured,EXCLUDE,N/A,Unclear,No,N/A,Source-labeled non-fractured; no fracture present (fails inclusion criterion 3).,High,done
Non_fractured/IMG0001875.jpg,Non_fractured,EXCLUDE,N/A,Unclear,No,N/A,Source-labeled non-fractured; no fracture present (fails inclusion criterion 3).,High,done
Non_fractured/IMG0001876.jpg,Non_fractured,EXCLUDE,N/A,Unclear,No,N/A,Source-labeled non-fractured; no fracture present (fails inclusion criterion 3).,High,done
Non_fractured/IMG0001877.jpg,Non_fractured,EXCLUDE,N/A,Unclear,No,N/A,Source-labeled non-fractured; no fracture present (fails inclusion criterion 3).,High,done
Non_fractured/IMG0001878.jpg,Non_fractured,EXCLUDE,N/A,Unclear,No,N/A,Source-labeled non-fractured; no fracture present (fails inclusion criterion 3).,High,done
Non_fractured/IMG0001879.jpg,Non_fractured,EXCLUDE,N/A,Unclear,No,N/A,Source-labeled non-fractured; no fracture present (fails inclusion criterion 3).,High,done
Non_fractured/IMG0001881.jpg,Non_fractured,EXCLUDE,N/A,Unclear,No,N/A,Source-labeled non-fractured; no fracture present (fails inclusion criterion 3).,High,done
Non_fractured/IMG0001882.jpg,Non_fractured,EXCLUDE,N/A,Unclear,No,N/A,Source-labeled non-fractured; no fracture present (fails inclusion criterion 3).,High,done
Non_fractured/IMG0001883.jpg,Non_fractured,EXCLUDE,N/A,Unclear,No,N/A,Source-labeled non-fractured; no fracture present (fails inclusion criterion 3).,High,done
Non_fractured/IMG0001884.jpg,Non_fractured,EXCLUDE,N/A,Unclear,No,N/A,Source-labeled non-fractured; no fracture present (fails inclusion criterion 3).,High,done
Non_fractured/IMG0001885.jpg,Non_fractured,EXCLUDE,N/A,Unclear,No,N/A,Source-labeled non-fractured; no fracture present (fails inclusion criterion 3).,High,done
Non_fractured/IMG0001886.jpg,Non_fractured,EXCLUDE,N/A,Unclear,No,N/A,Source-labeled non-fractured; no fracture present (fails inclusion criterion 3).,High,done
Non_fractured/IMG0001887.jpg,Non_fractured,EXCLUDE,N/A,Unclear,No,N/A,Source-labeled non-fractured; no fracture present (fails inclusion criterion 3).,High,done
Non_fractured/IMG0001888.jpg,Non_fractured,EXCLUDE,N/A,Unclear,No,N/A,Source-labeled non-fractured; no fracture present (fails inclusion criterion 3).,High,done
Non_fractured/IMG0001889.jpg,Non_fractured,EXCLUDE,N/A,Unclear,No,N/A,Source-labeled non-fractured; no fracture present (fails inclusion criterion 3).,High,done
Non_fractured/IMG0001890.jpg,Non_fractured,EXCLUDE,N/A,Unclear,No,N/A,Source-labeled non-fractured; no fracture present (fails inclusion criterion 3).,High,done
Non_fractured/IMG0001891.jpg,Non_fractured,EXCLUDE,N/A,Unclear,No,N/A,Source-labeled non-fractured; no fracture present (fails inclusion criterion 3).,High,done
Non_fractured/IMG0001892.jpg,Non_fractured,EXCLUDE,N/A,Unclear,No,N/A,Source-labeled non-fractured; no fracture present (fails inclusion criterion 3).,High,done
Non_fractured/IMG0001893.jpg,Non_fractured,EXCLUDE,N/A,Unclear,No,N/A,Source-labeled non-fractured; no fracture present (fails inclusion criterion 3).,High,done
Non_fractured/IMG0001894.jpg,Non_fractured,EXCLUDE,N/A,Unclear,No,N/A,Source-labeled non-fractured; no fracture present (fails inclusion criterion 3).,High,done
Non_fractured/IMG0001895.jpg,Non_fractured,EXCLUDE,N/A,Unclear,No,N/A,Source-labeled non-fractured; no fracture present (fails inclusion criterion 3).,High,done
Non_fractured/IMG0001896.jpg,Non_fractured,EXCLUDE,N/A,Unclear,No,N/A,Source-labeled non-fractured; no fracture present (fails inclusion criterion 3).,High,done
Non_fractured/IMG0001898.jpg,Non_fractured,EXCLUDE,N/A,Unclear,No,N/A,Source-labeled non-fractured; no fracture present (fails inclusion criterion 3).,High,done
Non_fractured/IMG0001899.jpg,Non_fractured,EXCLUDE,N/A,Unclear,No,N/A,Source-labeled non-fractured; no fracture present (fails inclusion criterion 3).,High,done
Non_fractured/IMG0001900.jpg,Non_fractured,EXCLUDE,N/A,Unclear,No,N/A,Source-labeled non-fractured; no fracture present (fails inclusion criterion 3).,High,done
Non_fractured/IMG0001901.jpg,Non_fractured,EXCLUDE,N/A,Unclear,No,N/A,Source-labeled non-fractured; no fracture present (fails inclusion criterion 3).,High,done
Non_fractured/IMG0001902.jpg,Non_fractured,EXCLUDE,N/A,Unclear,No,N/A,Source-labeled non-fractured; no fracture present (fails inclusion criterion 3).,High,done
Non_fractured/IMG0001903.jpg,Non_fractured,EXCLUDE,N/A,Unclear,No,N/A,Source-labeled non-fractured; no fracture present (fails inclusion criterion 3).,High,done
Non_fractured/IMG0001904.jpg,Non_fractured,EXCLUDE,N/A,Unclear,No,N/A,Source-labeled non-fractured; no fracture present (fails inclusion criterion 3).,High,done
Non_fractured/IMG0001905.jpg,Non_fractured,EXCLUDE,N/A,Unclear,No,N/A,Source-labeled non-fractured; no fracture present (fails inclusion criterion 3).,High,done
Non_fractured/IMG0001906.jpg,Non_fractured,EXCLUDE,N/A,Unclear,No,N/A,Source-labeled non-fractured; no fracture present (fails inclusion criterion 3).,High,done
Non_fractured/IMG0001907.jpg,Non_fractured,EXCLUDE,N/A,Unclear,No,N/A,Source-labeled non-fractured; no fracture present (fails inclusion criterion 3).,High,done
Non_fractured/IMG0001908.jpg,Non_fractured,EXCLUDE,N/A,Unclear,No,N/A,Source-labeled non-fractured; no fracture present (fails inclusion criterion 3).,High,done
Non_fractured/IMG0001909.jpg,Non_fractured,EXCLUDE,N/A,Unclear,No,N/A,Source-labeled non-fractured; no fracture present (fails inclusion criterion 3).,High,done
Non_fractured/IMG0001910.jpg,Non_fractured,EXCLUDE,N/A,Unclear,No,N/A,Source-labeled non-fractured; no fracture present (fails inclusion criterion 3).,High,done
Non_fractured/IMG0001911.jpg,Non_fractured,EXCLUDE,N/A,Unclear,No,N/A,Source-labeled non-fractured; no fracture present (fails inclusion criterion 3).,High,done
Non_fractured/IMG0001912.jpg,Non_fractured,EXCLUDE,N/A,Unclear,No,N/A,Source-labeled non-fractured; no fracture present (fails inclusion criterion 3).,High,done
Non_fractured/IMG0001913.jpg,Non_fractured,EXCLUDE,N/A,Unclear,No,N/A,Source-labeled non-fractured; no fracture present (fails inclusion criterion 3).,High,done
Non_fractured/IMG0001914.jpg,Non_fractured,EXCLUDE,N/A,Unclear,No,N/A,Source-labeled non-fractured; no fracture present (fails inclusion criterion 3).,High,done
Non_fractured/IMG0001915.jpg,Non_fractured,EXCLUDE,N/A,Unclear,No,N/A,Source-labeled non-fractured; no fracture present (fails inclusion criterion 3).,High,done
Non_fractured/IMG0001917.jpg,Non_fractured,EXCLUDE,N/A,Unclear,No,N/A,Source-labeled non-fractured; no fracture present (fails inclusion criterion 3).,High,done
Non_fractured/IMG0001918.jpg,Non_fractured,EXCLUDE,N/A,Unclear,No,N/A,Source-labeled non-fractured; no fracture present (fails inclusion criterion 3).,High,done
Non_fractured/IMG0001919.jpg,Non_fractured,EXCLUDE,N/A,Unclear,No,N/A,Source-labeled non-fractured; no fracture present (fails inclusion criterion 3).,High,done
Non_fractured/IMG0001920.jpg,Non_fractured,EXCLUDE,N/A,Unclear,No,N/A,Source-labeled non-fractured; no fracture present (fails inclusion criterion 3).,High,done
Non_fractured/IMG0001921.jpg,Non_fractured,EXCLUDE,N/A,Unclear,No,N/A,Source-labeled non-fractured; no fracture present (fails inclusion criterion 3).,High,done
Non_fractured/IMG0001922.jpg,Non_fractured,EXCLUDE,N/A,Unclear,No,N/A,Source-labeled non-fractured; no fracture present (fails inclusion criterion 3).,High,done
Non_fractured/IMG0001923.jpg,Non_fractured,EXCLUDE,N/A,Unclear,No,N/A,Source-labeled non-fractured; no fracture present (fails inclusion criterion 3).,High,done
Non_fractured/IMG0001924.jpg,Non_fractured,EXCLUDE,N/A,Unclear,No,N/A,Source-labeled non-fractured; no fracture present (fails inclusion criterion 3).,High,done
Non_fractured/IMG0001925.jpg,Non_fractured,EXCLUDE,N/A,Unclear,No,N/A,Source-labeled non-fractured; no fracture present (fails inclusion criterion 3).,High,done
Non_fractured/IMG0001926.jpg,Non_fractured,EXCLUDE,N/A,Unclear,No,N/A,Source-labeled non-fractured; no fracture present (fails inclusion criterion 3).,High,done
Non_fractured/IMG0001927.jpg,Non_fractured,EXCLUDE,N/A,Unclear,No,N/A,Source-labeled non-fractured; no fracture present (fails inclusion criterion 3).,High,done
Non_fractured/IMG0001928.jpg,Non_fractured,EXCLUDE,N/A,Unclear,No,N/A,Source-labeled non-fractured; no fracture present (fails inclusion criterion 3).,High,done
Non_fractured/IMG0001929.jpg,Non_fractured,EXCLUDE,N/A,Unclear,No,N/A,Source-labeled non-fractured; no fracture present (fails inclusion criterion 3).,High,done
Non_fractured/IMG0001930.jpg,Non_fractured,EXCLUDE,N/A,Unclear,No,N/A,Source-labeled non-fractured; no fracture present (fails inclusion criterion 3).,High,done
Non_fractured/IMG0001931.jpg,Non_fractured,EXCLUDE,N/A,Unclear,No,N/A,Source-labeled non-fractured; no fracture present (fails inclusion criterion 3).,High,done
Non_fractured/IMG0001932.jpg,Non_fractured,EXCLUDE,N/A,Unclear,No,N/A,Source-labeled non-fractured; no fracture present (fails inclusion criterion 3).,High,done
Non_fractured/IMG0001935.jpg,Non_fractured,EXCLUDE,N/A,Unclear,No,N/A,Source-labeled non-fractured; no fracture present (fails inclusion criterion 3).,High,done
Non_fractured/IMG0001936.jpg,Non_fractured,EXCLUDE,N/A,Unclear,No,N/A,Source-labeled non-fractured; no fracture present (fails inclusion criterion 3).,High,done
Non_fractured/IMG0001937.jpg,Non_fractured,EXCLUDE,N/A,Unclear,No,N/A,Source-labeled non-fractured; no fracture present (fails inclusion criterion 3).,High,done
Non_fractured/IMG0001940.jpg,Non_fractured,EXCLUDE,N/A,Unclear,No,N/A,Source-labeled non-fractured; no fracture present (fails inclusion criterion 3).,High,done
Non_fractured/IMG0001941.jpg,Non_fractured,EXCLUDE,N/A,Unclear,No,N/A,Source-labeled non-fractured; no fracture present (fails inclusion criterion 3).,High,done
Non_fractured/IMG0001942.jpg,Non_fractured,EXCLUDE,N/A,Unclear,No,N/A,Source-labeled non-fractured; no fracture present (fails inclusion criterion 3).,High,done
Non_fractured/IMG0001943.jpg,Non_fractured,EXCLUDE,N/A,Unclear,No,N/A,Source-labeled non-fractured; no fracture present (fails inclusion criterion 3).,High,done
Non_fractured/IMG0001944.jpg,Non_fractured,EXCLUDE,N/A,Unclear,No,N/A,Source-labeled non-fractured; no fracture present (fails inclusion criterion 3).,High,done
Non_fractured/IMG0001945.jpg,Non_fractured,EXCLUDE,N/A,Unclear,No,N/A,Source-labeled non-fractured; no fracture present (fails inclusion criterion 3).,High,done
Non_fractured/IMG0001946.jpg,Non_fractured,EXCLUDE,N/A,Unclear,No,N/A,Source-labeled non-fractured; no fracture present (fails inclusion criterion 3).,High,done
Non_fractured/IMG0001947.jpg,Non_fractured,EXCLUDE,N/A,Unclear,No,N/A,Source-labeled non-fractured; no fracture present (fails inclusion criterion 3).,High,done
Non_fractured/IMG0001949.jpg,Non_fractured,EXCLUDE,N/A,Unclear,No,N/A,Source-labeled non-fractured; no fracture present (fails inclusion criterion 3).,High,done
Non_fractured/IMG0001950.jpg,Non_fractured,EXCLUDE,N/A,Unclear,No,N/A,Source-labeled non-fractured; no fracture present (fails inclusion criterion 3).,High,done
Non_fractured/IMG0001951.jpg,Non_fractured,EXCLUDE,N/A,Unclear,No,N/A,Source-labeled non-fractured; no fracture present (fails inclusion criterion 3).,High,done
Non_fractured/IMG0001952.jpg,Non_fractured,EXCLUDE,N/A,Unclear,No,N/A,Source-labeled non-fractured; no fracture present (fails inclusion criterion 3).,High,done
Non_fractured/IMG0001953.jpg,Non_fractured,EXCLUDE,N/A,Unclear,No,N/A,Source-labeled non-fractured; no fracture present (fails inclusion criterion 3).,High,done
Non_fractured/IMG0001954.jpg,Non_fractured,EXCLUDE,N/A,Unclear,No,N/A,Source-labeled non-fractured; no fracture present (fails inclusion criterion 3).,High,done
Non_fractured/IMG0001955.jpg,Non_fractured,EXCLUDE,N/A,Unclear,No,N/A,Source-labeled non-fractured; no fracture present (fails inclusion criterion 3).,High,done
Non_fractured/IMG0001956.jpg,Non_fractured,EXCLUDE,N/A,Unclear,No,N/A,Source-labeled non-fractured; no fracture present (fails inclusion criterion 3).,High,done
Non_fractured/IMG0001957.jpg,Non_fractured,EXCLUDE,N/A,Unclear,No,N/A,Source-labeled non-fractured; no fracture present (fails inclusion criterion 3).,High,done
Non_fractured/IMG0001958.jpg,Non_fractured,EXCLUDE,N/A,Unclear,No,N/A,Source-labeled non-fractured; no fracture present (fails inclusion criterion 3).,High,done
Non_fractured/IMG0001959.jpg,Non_fractured,EXCLUDE,N/A,Unclear,No,N/A,Source-labeled non-fractured; no fracture present (fails inclusion criterion 3).,High,done
Non_fractured/IMG0001960.jpg,Non_fractured,EXCLUDE,N/A,Unclear,No,N/A,Source-labeled non-fractured; no fracture present (fails inclusion criterion 3).,High,done
Non_fractured/IMG0001961.jpg,Non_fractured,EXCLUDE,N/A,Unclear,No,N/A,Source-labeled non-fractured; no fracture present (fails inclusion criterion 3).,High,done
Non_fractured/IMG0001962.jpg,Non_fractured,EXCLUDE,N/A,Unclear,No,N/A,Source-labeled non-fractured; no fracture present (fails inclusion criterion 3).,High,done
Non_fractured/IMG0001963.jpg,Non_fractured,EXCLUDE,N/A,Unclear,No,N/A,Source-labeled non-fractured; no fracture present (fails inclusion criterion 3).,High,done
Non_fractured/IMG0001966.jpg,Non_fractured,EXCLUDE,N/A,Unclear,No,N/A,Source-labeled non-fractured; no fracture present (fails inclusion criterion 3).,High,done
Non_fractured/IMG0001967.jpg,Non_fractured,EXCLUDE,N/A,Unclear,No,N/A,Source-labeled non-fractured; no fracture present (fails inclusion criterion 3).,High,done
Non_fractured/IMG0001968.jpg,Non_fractured,EXCLUDE,N/A,Unclear,No,N/A,Source-labeled non-fractured; no fracture present (fails inclusion criterion 3).,High,done
Non_fractured/IMG0001969.jpg,Non_fractured,EXCLUDE,N/A,Unclear,No,N/A,Source-labeled non-fractured; no fracture present (fails inclusion criterion 3).,High,done
Non_fractured/IMG0001972.jpg,Non_fractured,EXCLUDE,N/A,Unclear,No,N/A,Source-labeled non-fractured; no fracture present (fails inclusion criterion 3).,High,done
Non_fractured/IMG0001973.jpg,Non_fractured,EXCLUDE,N/A,Unclear,No,N/A,Source-labeled non-fractured; no fracture present (fails inclusion criterion 3).,High,done
Non_fractured/IMG0001974.jpg,Non_fractured,EXCLUDE,N/A,Unclear,No,N/A,Source-labeled non-fractured; no fracture present (fails inclusion criterion 3).,High,done
Non_fractured/IMG0001975.jpg,Non_fractured,EXCLUDE,N/A,Unclear,No,N/A,Source-labeled non-fractured; no fracture present (fails inclusion criterion 3).,High,done
Non_fractured/IMG0001976.jpg,Non_fractured,EXCLUDE,N/A,Unclear,No,N/A,Source-labeled non-fractured; no fracture present (fails inclusion criterion 3).,High,done
Non_fractured/IMG0001977.jpg,Non_fractured,EXCLUDE,N/A,Unclear,No,N/A,Source-labeled non-fractured; no fracture present (fails inclusion criterion 3).,High,done
Non_fractured/IMG0001978.jpg,Non_fractured,EXCLUDE,N/A,Unclear,No,N/A,Source-labeled non-fractured; no fracture present (fails inclusion criterion 3).,High,done
Non_fractured/IMG0001979.jpg,Non_fractured,EXCLUDE,N/A,Unclear,No,N/A,Source-labeled non-fractured; no fracture present (fails inclusion criterion 3).,High,done
Non_fractured/IMG0001982.jpg,Non_fractured,EXCLUDE,N/A,Unclear,No,N/A,Source-labeled non-fractured; no fracture present (fails inclusion criterion 3).,High,done
Non_fractured/IMG0001983.jpg,Non_fractured,EXCLUDE,N/A,Unclear,No,N/A,Source-labeled non-fractured; no fracture present (fails inclusion criterion 3).,High,done
Non_fractured/IMG0001984.jpg,Non_fractured,EXCLUDE,N/A,Unclear,No,N/A,Source-labeled non-fractured; no fracture present (fails inclusion criterion 3).,High,done
Non_fractured/IMG0001985.jpg,Non_fractured,EXCLUDE,N/A,Unclear,No,N/A,Source-labeled non-fractured; no fracture present (fails inclusion criterion 3).,High,done
Non_fractured/IMG0001986.jpg,Non_fractured,EXCLUDE,N/A,Unclear,No,N/A,Source-labeled non-fractured; no fracture present (fails inclusion criterion 3).,High,done
Non_fractured/IMG0001987.jpg,Non_fractured,EXCLUDE,N/A,Unclear,No,N/A,Source-labeled non-fractured; no fracture present (fails inclusion criterion 3).,High,done
Non_fractured/IMG0001988.jpg,Non_fractured,EXCLUDE,N/A,Unclear,No,N/A,Source-labeled non-fractured; no fracture present (fails inclusion criterion 3).,High,done
Non_fractured/IMG0001989.jpg,Non_fractured,EXCLUDE,N/A,Unclear,No,N/A,Source-labeled non-fractured; no fracture present (fails inclusion criterion 3).,High,done
Non_fractured/IMG0001990.jpg,Non_fractured,EXCLUDE,N/A,Unclear,No,N/A,Source-labeled non-fractured; no fracture present (fails inclusion criterion 3).,High,done
Non_fractured/IMG0001991.jpg,Non_fractured,EXCLUDE,N/A,Unclear,No,N/A,Source-labeled non-fractured; no fracture present (fails inclusion criterion 3).,High,done
Non_fractured/IMG0001992.jpg,Non_fractured,EXCLUDE,N/A,Unclear,No,N/A,Source-labeled non-fractured; no fracture present (fails inclusion criterion 3).,High,done
Non_fractured/IMG0001993.jpg,Non_fractured,EXCLUDE,N/A,Unclear,No,N/A,Source-labeled non-fractured; no fracture present (fails inclusion criterion 3).,High,done
Non_fractured/IMG0001994.jpg,Non_fractured,EXCLUDE,N/A,Unclear,No,N/A,Source-labeled non-fractured; no fracture present (fails inclusion criterion 3).,High,done
Non_fractured/IMG0001995.jpg,Non_fractured,EXCLUDE,N/A,Unclear,No,N/A,Source-labeled non-fractured; no fracture present (fails inclusion criterion 3).,High,done
Non_fractured/IMG0001996.jpg,Non_fractured,EXCLUDE,N/A,Unclear,No,N/A,Source-labeled non-fractured; no fracture present (fails inclusion criterion 3).,High,done
Non_fractured/IMG0001997.jpg,Non_fractured,EXCLUDE,N/A,Unclear,No,N/A,Source-labeled non-fractured; no fracture present (fails inclusion criterion 3).,High,done
Non_fractured/IMG0001998.jpg,Non_fractured,EXCLUDE,N/A,Unclear,No,N/A,Source-labeled non-fractured; no fracture present (fails inclusion criterion 3).,High,done
Non_fractured/IMG0001999.jpg,Non_fractured,EXCLUDE,N/A,Unclear,No,N/A,Source-labeled non-fractured; no fracture present (fails inclusion criterion 3).,High,done
Non_fractured/IMG0002000.jpg,Non_fractured,EXCLUDE,N/A,Unclear,No,N/A,Source-labeled non-fractured; no fracture present (fails inclusion criterion 3).,High,done
Non_fractured/IMG0002001.jpg,Non_fractured,EXCLUDE,N/A,Unclear,No,N/A,Source-labeled non-fractured; no fracture present (fails inclusion criterion 3).,High,done
Non_fractured/IMG0002002.jpg,Non_fractured,EXCLUDE,N/A,Unclear,No,N/A,Source-labeled non-fractured; no fracture present (fails inclusion criterion 3).,High,done
Non_fractured/IMG0002003.jpg,Non_fractured,EXCLUDE,N/A,Unclear,No,N/A,Source-labeled non-fractured; no fracture present (fails inclusion criterion 3).,High,done
Non_fractured/IMG0002004.jpg,Non_fractured,EXCLUDE,N/A,Unclear,No,N/A,Source-labeled non-fractured; no fracture present (fails inclusion criterion 3).,High,done
Non_fractured/IMG0002005.jpg,Non_fractured,EXCLUDE,N/A,Unclear,No,N/A,Source-labeled non-fractured; no fracture present (fails inclusion criterion 3).,High,done
Non_fractured/IMG0002006.jpg,Non_fractured,EXCLUDE,N/A,Unclear,No,N/A,Source-labeled non-fractured; no fracture present (fails inclusion criterion 3).,High,done
Non_fractured/IMG0002007.jpg,Non_fractured,EXCLUDE,N/A,Unclear,No,N/A,Source-labeled non-fractured; no fracture present (fails inclusion criterion 3).,High,done
Non_fractured/IMG0002008.jpg,Non_fractured,EXCLUDE,N/A,Unclear,No,N/A,Source-labeled non-fractured; no fracture present (fails inclusion criterion 3).,High,done
Non_fractured/IMG0002010.jpg,Non_fractured,EXCLUDE,N/A,Unclear,No,N/A,Source-labeled non-fractured; no fracture present (fails inclusion criterion 3).,High,done
Non_fractured/IMG0002011.jpg,Non_fractured,EXCLUDE,N/A,Unclear,No,N/A,Source-labeled non-fractured; no fracture present (fails inclusion criterion 3).,High,done
Non_fractured/IMG0002012.jpg,Non_fractured,EXCLUDE,N/A,Unclear,No,N/A,Source-labeled non-fractured; no fracture present (fails inclusion criterion 3).,High,done
Non_fractured/IMG0002013.jpg,Non_fractured,EXCLUDE,N/A,Unclear,No,N/A,Source-labeled non-fractured; no fracture present (fails inclusion criterion 3).,High,done
Non_fractured/IMG0002014.jpg,Non_fractured,EXCLUDE,N/A,Unclear,No,N/A,Source-labeled non-fractured; no fracture present (fails inclusion criterion 3).,High,done
Non_fractured/IMG0002015.jpg,Non_fractured,EXCLUDE,N/A,Unclear,No,N/A,Source-labeled non-fractured; no fracture present (fails inclusion criterion 3).,High,done
Non_fractured/IMG0002016.jpg,Non_fractured,EXCLUDE,N/A,Unclear,No,N/A,Source-labeled non-fractured; no fracture present (fails inclusion criterion 3).,High,done
Non_fractured/IMG0002017.jpg,Non_fractured,EXCLUDE,N/A,Unclear,No,N/A,Source-labeled non-fractured; no fracture present (fails inclusion criterion 3).,High,done
Non_fractured/IMG0002018.jpg,Non_fractured,EXCLUDE,N/A,Unclear,No,N/A,Source-labeled non-fractured; no fracture present (fails inclusion criterion 3).,High,done
Non_fractured/IMG0002019.jpg,Non_fractured,EXCLUDE,N/A,Unclear,No,N/A,Source-labeled non-fractured; no fracture present (fails inclusion criterion 3).,High,done
Non_fractured/IMG0002022.jpg,Non_fractured,EXCLUDE,N/A,Unclear,No,N/A,Source-labeled non-fractured; no fracture present (fails inclusion criterion 3).,High,done
Non_fractured/IMG0002023.jpg,Non_fractured,EXCLUDE,N/A,Unclear,No,N/A,Source-labeled non-fractured; no fracture present (fails inclusion criterion 3).,High,done
Non_fractured/IMG0002024.jpg,Non_fractured,EXCLUDE,N/A,Unclear,No,N/A,Source-labeled non-fractured; no fracture present (fails inclusion criterion 3).,High,done
Non_fractured/IMG0002025.jpg,Non_fractured,EXCLUDE,N/A,Unclear,No,N/A,Source-labeled non-fractured; no fracture present (fails inclusion criterion 3).,High,done
Non_fractured/IMG0002026.jpg,Non_fractured,EXCLUDE,N/A,Unclear,No,N/A,Source-labeled non-fractured; no fracture present (fails inclusion criterion 3).,High,done
Non_fractured/IMG0002027.jpg,Non_fractured,EXCLUDE,N/A,Unclear,No,N/A,Source-labeled non-fractured; no fracture present (fails inclusion criterion 3).,High,done
Non_fractured/IMG0002028.jpg,Non_fractured,EXCLUDE,N/A,Unclear,No,N/A,Source-labeled non-fractured; no fracture present (fails inclusion criterion 3).,High,done
Non_fractured/IMG0002029.jpg,Non_fractured,EXCLUDE,N/A,Unclear,No,N/A,Source-labeled non-fractured; no fracture present (fails inclusion criterion 3).,High,done
Non_fractured/IMG0002030.jpg,Non_fractured,EXCLUDE,N/A,Unclear,No,N/A,Source-labeled non-fractured; no fracture present (fails inclusion criterion 3).,High,done
Non_fractured/IMG0002031.jpg,Non_fractured,EXCLUDE,N/A,Unclear,No,N/A,Source-labeled non-fractured; no fracture present (fails inclusion criterion 3).,High,done
Non_fractured/IMG0002032.jpg,Non_fractured,EXCLUDE,N/A,Unclear,No,N/A,Source-labeled non-fractured; no fracture present (fails inclusion criterion 3).,High,done
Non_fractured/IMG0002034.jpg,Non_fractured,EXCLUDE,N/A,Unclear,No,N/A,Source-labeled non-fractured; no fracture present (fails inclusion criterion 3).,High,done
Non_fractured/IMG0002035.jpg,Non_fractured,EXCLUDE,N/A,Unclear,No,N/A,Source-labeled non-fractured; no fracture present (fails inclusion criterion 3).,High,done
Non_fractured/IMG0002038.jpg,Non_fractured,EXCLUDE,N/A,Unclear,No,N/A,Source-labeled non-fractured; no fracture present (fails inclusion criterion 3).,High,done
Non_fractured/IMG0002039.jpg,Non_fractured,EXCLUDE,N/A,Unclear,No,N/A,Source-labeled non-fractured; no fracture present (fails inclusion criterion 3).,High,done
Non_fractured/IMG0002040.jpg,Non_fractured,EXCLUDE,N/A,Unclear,No,N/A,Source-labeled non-fractured; no fracture present (fails inclusion criterion 3).,High,done
Non_fractured/IMG0002041.jpg,Non_fractured,EXCLUDE,N/A,Unclear,No,N/A,Source-labeled non-fractured; no fracture present (fails inclusion criterion 3).,High,done
Non_fractured/IMG0002042.jpg,Non_fractured,EXCLUDE,N/A,Unclear,No,N/A,Source-labeled non-fractured; no fracture present (fails inclusion criterion 3).,High,done
Non_fractured/IMG0002043.jpg,Non_fractured,EXCLUDE,N/A,Unclear,No,N/A,Source-labeled non-fractured; no fracture present (fails inclusion criterion 3).,High,done
Non_fractured/IMG0002044.jpg,Non_fractured,EXCLUDE,N/A,Unclear,No,N/A,Source-labeled non-fractured; no fracture present (fails inclusion criterion 3).,High,done
Non_fractured/IMG0002045.jpg,Non_fractured,EXCLUDE,N/A,Unclear,No,N/A,Source-labeled non-fractured; no fracture present (fails inclusion criterion 3).,High,done
Non_fractured/IMG0002046.jpg,Non_fractured,EXCLUDE,N/A,Unclear,No,N/A,Source-labeled non-fractured; no fracture present (fails inclusion criterion 3).,High,done
Non_fractured/IMG0002047.jpg,Non_fractured,EXCLUDE,N/A,Unclear,No,N/A,Source-labeled non-fractured; no fracture present (fails inclusion criterion 3).,High,done
Non_fractured/IMG0002048.jpg,Non_fractured,EXCLUDE,N/A,Unclear,No,N/A,Source-labeled non-fractured; no fracture present (fails inclusion criterion 3).,High,done
Non_fractured/IMG0002049.jpg,Non_fractured,EXCLUDE,N/A,Unclear,No,N/A,Source-labeled non-fractured; no fracture present (fails inclusion criterion 3).,High,done
Non_fractured/IMG0002050.jpg,Non_fractured,EXCLUDE,N/A,Unclear,No,N/A,Source-labeled non-fractured; no fracture present (fails inclusion criterion 3).,High,done
Non_fractured/IMG0002051.jpg,Non_fractured,EXCLUDE,N/A,Unclear,No,N/A,Source-labeled non-fractured; no fracture present (fails inclusion criterion 3).,High,done
Non_fractured/IMG0002052.jpg,Non_fractured,EXCLUDE,N/A,Unclear,No,N/A,Source-labeled non-fractured; no fracture present (fails inclusion criterion 3).,High,done
Non_fractured/IMG0002053.jpg,Non_fractured,EXCLUDE,N/A,Unclear,No,N/A,Source-labeled non-fractured; no fracture present (fails inclusion criterion 3).,High,done
Non_fractured/IMG0002054.jpg,Non_fractured,EXCLUDE,N/A,Unclear,No,N/A,Source-labeled non-fractured; no fracture present (fails inclusion criterion 3).,High,done
Non_fractured/IMG0002055.jpg,Non_fractured,EXCLUDE,N/A,Unclear,No,N/A,Source-labeled non-fractured; no fracture present (fails inclusion criterion 3).,High,done
Non_fractured/IMG0002056.jpg,Non_fractured,EXCLUDE,N/A,Unclear,No,N/A,Source-labeled non-fractured; no fracture present (fails inclusion criterion 3).,High,done
Non_fractured/IMG0002057.jpg,Non_fractured,EXCLUDE,N/A,Unclear,No,N/A,Source-labeled non-fractured; no fracture present (fails inclusion criterion 3).,High,done
Non_fractured/IMG0002058.jpg,Non_fractured,EXCLUDE,N/A,Unclear,No,N/A,Source-labeled non-fractured; no fracture present (fails inclusion criterion 3).,High,done
Non_fractured/IMG0002059.jpg,Non_fractured,EXCLUDE,N/A,Unclear,No,N/A,Source-labeled non-fractured; no fracture present (fails inclusion criterion 3).,High,done
Non_fractured/IMG0002060.jpg,Non_fractured,EXCLUDE,N/A,Unclear,No,N/A,Source-labeled non-fractured; no fracture present (fails inclusion criterion 3).,High,done
Non_fractured/IMG0002061.jpg,Non_fractured,EXCLUDE,N/A,Unclear,No,N/A,Source-labeled non-fractured; no fracture present (fails inclusion criterion 3).,High,done
Non_fractured/IMG0002062.jpg,Non_fractured,EXCLUDE,N/A,Unclear,No,N/A,Source-labeled non-fractured; no fracture present (fails inclusion criterion 3).,High,done
Non_fractured/IMG0002063.jpg,Non_fractured,EXCLUDE,N/A,Unclear,No,N/A,Source-labeled non-fractured; no fracture present (fails inclusion criterion 3).,High,done
Non_fractured/IMG0002064.jpg,Non_fractured,EXCLUDE,N/A,Unclear,No,N/A,Source-labeled non-fractured; no fracture present (fails inclusion criterion 3).,High,done
Non_fractured/IMG0002065.jpg,Non_fractured,EXCLUDE,N/A,Unclear,No,N/A,Source-labeled non-fractured; no fracture present (fails inclusion criterion 3).,High,done
Non_fractured/IMG0002066.jpg,Non_fractured,EXCLUDE,N/A,Unclear,No,N/A,Source-labeled non-fractured; no fracture present (fails inclusion criterion 3).,High,done
Non_fractured/IMG0002067.jpg,Non_fractured,EXCLUDE,N/A,Unclear,No,N/A,Source-labeled non-fractured; no fracture present (fails inclusion criterion 3).,High,done
Non_fractured/IMG0002068.jpg,Non_fractured,EXCLUDE,N/A,Unclear,No,N/A,Source-labeled non-fractured; no fracture present (fails inclusion criterion 3).,High,done
Non_fractured/IMG0002069.jpg,Non_fractured,EXCLUDE,N/A,Unclear,No,N/A,Source-labeled non-fractured; no fracture present (fails inclusion criterion 3).,High,done
Non_fractured/IMG0002070.jpg,Non_fractured,EXCLUDE,N/A,Unclear,No,N/A,Source-labeled non-fractured; no fracture present (fails inclusion criterion 3).,High,done
Non_fractured/IMG0002071.jpg,Non_fractured,EXCLUDE,N/A,Unclear,No,N/A,Source-labeled non-fractured; no fracture present (fails inclusion criterion 3).,High,done
Non_fractured/IMG0002072.jpg,Non_fractured,EXCLUDE,N/A,Unclear,No,N/A,Source-labeled non-fractured; no fracture present (fails inclusion criterion 3).,High,done
Non_fractured/IMG0002073.jpg,Non_fractured,EXCLUDE,N/A,Unclear,No,N/A,Source-labeled non-fractured; no fracture present (fails inclusion criterion 3).,High,done
Non_fractured/IMG0002074.jpg,Non_fractured,EXCLUDE,N/A,Unclear,No,N/A,Source-labeled non-fractured; no fracture present (fails inclusion criterion 3).,High,done
Non_fractured/IMG0002075.jpg,Non_fractured,EXCLUDE,N/A,Unclear,No,N/A,Source-labeled non-fractured; no fracture present (fails inclusion criterion 3).,High,done
Non_fractured/IMG0002076.jpg,Non_fractured,EXCLUDE,N/A,Unclear,No,N/A,Source-labeled non-fractured; no fracture present (fails inclusion criterion 3).,High,done
Non_fractured/IMG0002077.jpg,Non_fractured,EXCLUDE,N/A,Unclear,No,N/A,Source-labeled non-fractured; no fracture present (fails inclusion criterion 3).,High,done
Non_fractured/IMG0002078.jpg,Non_fractured,EXCLUDE,N/A,Unclear,No,N/A,Source-labeled non-fractured; no fracture present (fails inclusion criterion 3).,High,done
Non_fractured/IMG0002079.jpg,Non_fractured,EXCLUDE,N/A,Unclear,No,N/A,Source-labeled non-fractured; no fracture present (fails inclusion criterion 3).,High,done
Non_fractured/IMG0002080.jpg,Non_fractured,EXCLUDE,N/A,Unclear,No,N/A,Source-labeled non-fractured; no fracture present (fails inclusion criterion 3).,High,done
Non_fractured/IMG0002081.jpg,Non_fractured,EXCLUDE,N/A,Unclear,No,N/A,Source-labeled non-fractured; no fracture present (fails inclusion criterion 3).,High,done
Non_fractured/IMG0002082.jpg,Non_fractured,EXCLUDE,N/A,Unclear,No,N/A,Source-labeled non-fractured; no fracture present (fails inclusion criterion 3).,High,done
Non_fractured/IMG0002083.jpg,Non_fractured,EXCLUDE,N/A,Unclear,No,N/A,Source-labeled non-fractured; no fracture present (fails inclusion criterion 3).,High,done
Non_fractured/IMG0002084.jpg,Non_fractured,EXCLUDE,N/A,Unclear,No,N/A,Source-labeled non-fractured; no fracture present (fails inclusion criterion 3).,High,done
Non_fractured/IMG0002087.jpg,Non_fractured,EXCLUDE,N/A,Unclear,No,N/A,Source-labeled non-fractured; no fracture present (fails inclusion criterion 3).,High,done
Non_fractured/IMG0002088.jpg,Non_fractured,EXCLUDE,N/A,Unclear,No,N/A,Source-labeled non-fractured; no fracture present (fails inclusion criterion 3).,High,done
Non_fractured/IMG0002089.jpg,Non_fractured,EXCLUDE,N/A,Unclear,No,N/A,Source-labeled non-fractured; no fracture present (fails inclusion criterion 3).,High,done
Non_fractured/IMG0002090.jpg,Non_fractured,EXCLUDE,N/A,Unclear,No,N/A,Source-labeled non-fractured; no fracture present (fails inclusion criterion 3).,High,done
Non_fractured/IMG0002091.jpg,Non_fractured,EXCLUDE,N/A,Unclear,No,N/A,Source-labeled non-fractured; no fracture present (fails inclusion criterion 3).,High,done
Non_fractured/IMG0002092.jpg,Non_fractured,EXCLUDE,N/A,Unclear,No,N/A,Source-labeled non-fractured; no fracture present (fails inclusion criterion 3).,High,done
Non_fractured/IMG0002095.jpg,Non_fractured,EXCLUDE,N/A,Unclear,No,N/A,Source-labeled non-fractured; no fracture present (fails inclusion criterion 3).,High,done
Non_fractured/IMG0002096.jpg,Non_fractured,EXCLUDE,N/A,Unclear,No,N/A,Source-labeled non-fractured; no fracture present (fails inclusion criterion 3).,High,done
Non_fractured/IMG0002097.jpg,Non_fractured,EXCLUDE,N/A,Unclear,No,N/A,Source-labeled non-fractured; no fracture present (fails inclusion criterion 3).,High,done
Non_fractured/IMG0002098.jpg,Non_fractured,EXCLUDE,N/A,Unclear,No,N/A,Source-labeled non-fractured; no fracture present (fails inclusion criterion 3).,High,done
Non_fractured/IMG0002099.jpg,Non_fractured,EXCLUDE,N/A,Unclear,No,N/A,Source-labeled non-fractured; no fracture present (fails inclusion criterion 3).,High,done
Non_fractured/IMG0002100.jpg,Non_fractured,EXCLUDE,N/A,Unclear,No,N/A,Source-labeled non-fractured; no fracture present (fails inclusion criterion 3).,High,done
Non_fractured/IMG0002101.jpg,Non_fractured,EXCLUDE,N/A,Unclear,No,N/A,Source-labeled non-fractured; no fracture present (fails inclusion criterion 3).,High,done
Non_fractured/IMG0002102.jpg,Non_fractured,EXCLUDE,N/A,Unclear,No,N/A,Source-labeled non-fractured; no fracture present (fails inclusion criterion 3).,High,done
Non_fractured/IMG0002103.jpg,Non_fractured,EXCLUDE,N/A,Unclear,No,N/A,Source-labeled non-fractured; no fracture present (fails inclusion criterion 3).,High,done
Non_fractured/IMG0002104.jpg,Non_fractured,EXCLUDE,N/A,Unclear,No,N/A,Source-labeled non-fractured; no fracture present (fails inclusion criterion 3).,High,done
Non_fractured/IMG0002107.jpg,Non_fractured,EXCLUDE,N/A,Unclear,No,N/A,Source-labeled non-fractured; no fracture present (fails inclusion criterion 3).,High,done
Non_fractured/IMG0002108.jpg,Non_fractured,EXCLUDE,N/A,Unclear,No,N/A,Source-labeled non-fractured; no fracture present (fails inclusion criterion 3).,High,done
Non_fractured/IMG0002109.jpg,Non_fractured,EXCLUDE,N/A,Unclear,No,N/A,Source-labeled non-fractured; no fracture present (fails inclusion criterion 3).,High,done
Non_fractured/IMG0002110.jpg,Non_fractured,EXCLUDE,N/A,Unclear,No,N/A,Source-labeled non-fractured; no fracture present (fails inclusion criterion 3).,High,done
Non_fractured/IMG0002111.jpg,Non_fractured,EXCLUDE,N/A,Unclear,No,N/A,Source-labeled non-fractured; no fracture present (fails inclusion criterion 3).,High,done
Non_fractured/IMG0002112.jpg,Non_fractured,EXCLUDE,N/A,Unclear,No,N/A,Source-labeled non-fractured; no fracture present (fails inclusion criterion 3).,High,done
Non_fractured/IMG0002113.jpg,Non_fractured,EXCLUDE,N/A,Unclear,No,N/A,Source-labeled non-fractured; no fracture present (fails inclusion criterion 3).,High,done
Non_fractured/IMG0002114.jpg,Non_fractured,EXCLUDE,N/A,Unclear,No,N/A,Source-labeled non-fractured; no fracture present (fails inclusion criterion 3).,High,done
Non_fractured/IMG0002115.jpg,Non_fractured,EXCLUDE,N/A,Unclear,No,N/A,Source-labeled non-fractured; no fracture present (fails inclusion criterion 3).,High,done
Non_fractured/IMG0002116.jpg,Non_fractured,EXCLUDE,N/A,Unclear,No,N/A,Source-labeled non-fractured; no fracture present (fails inclusion criterion 3).,High,done
Non_fractured/IMG0002117.jpg,Non_fractured,EXCLUDE,N/A,Unclear,No,N/A,Source-labeled non-fractured; no fracture present (fails inclusion criterion 3).,High,done
Non_fractured/IMG0002118.jpg,Non_fractured,EXCLUDE,N/A,Unclear,No,N/A,Source-labeled non-fractured; no fracture present (fails inclusion criterion 3).,High,done
Non_fractured/IMG0002119.jpg,Non_fractured,EXCLUDE,N/A,Unclear,No,N/A,Source-labeled non-fractured; no fracture present (fails inclusion criterion 3).,High,done
Non_fractured/IMG0002120.jpg,Non_fractured,EXCLUDE,N/A,Unclear,No,N/A,Source-labeled non-fractured; no fracture present (fails inclusion criterion 3).,High,done
Non_fractured/IMG0002121.jpg,Non_fractured,EXCLUDE,N/A,Unclear,No,N/A,Source-labeled non-fractured; no fracture present (fails inclusion criterion 3).,High,done
Non_fractured/IMG0002124.jpg,Non_fractured,EXCLUDE,N/A,Unclear,No,N/A,Source-labeled non-fractured; no fracture present (fails inclusion criterion 3).,High,done
Non_fractured/IMG0002125.jpg,Non_fractured,EXCLUDE,N/A,Unclear,No,N/A,Source-labeled non-fractured; no fracture present (fails inclusion criterion 3).,High,done
Non_fractured/IMG0002128.jpg,Non_fractured,EXCLUDE,N/A,Unclear,No,N/A,Source-labeled non-fractured; no fracture present (fails inclusion criterion 3).,High,done
Non_fractured/IMG0002129.jpg,Non_fractured,EXCLUDE,N/A,Unclear,No,N/A,Source-labeled non-fractured; no fracture present (fails inclusion criterion 3).,High,done
Non_fractured/IMG0002130.jpg,Non_fractured,EXCLUDE,N/A,Unclear,No,N/A,Source-labeled non-fractured; no fracture present (fails inclusion criterion 3).,High,done
Non_fractured/IMG0002131.jpg,Non_fractured,EXCLUDE,N/A,Unclear,No,N/A,Source-labeled non-fractured; no fracture present (fails inclusion criterion 3).,High,done
Non_fractured/IMG0002132.jpg,Non_fractured,EXCLUDE,N/A,Unclear,No,N/A,Source-labeled non-fractured; no fracture present (fails inclusion criterion 3).,High,done
Non_fractured/IMG0002133.jpg,Non_fractured,EXCLUDE,N/A,Unclear,No,N/A,Source-labeled non-fractured; no fracture present (fails inclusion criterion 3).,High,done
Non_fractured/IMG0002134.jpg,Non_fractured,EXCLUDE,N/A,Unclear,No,N/A,Source-labeled non-fractured; no fracture present (fails inclusion criterion 3).,High,done
Non_fractured/IMG0002135.jpg,Non_fractured,EXCLUDE,N/A,Unclear,No,N/A,Source-labeled non-fractured; no fracture present (fails inclusion criterion 3).,High,done
Non_fractured/IMG0002136.jpg,Non_fractured,EXCLUDE,N/A,Unclear,No,N/A,Source-labeled non-fractured; no fracture present (fails inclusion criterion 3).,High,done
Non_fractured/IMG0002137.jpg,Non_fractured,EXCLUDE,N/A,Unclear,No,N/A,Source-labeled non-fractured; no fracture present (fails inclusion criterion 3).,High,done
Non_fractured/IMG0002138.jpg,Non_fractured,EXCLUDE,N/A,Unclear,No,N/A,Source-labeled non-fractured; no fracture present (fails inclusion criterion 3).,High,done
Non_fractured/IMG0002139.jpg,Non_fractured,EXCLUDE,N/A,Unclear,No,N/A,Source-labeled non-fractured; no fracture present (fails inclusion criterion 3).,High,done
Non_fractured/IMG0002140.jpg,Non_fractured,EXCLUDE,N/A,Unclear,No,N/A,Source-labeled non-fractured; no fracture present (fails inclusion criterion 3).,High,done
Non_fractured/IMG0002141.jpg,Non_fractured,EXCLUDE,N/A,Unclear,No,N/A,Source-labeled non-fractured; no fracture present (fails inclusion criterion 3).,High,done
Non_fractured/IMG0002142.jpg,Non_fractured,EXCLUDE,N/A,Unclear,No,N/A,Source-labeled non-fractured; no fracture present (fails inclusion criterion 3).,High,done
Non_fractured/IMG0002143.jpg,Non_fractured,EXCLUDE,N/A,Unclear,No,N/A,Source-labeled non-fractured; no fracture present (fails inclusion criterion 3).,High,done
Non_fractured/IMG0002144.jpg,Non_fractured,EXCLUDE,N/A,Unclear,No,N/A,Source-labeled non-fractured; no fracture present (fails inclusion criterion 3).,High,done
Non_fractured/IMG0002145.jpg,Non_fractured,EXCLUDE,N/A,Unclear,No,N/A,Source-labeled non-fractured; no fracture present (fails inclusion criterion 3).,High,done
Non_fractured/IMG0002146.jpg,Non_fractured,EXCLUDE,N/A,Unclear,No,N/A,Source-labeled non-fractured; no fracture present (fails inclusion criterion 3).,High,done
Non_fractured/IMG0002147.jpg,Non_fractured,EXCLUDE,N/A,Unclear,No,N/A,Source-labeled non-fractured; no fracture present (fails inclusion criterion 3).,High,done
Non_fractured/IMG0002150.jpg,Non_fractured,EXCLUDE,N/A,Unclear,No,N/A,Source-labeled non-fractured; no fracture present (fails inclusion criterion 3).,High,done
Non_fractured/IMG0002151.jpg,Non_fractured,EXCLUDE,N/A,Unclear,No,N/A,Source-labeled non-fractured; no fracture present (fails inclusion criterion 3).,High,done
Non_fractured/IMG0002152.jpg,Non_fractured,EXCLUDE,N/A,Unclear,No,N/A,Source-labeled non-fractured; no fracture present (fails inclusion criterion 3).,High,done
Non_fractured/IMG0002153.jpg,Non_fractured,EXCLUDE,N/A,Unclear,No,N/A,Source-labeled non-fractured; no fracture present (fails inclusion criterion 3).,High,done
Non_fractured/IMG0002154.jpg,Non_fractured,EXCLUDE,N/A,Unclear,No,N/A,Source-labeled non-fractured; no fracture present (fails inclusion criterion 3).,High,done
Non_fractured/IMG0002155.jpg,Non_fractured,EXCLUDE,N/A,Unclear,No,N/A,Source-labeled non-fractured; no fracture present (fails inclusion criterion 3).,High,done
Non_fractured/IMG0002156.jpg,Non_fractured,EXCLUDE,N/A,Unclear,No,N/A,Source-labeled non-fractured; no fracture present (fails inclusion criterion 3).,High,done
Non_fractured/IMG0002157.jpg,Non_fractured,EXCLUDE,N/A,Unclear,No,N/A,Source-labeled non-fractured; no fracture present (fails inclusion criterion 3).,High,done
Non_fractured/IMG0002158.jpg,Non_fractured,EXCLUDE,N/A,Unclear,No,N/A,Source-labeled non-fractured; no fracture present (fails inclusion criterion 3).,High,done
Non_fractured/IMG0002159.jpg,Non_fractured,EXCLUDE,N/A,Unclear,No,N/A,Source-labeled non-fractured; no fracture present (fails inclusion criterion 3).,High,done
Non_fractured/IMG0002160.jpg,Non_fractured,EXCLUDE,N/A,Unclear,No,N/A,Source-labeled non-fractured; no fracture present (fails inclusion criterion 3).,High,done
Non_fractured/IMG0002161.jpg,Non_fractured,EXCLUDE,N/A,Unclear,No,N/A,Source-labeled non-fractured; no fracture present (fails inclusion criterion 3).,High,done
Non_fractured/IMG0002162.jpg,Non_fractured,EXCLUDE,N/A,Unclear,No,N/A,Source-labeled non-fractured; no fracture present (fails inclusion criterion 3).,High,done
Non_fractured/IMG0002163.jpg,Non_fractured,EXCLUDE,N/A,Unclear,No,N/A,Source-labeled non-fractured; no fracture present (fails inclusion criterion 3).,High,done
Non_fractured/IMG0002164.jpg,Non_fractured,EXCLUDE,N/A,Unclear,No,N/A,Source-labeled non-fractured; no fracture present (fails inclusion criterion 3).,High,done
Non_fractured/IMG0002167.jpg,Non_fractured,EXCLUDE,N/A,Unclear,No,N/A,Source-labeled non-fractured; no fracture present (fails inclusion criterion 3).,High,done
Non_fractured/IMG0002168.jpg,Non_fractured,EXCLUDE,N/A,Unclear,No,N/A,Source-labeled non-fractured; no fracture present (fails inclusion criterion 3).,High,done
Non_fractured/IMG0002169.jpg,Non_fractured,EXCLUDE,N/A,Unclear,No,N/A,Source-labeled non-fractured; no fracture present (fails inclusion criterion 3).,High,done
Non_fractured/IMG0002170.jpg,Non_fractured,EXCLUDE,N/A,Unclear,No,N/A,Source-labeled non-fractured; no fracture present (fails inclusion criterion 3).,High,done
Non_fractured/IMG0002171.jpg,Non_fractured,EXCLUDE,N/A,Unclear,No,N/A,Source-labeled non-fractured; no fracture present (fails inclusion criterion 3).,High,done
Non_fractured/IMG0002172.jpg,Non_fractured,EXCLUDE,N/A,Unclear,No,N/A,Source-labeled non-fractured; no fracture present (fails inclusion criterion 3).,High,done
Non_fractured/IMG0002173.jpg,Non_fractured,EXCLUDE,N/A,Unclear,No,N/A,Source-labeled non-fractured; no fracture present (fails inclusion criterion 3).,High,done
Non_fractured/IMG0002174.jpg,Non_fractured,EXCLUDE,N/A,Unclear,No,N/A,Source-labeled non-fractured; no fracture present (fails inclusion criterion 3).,High,done
Non_fractured/IMG0002175.jpg,Non_fractured,EXCLUDE,N/A,Unclear,No,N/A,Source-labeled non-fractured; no fracture present (fails inclusion criterion 3).,High,done
Non_fractured/IMG0002176.jpg,Non_fractured,EXCLUDE,N/A,Unclear,No,N/A,Source-labeled non-fractured; no fracture present (fails inclusion criterion 3).,High,done
Non_fractured/IMG0002177.jpg,Non_fractured,EXCLUDE,N/A,Unclear,No,N/A,Source-labeled non-fractured; no fracture present (fails inclusion criterion 3).,High,done
Non_fractured/IMG0002178.jpg,Non_fractured,EXCLUDE,N/A,Unclear,No,N/A,Source-labeled non-fractured; no fracture present (fails inclusion criterion 3).,High,done
Non_fractured/IMG0002179.jpg,Non_fractured,EXCLUDE,N/A,Unclear,No,N/A,Source-labeled non-fractured; no fracture present (fails inclusion criterion 3).,High,done
Non_fractured/IMG0002182.jpg,Non_fractured,EXCLUDE,N/A,Unclear,No,N/A,Source-labeled non-fractured; no fracture present (fails inclusion criterion 3).,High,done
Non_fractured/IMG0002183.jpg,Non_fractured,EXCLUDE,N/A,Unclear,No,N/A,Source-labeled non-fractured; no fracture present (fails inclusion criterion 3).,High,done
Non_fractured/IMG0002184.jpg,Non_fractured,EXCLUDE,N/A,Unclear,No,N/A,Source-labeled non-fractured; no fracture present (fails inclusion criterion 3).,High,done
Non_fractured/IMG0002185.jpg,Non_fractured,EXCLUDE,N/A,Unclear,No,N/A,Source-labeled non-fractured; no fracture present (fails inclusion criterion 3).,High,done
Non_fractured/IMG0002186.jpg,Non_fractured,EXCLUDE,N/A,Unclear,No,N/A,Source-labeled non-fractured; no fracture present (fails inclusion criterion 3).,High,done
Non_fractured/IMG0002187.jpg,Non_fractured,EXCLUDE,N/A,Unclear,No,N/A,Source-labeled non-fractured; no fracture present (fails inclusion criterion 3).,High,done
Non_fractured/IMG0002188.jpg,Non_fractured,EXCLUDE,N/A,Unclear,No,N/A,Source-labeled non-fractured; no fracture present (fails inclusion criterion 3).,High,done
Non_fractured/IMG0002189.jpg,Non_fractured,EXCLUDE,N/A,Unclear,No,N/A,Source-labeled non-fractured; no fracture present (fails inclusion criterion 3).,High,done
Non_fractured/IMG0002190.jpg,Non_fractured,EXCLUDE,N/A,Unclear,No,N/A,Source-labeled non-fractured; no fracture present (fails inclusion criterion 3).,High,done
Non_fractured/IMG0002191.jpg,Non_fractured,EXCLUDE,N/A,Unclear,No,N/A,Source-labeled non-fractured; no fracture present (fails inclusion criterion 3).,High,done
Non_fractured/IMG0002192.jpg,Non_fractured,EXCLUDE,N/A,Unclear,No,N/A,Source-labeled non-fractured; no fracture present (fails inclusion criterion 3).,High,done
Non_fractured/IMG0002193.jpg,Non_fractured,EXCLUDE,N/A,Unclear,No,N/A,Source-labeled non-fractured; no fracture present (fails inclusion criterion 3).,High,done
Non_fractured/IMG0002194.jpg,Non_fractured,EXCLUDE,N/A,Unclear,No,N/A,Source-labeled non-fractured; no fracture present (fails inclusion criterion 3).,High,done
Non_fractured/IMG0002195.jpg,Non_fractured,EXCLUDE,N/A,Unclear,No,N/A,Source-labeled non-fractured; no fracture present (fails inclusion criterion 3).,High,done
Non_fractured/IMG0002196.jpg,Non_fractured,EXCLUDE,N/A,Unclear,No,N/A,Source-labeled non-fractured; no fracture present (fails inclusion criterion 3).,High,done
Non_fractured/IMG0002197.jpg,Non_fractured,EXCLUDE,N/A,Unclear,No,N/A,Source-labeled non-fractured; no fracture present (fails inclusion criterion 3).,High,done
Non_fractured/IMG0002198.jpg,Non_fractured,EXCLUDE,N/A,Unclear,No,N/A,Source-labeled non-fractured; no fracture present (fails inclusion criterion 3).,High,done
Non_fractured/IMG0002199.jpg,Non_fractured,EXCLUDE,N/A,Unclear,No,N/A,Source-labeled non-fractured; no fracture present (fails inclusion criterion 3).,High,done
Non_fractured/IMG0002200.jpg,Non_fractured,EXCLUDE,N/A,Unclear,No,N/A,Source-labeled non-fractured; no fracture present (fails inclusion criterion 3).,High,done
Non_fractured/IMG0002201.jpg,Non_fractured,EXCLUDE,N/A,Unclear,No,N/A,Source-labeled non-fractured; no fracture present (fails inclusion criterion 3).,High,done
Non_fractured/IMG0002202.jpg,Non_fractured,EXCLUDE,N/A,Unclear,No,N/A,Source-labeled non-fractured; no fracture present (fails inclusion criterion 3).,High,done
Non_fractured/IMG0002203.jpg,Non_fractured,EXCLUDE,N/A,Unclear,No,N/A,Source-labeled non-fractured; no fracture present (fails inclusion criterion 3).,High,done
Non_fractured/IMG0002204.jpg,Non_fractured,EXCLUDE,N/A,Unclear,No,N/A,Source-labeled non-fractured; no fracture present (fails inclusion criterion 3).,High,done
Non_fractured/IMG0002205.jpg,Non_fractured,EXCLUDE,N/A,Unclear,No,N/A,Source-labeled non-fractured; no fracture present (fails inclusion criterion 3).,High,done
Non_fractured/IMG0002206.jpg,Non_fractured,EXCLUDE,N/A,Unclear,No,N/A,Source-labeled non-fractured; no fracture present (fails inclusion criterion 3).,High,done
Non_fractured/IMG0002207.jpg,Non_fractured,EXCLUDE,N/A,Unclear,No,N/A,Source-labeled non-fractured; no fracture present (fails inclusion criterion 3).,High,done
Non_fractured/IMG0002209.jpg,Non_fractured,EXCLUDE,N/A,Unclear,No,N/A,Source-labeled non-fractured; no fracture present (fails inclusion criterion 3).,High,done
Non_fractured/IMG0002210.jpg,Non_fractured,EXCLUDE,N/A,Unclear,No,N/A,Source-labeled non-fractured; no fracture present (fails inclusion criterion 3).,High,done
Non_fractured/IMG0002211.jpg,Non_fractured,EXCLUDE,N/A,Unclear,No,N/A,Source-labeled non-fractured; no fracture present (fails inclusion criterion 3).,High,done
Non_fractured/IMG0002212.jpg,Non_fractured,EXCLUDE,N/A,Unclear,No,N/A,Source-labeled non-fractured; no fracture present (fails inclusion criterion 3).,High,done
Non_fractured/IMG0002213.jpg,Non_fractured,EXCLUDE,N/A,Unclear,No,N/A,Source-labeled non-fractured; no fracture present (fails inclusion criterion 3).,High,done
Non_fractured/IMG0002214.jpg,Non_fractured,EXCLUDE,N/A,Unclear,No,N/A,Source-labeled non-fractured; no fracture present (fails inclusion criterion 3).,High,done
Non_fractured/IMG0002215.jpg,Non_fractured,EXCLUDE,N/A,Unclear,No,N/A,Source-labeled non-fractured; no fracture present (fails inclusion criterion 3).,High,done
Non_fractured/IMG0002216.jpg,Non_fractured,EXCLUDE,N/A,Unclear,No,N/A,Source-labeled non-fractured; no fracture present (fails inclusion criterion 3).,High,done
Non_fractured/IMG0002217.jpg,Non_fractured,EXCLUDE,N/A,Unclear,No,N/A,Source-labeled non-fractured; no fracture present (fails inclusion criterion 3).,High,done
Non_fractured/IMG0002218.jpg,Non_fractured,EXCLUDE,N/A,Unclear,No,N/A,Source-labeled non-fractured; no fracture present (fails inclusion criterion 3).,High,done
Non_fractured/IMG0002219.jpg,Non_fractured,EXCLUDE,N/A,Unclear,No,N/A,Source-labeled non-fractured; no fracture present (fails inclusion criterion 3).,High,done
Non_fractured/IMG0002220.jpg,Non_fractured,EXCLUDE,N/A,Unclear,No,N/A,Source-labeled non-fractured; no fracture present (fails inclusion criterion 3).,High,done
Non_fractured/IMG0002221.jpg,Non_fractured,EXCLUDE,N/A,Unclear,No,N/A,Source-labeled non-fractured; no fracture present (fails inclusion criterion 3).,High,done
Non_fractured/IMG0002222.jpg,Non_fractured,EXCLUDE,N/A,Unclear,No,N/A,Source-labeled non-fractured; no fracture present (fails inclusion criterion 3).,High,done
Non_fractured/IMG0002223.jpg,Non_fractured,EXCLUDE,N/A,Unclear,No,N/A,Source-labeled non-fractured; no fracture present (fails inclusion criterion 3).,High,done
Non_fractured/IMG0002224.jpg,Non_fractured,EXCLUDE,N/A,Unclear,No,N/A,Source-labeled non-fractured; no fracture present (fails inclusion criterion 3).,High,done
Non_fractured/IMG0002226.jpg,Non_fractured,EXCLUDE,N/A,Unclear,No,N/A,Source-labeled non-fractured; no fracture present (fails inclusion criterion 3).,High,done
Non_fractured/IMG0002227.jpg,Non_fractured,EXCLUDE,N/A,Unclear,No,N/A,Source-labeled non-fractured; no fracture present (fails inclusion criterion 3).,High,done
Non_fractured/IMG0002228.jpg,Non_fractured,EXCLUDE,N/A,Unclear,No,N/A,Source-labeled non-fractured; no fracture present (fails inclusion criterion 3).,High,done
Non_fractured/IMG0002229.jpg,Non_fractured,EXCLUDE,N/A,Unclear,No,N/A,Source-labeled non-fractured; no fracture present (fails inclusion criterion 3).,High,done
Non_fractured/IMG0002230.jpg,Non_fractured,EXCLUDE,N/A,Unclear,No,N/A,Source-labeled non-fractured; no fracture present (fails inclusion criterion 3).,High,done
Non_fractured/IMG0002231.jpg,Non_fractured,EXCLUDE,N/A,Unclear,No,N/A,Source-labeled non-fractured; no fracture present (fails inclusion criterion 3).,High,done
Non_fractured/IMG0002232.jpg,Non_fractured,EXCLUDE,N/A,Unclear,No,N/A,Source-labeled non-fractured; no fracture present (fails inclusion criterion 3).,High,done
Non_fractured/IMG0002233.jpg,Non_fractured,EXCLUDE,N/A,Unclear,No,N/A,Source-labeled non-fractured; no fracture present (fails inclusion criterion 3).,High,done
Non_fractured/IMG0002234.jpg,Non_fractured,EXCLUDE,N/A,Unclear,No,N/A,Source-labeled non-fractured; no fracture present (fails inclusion criterion 3).,High,done
Non_fractured/IMG0002235.jpg,Non_fractured,EXCLUDE,N/A,Unclear,No,N/A,Source-labeled non-fractured; no fracture present (fails inclusion criterion 3).,High,done
Non_fractured/IMG0002236.jpg,Non_fractured,EXCLUDE,N/A,Unclear,No,N/A,Source-labeled non-fractured; no fracture present (fails inclusion criterion 3).,High,done
Non_fractured/IMG0002237.jpg,Non_fractured,EXCLUDE,N/A,Unclear,No,N/A,Source-labeled non-fractured; no fracture present (fails inclusion criterion 3).,High,done
Non_fractured/IMG0002238.jpg,Non_fractured,EXCLUDE,N/A,Unclear,No,N/A,Source-labeled non-fractured; no fracture present (fails inclusion criterion 3).,High,done
Non_fractured/IMG0002239.jpg,Non_fractured,EXCLUDE,N/A,Unclear,No,N/A,Source-labeled non-fractured; no fracture present (fails inclusion criterion 3).,High,done
Non_fractured/IMG0002240.jpg,Non_fractured,EXCLUDE,N/A,Unclear,No,N/A,Source-labeled non-fractured; no fracture present (fails inclusion criterion 3).,High,done
Non_fractured/IMG0002241.jpg,Non_fractured,EXCLUDE,N/A,Unclear,No,N/A,Source-labeled non-fractured; no fracture present (fails inclusion criterion 3).,High,done
Non_fractured/IMG0002242.jpg,Non_fractured,EXCLUDE,N/A,Unclear,No,N/A,Source-labeled non-fractured; no fracture present (fails inclusion criterion 3).,High,done
Non_fractured/IMG0002243.jpg,Non_fractured,EXCLUDE,N/A,Unclear,No,N/A,Source-labeled non-fractured; no fracture present (fails inclusion criterion 3).,High,done
Non_fractured/IMG0002244.jpg,Non_fractured,EXCLUDE,N/A,Unclear,No,N/A,Source-labeled non-fractured; no fracture present (fails inclusion criterion 3).,High,done
Non_fractured/IMG0002245.jpg,Non_fractured,EXCLUDE,N/A,Unclear,No,N/A,Source-labeled non-fractured; no fracture present (fails inclusion criterion 3).,High,done
Non_fractured/IMG0002246.jpg,Non_fractured,EXCLUDE,N/A,Unclear,No,N/A,Source-labeled non-fractured; no fracture present (fails inclusion criterion 3).,High,done
Non_fractured/IMG0002247.jpg,Non_fractured,EXCLUDE,N/A,Unclear,No,N/A,Source-labeled non-fractured; no fracture present (fails inclusion criterion 3).,High,done
Non_fractured/IMG0002248.jpg,Non_fractured,EXCLUDE,N/A,Unclear,No,N/A,Source-labeled non-fractured; no fracture present (fails inclusion criterion 3).,High,done
Non_fractured/IMG0002249.jpg,Non_fractured,EXCLUDE,N/A,Unclear,No,N/A,Source-labeled non-fractured; no fracture present (fails inclusion criterion 3).,High,done
Non_fractured/IMG0002250.jpg,Non_fractured,EXCLUDE,N/A,Unclear,No,N/A,Source-labeled non-fractured; no fracture present (fails inclusion criterion 3).,High,done
Non_fractured/IMG0002251.jpg,Non_fractured,EXCLUDE,N/A,Unclear,No,N/A,Source-labeled non-fractured; no fracture present (fails inclusion criterion 3).,High,done
Non_fractured/IMG0002252.jpg,Non_fractured,EXCLUDE,N/A,Unclear,No,N/A,Source-labeled non-fractured; no fracture present (fails inclusion criterion 3).,High,done
Non_fractured/IMG0002253.jpg,Non_fractured,EXCLUDE,N/A,Unclear,No,N/A,Source-labeled non-fractured; no fracture present (fails inclusion criterion 3).,High,done
Non_fractured/IMG0002254.jpg,Non_fractured,EXCLUDE,N/A,Unclear,No,N/A,Source-labeled non-fractured; no fracture present (fails inclusion criterion 3).,High,done
Non_fractured/IMG0002255.jpg,Non_fractured,EXCLUDE,N/A,Unclear,No,N/A,Source-labeled non-fractured; no fracture present (fails inclusion criterion 3).,High,done
Non_fractured/IMG0002256.jpg,Non_fractured,EXCLUDE,N/A,Unclear,No,N/A,Source-labeled non-fractured; no fracture present (fails inclusion criterion 3).,High,done
Non_fractured/IMG0002257.jpg,Non_fractured,EXCLUDE,N/A,Unclear,No,N/A,Source-labeled non-fractured; no fracture present (fails inclusion criterion 3).,High,done
Non_fractured/IMG0002258.jpg,Non_fractured,EXCLUDE,N/A,Unclear,No,N/A,Source-labeled non-fractured; no fracture present (fails inclusion criterion 3).,High,done
Non_fractured/IMG0002259.jpg,Non_fractured,EXCLUDE,N/A,Unclear,No,N/A,Source-labeled non-fractured; no fracture present (fails inclusion criterion 3).,High,done
Non_fractured/IMG0002260.jpg,Non_fractured,EXCLUDE,N/A,Unclear,No,N/A,Source-labeled non-fractured; no fracture present (fails inclusion criterion 3).,High,done
Non_fractured/IMG0002261.jpg,Non_fractured,EXCLUDE,N/A,Unclear,No,N/A,Source-labeled non-fractured; no fracture present (fails inclusion criterion 3).,High,done
Non_fractured/IMG0002262.jpg,Non_fractured,EXCLUDE,N/A,Unclear,No,N/A,Source-labeled non-fractured; no fracture present (fails inclusion criterion 3).,High,done
Non_fractured/IMG0002263.jpg,Non_fractured,EXCLUDE,N/A,Unclear,No,N/A,Source-labeled non-fractured; no fracture present (fails inclusion criterion 3).,High,done
Non_fractured/IMG0002264.jpg,Non_fractured,EXCLUDE,N/A,Unclear,No,N/A,Source-labeled non-fractured; no fracture present (fails inclusion criterion 3).,High,done
Non_fractured/IMG0002266.jpg,Non_fractured,EXCLUDE,N/A,Unclear,No,N/A,Source-labeled non-fractured; no fracture present (fails inclusion criterion 3).,High,done
Non_fractured/IMG0002267.jpg,Non_fractured,EXCLUDE,N/A,Unclear,No,N/A,Source-labeled non-fractured; no fracture present (fails inclusion criterion 3).,High,done
Non_fractured/IMG0002268.jpg,Non_fractured,EXCLUDE,N/A,Unclear,No,N/A,Source-labeled non-fractured; no fracture present (fails inclusion criterion 3).,High,done
Non_fractured/IMG0002269.jpg,Non_fractured,EXCLUDE,N/A,Unclear,No,N/A,Source-labeled non-fractured; no fracture present (fails inclusion criterion 3).,High,done
Non_fractured/IMG0002270.jpg,Non_fractured,EXCLUDE,N/A,Unclear,No,N/A,Source-labeled non-fractured; no fracture present (fails inclusion criterion 3).,High,done
Non_fractured/IMG0002271.jpg,Non_fractured,EXCLUDE,N/A,Unclear,No,N/A,Source-labeled non-fractured; no fracture present (fails inclusion criterion 3).,High,done
Non_fractured/IMG0002273.jpg,Non_fractured,EXCLUDE,N/A,Unclear,No,N/A,Source-labeled non-fractured; no fracture present (fails inclusion criterion 3).,High,done
Non_fractured/IMG0002275.jpg,Non_fractured,EXCLUDE,N/A,Unclear,No,N/A,Source-labeled non-fractured; no fracture present (fails inclusion criterion 3).,High,done
Non_fractured/IMG0002276.jpg,Non_fractured,EXCLUDE,N/A,Unclear,No,N/A,Source-labeled non-fractured; no fracture present (fails inclusion criterion 3).,High,done
Non_fractured/IMG0002277.jpg,Non_fractured,EXCLUDE,N/A,Unclear,No,N/A,Source-labeled non-fractured; no fracture present (fails inclusion criterion 3).,High,done
Non_fractured/IMG0002278.jpg,Non_fractured,EXCLUDE,N/A,Unclear,No,N/A,Source-labeled non-fractured; no fracture present (fails inclusion criterion 3).,High,done
Non_fractured/IMG0002279.jpg,Non_fractured,EXCLUDE,N/A,Unclear,No,N/A,Source-labeled non-fractured; no fracture present (fails inclusion criterion 3).,High,done
Non_fractured/IMG0002280.jpg,Non_fractured,EXCLUDE,N/A,Unclear,No,N/A,Source-labeled non-fractured; no fracture present (fails inclusion criterion 3).,High,done
Non_fractured/IMG0002281.jpg,Non_fractured,EXCLUDE,N/A,Unclear,No,N/A,Source-labeled non-fractured; no fracture present (fails inclusion criterion 3).,High,done
Non_fractured/IMG0002282.jpg,Non_fractured,EXCLUDE,N/A,Unclear,No,N/A,Source-labeled non-fractured; no fracture present (fails inclusion criterion 3).,High,done
Non_fractured/IMG0002283.jpg,Non_fractured,EXCLUDE,N/A,Unclear,No,N/A,Source-labeled non-fractured; no fracture present (fails inclusion criterion 3).,High,done
Non_fractured/IMG0002284.jpg,Non_fractured,EXCLUDE,N/A,Unclear,No,N/A,Source-labeled non-fractured; no fracture present (fails inclusion criterion 3).,High,done
Non_fractured/IMG0002285.jpg,Non_fractured,EXCLUDE,N/A,Unclear,No,N/A,Source-labeled non-fractured; no fracture present (fails inclusion criterion 3).,High,done
Non_fractured/IMG0002286.jpg,Non_fractured,EXCLUDE,N/A,Unclear,No,N/A,Source-labeled non-fractured; no fracture present (fails inclusion criterion 3).,High,done
Non_fractured/IMG0002288.jpg,Non_fractured,EXCLUDE,N/A,Unclear,No,N/A,Source-labeled non-fractured; no fracture present (fails inclusion criterion 3).,High,done
Non_fractured/IMG0002289.jpg,Non_fractured,EXCLUDE,N/A,Unclear,No,N/A,Source-labeled non-fractured; no fracture present (fails inclusion criterion 3).,High,done
Non_fractured/IMG0002290.jpg,Non_fractured,EXCLUDE,N/A,Unclear,No,N/A,Source-labeled non-fractured; no fracture present (fails inclusion criterion 3).,High,done
Non_fractured/IMG0002291.jpg,Non_fractured,EXCLUDE,N/A,Unclear,No,N/A,Source-labeled non-fractured; no fracture present (fails inclusion criterion 3).,High,done
Non_fractured/IMG0002292.jpg,Non_fractured,EXCLUDE,N/A,Unclear,No,N/A,Source-labeled non-fractured; no fracture present (fails inclusion criterion 3).,High,done
Non_fractured/IMG0002293.jpg,Non_fractured,EXCLUDE,N/A,Unclear,No,N/A,Source-labeled non-fractured; no fracture present (fails inclusion criterion 3).,High,done
Non_fractured/IMG0002294.jpg,Non_fractured,EXCLUDE,N/A,Unclear,No,N/A,Source-labeled non-fractured; no fracture present (fails inclusion criterion 3).,High,done
Non_fractured/IMG0002295.jpg,Non_fractured,EXCLUDE,N/A,Unclear,No,N/A,Source-labeled non-fractured; no fracture present (fails inclusion criterion 3).,High,done
Non_fractured/IMG0002296.jpg,Non_fractured,EXCLUDE,N/A,Unclear,No,N/A,Source-labeled non-fractured; no fracture present (fails inclusion criterion 3).,High,done
Non_fractured/IMG0002297.jpg,Non_fractured,EXCLUDE,N/A,Unclear,No,N/A,Source-labeled non-fractured; no fracture present (fails inclusion criterion 3).,High,done
Non_fractured/IMG0002616.jpg,Non_fractured,EXCLUDE,N/A,Unclear,No,N/A,Source-labeled non-fractured; no fracture present (fails inclusion criterion 3).,High,done
Non_fractured/IMG0002618.jpg,Non_fractured,EXCLUDE,N/A,Unclear,No,N/A,Source-labeled non-fractured; no fracture present (fails inclusion criterion 3).,High,done
Non_fractured/IMG0002623.jpg,Non_fractured,EXCLUDE,N/A,Unclear,No,N/A,Source-labeled non-fractured; no fracture present (fails inclusion criterion 3).,High,done
Non_fractured/IMG0002624.jpg,Non_fractured,EXCLUDE,N/A,Unclear,No,N/A,Source-labeled non-fractured; no fracture present (fails inclusion criterion 3).,High,done
Non_fractured/IMG0002625.jpg,Non_fractured,EXCLUDE,N/A,Unclear,No,N/A,Source-labeled non-fractured; no fracture present (fails inclusion criterion 3).,High,done
Non_fractured/IMG0002626.jpg,Non_fractured,EXCLUDE,N/A,Unclear,No,N/A,Source-labeled non-fractured; no fracture present (fails inclusion criterion 3).,High,done
Non_fractured/IMG0002629.jpg,Non_fractured,EXCLUDE,N/A,Unclear,No,N/A,Source-labeled non-fractured; no fracture present (fails inclusion criterion 3).,High,done
Non_fractured/IMG0002630.jpg,Non_fractured,EXCLUDE,N/A,Unclear,No,N/A,Source-labeled non-fractured; no fracture present (fails inclusion criterion 3).,High,done
Non_fractured/IMG0002631.jpg,Non_fractured,EXCLUDE,N/A,Unclear,No,N/A,Source-labeled non-fractured; no fracture present (fails inclusion criterion 3).,High,done
Non_fractured/IMG0002632.jpg,Non_fractured,EXCLUDE,N/A,Unclear,No,N/A,Source-labeled non-fractured; no fracture present (fails inclusion criterion 3).,High,done
Non_fractured/IMG0002633.jpg,Non_fractured,EXCLUDE,N/A,Unclear,No,N/A,Source-labeled non-fractured; no fracture present (fails inclusion criterion 3).,High,done
Non_fractured/IMG0002634.jpg,Non_fractured,EXCLUDE,N/A,Unclear,No,N/A,Source-labeled non-fractured; no fracture present (fails inclusion criterion 3).,High,done
Non_fractured/IMG0002635.jpg,Non_fractured,EXCLUDE,N/A,Unclear,No,N/A,Source-labeled non-fractured; no fracture present (fails inclusion criterion 3).,High,done
Non_fractured/IMG0002636.jpg,Non_fractured,EXCLUDE,N/A,Unclear,No,N/A,Source-labeled non-fractured; no fracture present (fails inclusion criterion 3).,High,done
Non_fractured/IMG0002637.jpg,Non_fractured,EXCLUDE,N/A,Unclear,No,N/A,Source-labeled non-fractured; no fracture present (fails inclusion criterion 3).,High,done
Non_fractured/IMG0002638.jpg,Non_fractured,EXCLUDE,N/A,Unclear,No,N/A,Source-labeled non-fractured; no fracture present (fails inclusion criterion 3).,High,done
Non_fractured/IMG0002639.jpg,Non_fractured,EXCLUDE,N/A,Unclear,No,N/A,Source-labeled non-fractured; no fracture present (fails inclusion criterion 3).,High,done
Non_fractured/IMG0002640.jpg,Non_fractured,EXCLUDE,N/A,Unclear,No,N/A,Source-labeled non-fractured; no fracture present (fails inclusion criterion 3).,High,done
Non_fractured/IMG0002641.jpg,Non_fractured,EXCLUDE,N/A,Unclear,No,N/A,Source-labeled non-fractured; no fracture present (fails inclusion criterion 3).,High,done
Non_fractured/IMG0002642.jpg,Non_fractured,EXCLUDE,N/A,Unclear,No,N/A,Source-labeled non-fractured; no fracture present (fails inclusion criterion 3).,High,done
Non_fractured/IMG0002643.jpg,Non_fractured,EXCLUDE,N/A,Unclear,No,N/A,Source-labeled non-fractured; no fracture present (fails inclusion criterion 3).,High,done
Non_fractured/IMG0002644.jpg,Non_fractured,EXCLUDE,N/A,Unclear,No,N/A,Source-labeled non-fractured; no fracture present (fails inclusion criterion 3).,High,done
Non_fractured/IMG0002645.jpg,Non_fractured,EXCLUDE,N/A,Unclear,No,N/A,Source-labeled non-fractured; no fracture present (fails inclusion criterion 3).,High,done
Non_fractured/IMG0002648.jpg,Non_fractured,EXCLUDE,N/A,Unclear,No,N/A,Source-labeled non-fractured; no fracture present (fails inclusion criterion 3).,High,done
Non_fractured/IMG0002649.jpg,Non_fractured,EXCLUDE,N/A,Unclear,No,N/A,Source-labeled non-fractured; no fracture present (fails inclusion criterion 3).,High,done
Non_fractured/IMG0002654.jpg,Non_fractured,EXCLUDE,N/A,Unclear,No,N/A,Source-labeled non-fractured; no fracture present (fails inclusion criterion 3).,High,done
Non_fractured/IMG0002655.jpg,Non_fractured,EXCLUDE,N/A,Unclear,No,N/A,Source-labeled non-fractured; no fracture present (fails inclusion criterion 3).,High,done
Non_fractured/IMG0002656.jpg,Non_fractured,EXCLUDE,N/A,Unclear,No,N/A,Source-labeled non-fractured; no fracture present (fails inclusion criterion 3).,High,done
Non_fractured/IMG0002657.jpg,Non_fractured,EXCLUDE,N/A,Unclear,No,N/A,Source-labeled non-fractured; no fracture present (fails inclusion criterion 3).,High,done
Non_fractured/IMG0002658.jpg,Non_fractured,EXCLUDE,N/A,Unclear,No,N/A,Source-labeled non-fractured; no fracture present (fails inclusion criterion 3).,High,done
Non_fractured/IMG0002659.jpg,Non_fractured,EXCLUDE,N/A,Unclear,No,N/A,Source-labeled non-fractured; no fracture present (fails inclusion criterion 3).,High,done
Non_fractured/IMG0002660.jpg,Non_fractured,EXCLUDE,N/A,Unclear,No,N/A,Source-labeled non-fractured; no fracture present (fails inclusion criterion 3).,High,done
Non_fractured/IMG0002661.jpg,Non_fractured,EXCLUDE,N/A,Unclear,No,N/A,Source-labeled non-fractured; no fracture present (fails inclusion criterion 3).,High,done
Non_fractured/IMG0002662.jpg,Non_fractured,EXCLUDE,N/A,Unclear,No,N/A,Source-labeled non-fractured; no fracture present (fails inclusion criterion 3).,High,done
Non_fractured/IMG0002663.jpg,Non_fractured,EXCLUDE,N/A,Unclear,No,N/A,Source-labeled non-fractured; no fracture present (fails inclusion criterion 3).,High,done
Non_fractured/IMG0002665.jpg,Non_fractured,EXCLUDE,N/A,Unclear,No,N/A,Source-labeled non-fractured; no fracture present (fails inclusion criterion 3).,High,done
Non_fractured/IMG0002666.jpg,Non_fractured,EXCLUDE,N/A,Unclear,No,N/A,Source-labeled non-fractured; no fracture present (fails inclusion criterion 3).,High,done
Non_fractured/IMG0002667.jpg,Non_fractured,EXCLUDE,N/A,Unclear,No,N/A,Source-labeled non-fractured; no fracture present (fails inclusion criterion 3).,High,done
Non_fractured/IMG0002669.jpg,Non_fractured,EXCLUDE,N/A,Unclear,No,N/A,Source-labeled non-fractured; no fracture present (fails inclusion criterion 3).,High,done
Non_fractured/IMG0002670.jpg,Non_fractured,EXCLUDE,N/A,Unclear,No,N/A,Source-labeled non-fractured; no fracture present (fails inclusion criterion 3).,High,done
Non_fractured/IMG0002671.jpg,Non_fractured,EXCLUDE,N/A,Unclear,No,N/A,Source-labeled non-fractured; no fracture present (fails inclusion criterion 3).,High,done
Non_fractured/IMG0002672.jpg,Non_fractured,EXCLUDE,N/A,Unclear,No,N/A,Source-labeled non-fractured; no fracture present (fails inclusion criterion 3).,High,done
Non_fractured/IMG0002673.jpg,Non_fractured,EXCLUDE,N/A,Unclear,No,N/A,Source-labeled non-fractured; no fracture present (fails inclusion criterion 3).,High,done
Non_fractured/IMG0002674.jpg,Non_fractured,EXCLUDE,N/A,Unclear,No,N/A,Source-labeled non-fractured; no fracture present (fails inclusion criterion 3).,High,done
Non_fractured/IMG0002675.jpg,Non_fractured,EXCLUDE,N/A,Unclear,No,N/A,Source-labeled non-fractured; no fracture present (fails inclusion criterion 3).,High,done
Non_fractured/IMG0002676.jpg,Non_fractured,EXCLUDE,N/A,Unclear,No,N/A,Source-labeled non-fractured; no fracture present (fails inclusion criterion 3).,High,done
Non_fractured/IMG0002677.jpg,Non_fractured,EXCLUDE,N/A,Unclear,No,N/A,Source-labeled non-fractured; no fracture present (fails inclusion criterion 3).,High,done
Non_fractured/IMG0002678.jpg,Non_fractured,EXCLUDE,N/A,Unclear,No,N/A,Source-labeled non-fractured; no fracture present (fails inclusion criterion 3).,High,done
Non_fractured/IMG0002679.jpg,Non_fractured,EXCLUDE,N/A,Unclear,No,N/A,Source-labeled non-fractured; no fracture present (fails inclusion criterion 3).,High,done
Non_fractured/IMG0002680.jpg,Non_fractured,EXCLUDE,N/A,Unclear,No,N/A,Source-labeled non-fractured; no fracture present (fails inclusion criterion 3).,High,done
Non_fractured/IMG0002681.jpg,Non_fractured,EXCLUDE,N/A,Unclear,No,N/A,Source-labeled non-fractured; no fracture present (fails inclusion criterion 3).,High,done
Non_fractured/IMG0002682.jpg,Non_fractured,EXCLUDE,N/A,Unclear,No,N/A,Source-labeled non-fractured; no fracture present (fails inclusion criterion 3).,High,done
Non_fractured/IMG0002683.jpg,Non_fractured,EXCLUDE,N/A,Unclear,No,N/A,Source-labeled non-fractured; no fracture present (fails inclusion criterion 3).,High,done
Non_fractured/IMG0002684.jpg,Non_fractured,EXCLUDE,N/A,Unclear,No,N/A,Source-labeled non-fractured; no fracture present (fails inclusion criterion 3).,High,done
Non_fractured/IMG0002685.jpg,Non_fractured,EXCLUDE,N/A,Unclear,No,N/A,Source-labeled non-fractured; no fracture present (fails inclusion criterion 3).,High,done
Non_fractured/IMG0002686.jpg,Non_fractured,EXCLUDE,N/A,Unclear,No,N/A,Source-labeled non-fractured; no fracture present (fails inclusion criterion 3).,High,done
Non_fractured/IMG0002687.jpg,Non_fractured,EXCLUDE,N/A,Unclear,No,N/A,Source-labeled non-fractured; no fracture present (fails inclusion criterion 3).,High,done
Non_fractured/IMG0002688.jpg,Non_fractured,EXCLUDE,N/A,Unclear,No,N/A,Source-labeled non-fractured; no fracture present (fails inclusion criterion 3).,High,done
Non_fractured/IMG0002689.jpg,Non_fractured,EXCLUDE,N/A,Unclear,No,N/A,Source-labeled non-fractured; no fracture present (fails inclusion criterion 3).,High,done
Non_fractured/IMG0002690.jpg,Non_fractured,EXCLUDE,N/A,Unclear,No,N/A,Source-labeled non-fractured; no fracture present (fails inclusion criterion 3).,High,done
Non_fractured/IMG0002691.jpg,Non_fractured,EXCLUDE,N/A,Unclear,No,N/A,Source-labeled non-fractured; no fracture present (fails inclusion criterion 3).,High,done
Non_fractured/IMG0002692.jpg,Non_fractured,EXCLUDE,N/A,Unclear,No,N/A,Source-labeled non-fractured; no fracture present (fails inclusion criterion 3).,High,done
Non_fractured/IMG0002693.jpg,Non_fractured,EXCLUDE,N/A,Unclear,No,N/A,Source-labeled non-fractured; no fracture present (fails inclusion criterion 3).,High,done
Non_fractured/IMG0002694.jpg,Non_fractured,EXCLUDE,N/A,Unclear,No,N/A,Source-labeled non-fractured; no fracture present (fails inclusion criterion 3).,High,done
Non_fractured/IMG0002695.jpg,Non_fractured,EXCLUDE,N/A,Unclear,No,N/A,Source-labeled non-fractured; no fracture present (fails inclusion criterion 3).,High,done
Non_fractured/IMG0002696.jpg,Non_fractured,EXCLUDE,N/A,Unclear,No,N/A,Source-labeled non-fractured; no fracture present (fails inclusion criterion 3).,High,done
Non_fractured/IMG0002697.jpg,Non_fractured,EXCLUDE,N/A,Unclear,No,N/A,Source-labeled non-fractured; no fracture present (fails inclusion criterion 3).,High,done
Non_fractured/IMG0002698.jpg,Non_fractured,EXCLUDE,N/A,Unclear,No,N/A,Source-labeled non-fractured; no fracture present (fails inclusion criterion 3).,High,done
Non_fractured/IMG0002699.jpg,Non_fractured,EXCLUDE,N/A,Unclear,No,N/A,Source-labeled non-fractured; no fracture present (fails inclusion criterion 3).,High,done
Non_fractured/IMG0002700.jpg,Non_fractured,EXCLUDE,N/A,Unclear,No,N/A,Source-labeled non-fractured; no fracture present (fails inclusion criterion 3).,High,done
Non_fractured/IMG0002702.jpg,Non_fractured,EXCLUDE,N/A,Unclear,No,N/A,Source-labeled non-fractured; no fracture present (fails inclusion criterion 3).,High,done
Non_fractured/IMG0002703.jpg,Non_fractured,EXCLUDE,N/A,Unclear,No,N/A,Source-labeled non-fractured; no fracture present (fails inclusion criterion 3).,High,done
Non_fractured/IMG0002706.jpg,Non_fractured,EXCLUDE,N/A,Unclear,No,N/A,Source-labeled non-fractured; no fracture present (fails inclusion criterion 3).,High,done
Non_fractured/IMG0002707.jpg,Non_fractured,EXCLUDE,N/A,Unclear,No,N/A,Source-labeled non-fractured; no fracture present (fails inclusion criterion 3).,High,done
Non_fractured/IMG0002708.jpg,Non_fractured,EXCLUDE,N/A,Unclear,No,N/A,Source-labeled non-fractured; no fracture present (fails inclusion criterion 3).,High,done
Non_fractured/IMG0002709.jpg,Non_fractured,EXCLUDE,N/A,Unclear,No,N/A,Source-labeled non-fractured; no fracture present (fails inclusion criterion 3).,High,done
Non_fractured/IMG0002710.jpg,Non_fractured,EXCLUDE,N/A,Unclear,No,N/A,Source-labeled non-fractured; no fracture present (fails inclusion criterion 3).,High,done
Non_fractured/IMG0002711.jpg,Non_fractured,EXCLUDE,N/A,Unclear,No,N/A,Source-labeled non-fractured; no fracture present (fails inclusion criterion 3).,High,done
Non_fractured/IMG0002712.jpg,Non_fractured,EXCLUDE,N/A,Unclear,No,N/A,Source-labeled non-fractured; no fracture present (fails inclusion criterion 3).,High,done
Non_fractured/IMG0002713.jpg,Non_fractured,EXCLUDE,N/A,Unclear,No,N/A,Source-labeled non-fractured; no fracture present (fails inclusion criterion 3).,High,done
Non_fractured/IMG0002715.jpg,Non_fractured,EXCLUDE,N/A,Unclear,No,N/A,Source-labeled non-fractured; no fracture present (fails inclusion criterion 3).,High,done
Non_fractured/IMG0002716.jpg,Non_fractured,EXCLUDE,N/A,Unclear,No,N/A,Source-labeled non-fractured; no fracture present (fails inclusion criterion 3).,High,done
Non_fractured/IMG0002717.jpg,Non_fractured,EXCLUDE,N/A,Unclear,No,N/A,Source-labeled non-fractured; no fracture present (fails inclusion criterion 3).,High,done
Non_fractured/IMG0002718.jpg,Non_fractured,EXCLUDE,N/A,Unclear,No,N/A,Source-labeled non-fractured; no fracture present (fails inclusion criterion 3).,High,done
Non_fractured/IMG0002719.jpg,Non_fractured,EXCLUDE,N/A,Unclear,No,N/A,Source-labeled non-fractured; no fracture present (fails inclusion criterion 3).,High,done
Non_fractured/IMG0002720.jpg,Non_fractured,EXCLUDE,N/A,Unclear,No,N/A,Source-labeled non-fractured; no fracture present (fails inclusion criterion 3).,High,done
Non_fractured/IMG0002721.jpg,Non_fractured,EXCLUDE,N/A,Unclear,No,N/A,Source-labeled non-fractured; no fracture present (fails inclusion criterion 3).,High,done
Non_fractured/IMG0002722.jpg,Non_fractured,EXCLUDE,N/A,Unclear,No,N/A,Source-labeled non-fractured; no fracture present (fails inclusion criterion 3).,High,done
Non_fractured/IMG0002723.jpg,Non_fractured,EXCLUDE,N/A,Unclear,No,N/A,Source-labeled non-fractured; no fracture present (fails inclusion criterion 3).,High,done
Non_fractured/IMG0002724.jpg,Non_fractured,EXCLUDE,N/A,Unclear,No,N/A,Source-labeled non-fractured; no fracture present (fails inclusion criterion 3).,High,done
Non_fractured/IMG0002725.jpg,Non_fractured,EXCLUDE,N/A,Unclear,No,N/A,Source-labeled non-fractured; no fracture present (fails inclusion criterion 3).,High,done
Non_fractured/IMG0002726.jpg,Non_fractured,EXCLUDE,N/A,Unclear,No,N/A,Source-labeled non-fractured; no fracture present (fails inclusion criterion 3).,High,done
Non_fractured/IMG0002727.jpg,Non_fractured,EXCLUDE,N/A,Unclear,No,N/A,Source-labeled non-fractured; no fracture present (fails inclusion criterion 3).,High,done
Non_fractured/IMG0002728.jpg,Non_fractured,EXCLUDE,N/A,Unclear,No,N/A,Source-labeled non-fractured; no fracture present (fails inclusion criterion 3).,High,done
Non_fractured/IMG0002729.jpg,Non_fractured,EXCLUDE,N/A,Unclear,No,N/A,Source-labeled non-fractured; no fracture present (fails inclusion criterion 3).,High,done
Non_fractured/IMG0002730.jpg,Non_fractured,EXCLUDE,N/A,Unclear,No,N/A,Source-labeled non-fractured; no fracture present (fails inclusion criterion 3).,High,done
Non_fractured/IMG0002733.jpg,Non_fractured,EXCLUDE,N/A,Unclear,No,N/A,Source-labeled non-fractured; no fracture present (fails inclusion criterion 3).,High,done
Non_fractured/IMG0002734.jpg,Non_fractured,EXCLUDE,N/A,Unclear,No,N/A,Source-labeled non-fractured; no fracture present (fails inclusion criterion 3).,High,done
Non_fractured/IMG0002735.jpg,Non_fractured,EXCLUDE,N/A,Unclear,No,N/A,Source-labeled non-fractured; no fracture present (fails inclusion criterion 3).,High,done
Non_fractured/IMG0002736.jpg,Non_fractured,EXCLUDE,N/A,Unclear,No,N/A,Source-labeled non-fractured; no fracture present (fails inclusion criterion 3).,High,done
Non_fractured/IMG0002739.jpg,Non_fractured,EXCLUDE,N/A,Unclear,No,N/A,Source-labeled non-fractured; no fracture present (fails inclusion criterion 3).,High,done
Non_fractured/IMG0002740.jpg,Non_fractured,EXCLUDE,N/A,Unclear,No,N/A,Source-labeled non-fractured; no fracture present (fails inclusion criterion 3).,High,done
Non_fractured/IMG0002741.jpg,Non_fractured,EXCLUDE,N/A,Unclear,No,N/A,Source-labeled non-fractured; no fracture present (fails inclusion criterion 3).,High,done
Non_fractured/IMG0002742.jpg,Non_fractured,EXCLUDE,N/A,Unclear,No,N/A,Source-labeled non-fractured; no fracture present (fails inclusion criterion 3).,High,done
Non_fractured/IMG0002743.jpg,Non_fractured,EXCLUDE,N/A,Unclear,No,N/A,Source-labeled non-fractured; no fracture present (fails inclusion criterion 3).,High,done
Non_fractured/IMG0002744.jpg,Non_fractured,EXCLUDE,N/A,Unclear,No,N/A,Source-labeled non-fractured; no fracture present (fails inclusion criterion 3).,High,done
Non_fractured/IMG0002747.jpg,Non_fractured,EXCLUDE,N/A,Unclear,No,N/A,Source-labeled non-fractured; no fracture present (fails inclusion criterion 3).,High,done
Non_fractured/IMG0002748.jpg,Non_fractured,EXCLUDE,N/A,Unclear,No,N/A,Source-labeled non-fractured; no fracture present (fails inclusion criterion 3).,High,done
Non_fractured/IMG0002751.jpg,Non_fractured,EXCLUDE,N/A,Unclear,No,N/A,Source-labeled non-fractured; no fracture present (fails inclusion criterion 3).,High,done
Non_fractured/IMG0002752.jpg,Non_fractured,EXCLUDE,N/A,Unclear,No,N/A,Source-labeled non-fractured; no fracture present (fails inclusion criterion 3).,High,done
Non_fractured/IMG0002753.jpg,Non_fractured,EXCLUDE,N/A,Unclear,No,N/A,Source-labeled non-fractured; no fracture present (fails inclusion criterion 3).,High,done
Non_fractured/IMG0002754.jpg,Non_fractured,EXCLUDE,N/A,Unclear,No,N/A,Source-labeled non-fractured; no fracture present (fails inclusion criterion 3).,High,done
Non_fractured/IMG0002755.jpg,Non_fractured,EXCLUDE,N/A,Unclear,No,N/A,Source-labeled non-fractured; no fracture present (fails inclusion criterion 3).,High,done
Non_fractured/IMG0002756.jpg,Non_fractured,EXCLUDE,N/A,Unclear,No,N/A,Source-labeled non-fractured; no fracture present (fails inclusion criterion 3).,High,done
Non_fractured/IMG0002757.jpg,Non_fractured,EXCLUDE,N/A,Unclear,No,N/A,Source-labeled non-fractured; no fracture present (fails inclusion criterion 3).,High,done
Non_fractured/IMG0002758.jpg,Non_fractured,EXCLUDE,N/A,Unclear,No,N/A,Source-labeled non-fractured; no fracture present (fails inclusion criterion 3).,High,done
Non_fractured/IMG0002759.jpg,Non_fractured,EXCLUDE,N/A,Unclear,No,N/A,Source-labeled non-fractured; no fracture present (fails inclusion criterion 3).,High,done
Non_fractured/IMG0002760.jpg,Non_fractured,EXCLUDE,N/A,Unclear,No,N/A,Source-labeled non-fractured; no fracture present (fails inclusion criterion 3).,High,done
Non_fractured/IMG0002761.jpg,Non_fractured,EXCLUDE,N/A,Unclear,No,N/A,Source-labeled non-fractured; no fracture present (fails inclusion criterion 3).,High,done
Non_fractured/IMG0002762.jpg,Non_fractured,EXCLUDE,N/A,Unclear,No,N/A,Source-labeled non-fractured; no fracture present (fails inclusion criterion 3).,High,done
Non_fractured/IMG0002763.jpg,Non_fractured,EXCLUDE,N/A,Unclear,No,N/A,Source-labeled non-fractured; no fracture present (fails inclusion criterion 3).,High,done
Non_fractured/IMG0002764.jpg,Non_fractured,EXCLUDE,N/A,Unclear,No,N/A,Source-labeled non-fractured; no fracture present (fails inclusion criterion 3).,High,done
Non_fractured/IMG0002765.jpg,Non_fractured,EXCLUDE,N/A,Unclear,No,N/A,Source-labeled non-fractured; no fracture present (fails inclusion criterion 3).,High,done
Non_fractured/IMG0002766.jpg,Non_fractured,EXCLUDE,N/A,Unclear,No,N/A,Source-labeled non-fractured; no fracture present (fails inclusion criterion 3).,High,done
Non_fractured/IMG0002767.jpg,Non_fractured,EXCLUDE,N/A,Unclear,No,N/A,Source-labeled non-fractured; no fracture present (fails inclusion criterion 3).,High,done
Non_fractured/IMG0002769.jpg,Non_fractured,EXCLUDE,N/A,Unclear,No,N/A,Source-labeled non-fractured; no fracture present (fails inclusion criterion 3).,High,done
Non_fractured/IMG0002770.jpg,Non_fractured,EXCLUDE,N/A,Unclear,No,N/A,Source-labeled non-fractured; no fracture present (fails inclusion criterion 3).,High,done
Non_fractured/IMG0002771.jpg,Non_fractured,EXCLUDE,N/A,Unclear,No,N/A,Source-labeled non-fractured; no fracture present (fails inclusion criterion 3).,High,done
Non_fractured/IMG0002772.jpg,Non_fractured,EXCLUDE,N/A,Unclear,No,N/A,Source-labeled non-fractured; no fracture present (fails inclusion criterion 3).,High,done
Non_fractured/IMG0002773.jpg,Non_fractured,EXCLUDE,N/A,Unclear,No,N/A,Source-labeled non-fractured; no fracture present (fails inclusion criterion 3).,High,done
Non_fractured/IMG0002774.jpg,Non_fractured,EXCLUDE,N/A,Unclear,No,N/A,Source-labeled non-fractured; no fracture present (fails inclusion criterion 3).,High,done
Non_fractured/IMG0002775.jpg,Non_fractured,EXCLUDE,N/A,Unclear,No,N/A,Source-labeled non-fractured; no fracture present (fails inclusion criterion 3).,High,done
Non_fractured/IMG0002776.jpg,Non_fractured,EXCLUDE,N/A,Unclear,No,N/A,Source-labeled non-fractured; no fracture present (fails inclusion criterion 3).,High,done
Non_fractured/IMG0002777.jpg,Non_fractured,EXCLUDE,N/A,Unclear,No,N/A,Source-labeled non-fractured; no fracture present (fails inclusion criterion 3).,High,done
Non_fractured/IMG0002778.jpg,Non_fractured,EXCLUDE,N/A,Unclear,No,N/A,Source-labeled non-fractured; no fracture present (fails inclusion criterion 3).,High,done
Non_fractured/IMG0002779.jpg,Non_fractured,EXCLUDE,N/A,Unclear,No,N/A,Source-labeled non-fractured; no fracture present (fails inclusion criterion 3).,High,done
Non_fractured/IMG0002780.jpg,Non_fractured,EXCLUDE,N/A,Unclear,No,N/A,Source-labeled non-fractured; no fracture present (fails inclusion criterion 3).,High,done
Non_fractured/IMG0002781.jpg,Non_fractured,EXCLUDE,N/A,Unclear,No,N/A,Source-labeled non-fractured; no fracture present (fails inclusion criterion 3).,High,done
Non_fractured/IMG0002782.jpg,Non_fractured,EXCLUDE,N/A,Unclear,No,N/A,Source-labeled non-fractured; no fracture present (fails inclusion criterion 3).,High,done
Non_fractured/IMG0002783.jpg,Non_fractured,EXCLUDE,N/A,Unclear,No,N/A,Source-labeled non-fractured; no fracture present (fails inclusion criterion 3).,High,done
Non_fractured/IMG0002784.jpg,Non_fractured,EXCLUDE,N/A,Unclear,No,N/A,Source-labeled non-fractured; no fracture present (fails inclusion criterion 3).,High,done
Non_fractured/IMG0002785.jpg,Non_fractured,EXCLUDE,N/A,Unclear,No,N/A,Source-labeled non-fractured; no fracture present (fails inclusion criterion 3).,High,done
Non_fractured/IMG0002786.jpg,Non_fractured,EXCLUDE,N/A,Unclear,No,N/A,Source-labeled non-fractured; no fracture present (fails inclusion criterion 3).,High,done
Non_fractured/IMG0002787.jpg,Non_fractured,EXCLUDE,N/A,Unclear,No,N/A,Source-labeled non-fractured; no fracture present (fails inclusion criterion 3).,High,done
Non_fractured/IMG0002788.jpg,Non_fractured,EXCLUDE,N/A,Unclear,No,N/A,Source-labeled non-fractured; no fracture present (fails inclusion criterion 3).,High,done
Non_fractured/IMG0002789.jpg,Non_fractured,EXCLUDE,N/A,Unclear,No,N/A,Source-labeled non-fractured; no fracture present (fails inclusion criterion 3).,High,done
Non_fractured/IMG0002792.jpg,Non_fractured,EXCLUDE,N/A,Unclear,No,N/A,Source-labeled non-fractured; no fracture present (fails inclusion criterion 3).,High,done
Non_fractured/IMG0002793.jpg,Non_fractured,EXCLUDE,N/A,Unclear,No,N/A,Source-labeled non-fractured; no fracture present (fails inclusion criterion 3).,High,done
Non_fractured/IMG0002794.jpg,Non_fractured,EXCLUDE,N/A,Unclear,No,N/A,Source-labeled non-fractured; no fracture present (fails inclusion criterion 3).,High,done
Non_fractured/IMG0002795.jpg,Non_fractured,EXCLUDE,N/A,Unclear,No,N/A,Source-labeled non-fractured; no fracture present (fails inclusion criterion 3).,High,done
Non_fractured/IMG0002796.jpg,Non_fractured,EXCLUDE,N/A,Unclear,No,N/A,Source-labeled non-fractured; no fracture present (fails inclusion criterion 3).,High,done
Non_fractured/IMG0002797.jpg,Non_fractured,EXCLUDE,N/A,Unclear,No,N/A,Source-labeled non-fractured; no fracture present (fails inclusion criterion 3).,High,done
Non_fractured/IMG0002798.jpg,Non_fractured,EXCLUDE,N/A,Unclear,No,N/A,Source-labeled non-fractured; no fracture present (fails inclusion criterion 3).,High,done
Non_fractured/IMG0002799.jpg,Non_fractured,EXCLUDE,N/A,Unclear,No,N/A,Source-labeled non-fractured; no fracture present (fails inclusion criterion 3).,High,done
Non_fractured/IMG0002800.jpg,Non_fractured,EXCLUDE,N/A,Unclear,No,N/A,Source-labeled non-fractured; no fracture present (fails inclusion criterion 3).,High,done
Non_fractured/IMG0002801.jpg,Non_fractured,EXCLUDE,N/A,Unclear,No,N/A,Source-labeled non-fractured; no fracture present (fails inclusion criterion 3).,High,done
Non_fractured/IMG0002802.jpg,Non_fractured,EXCLUDE,N/A,Unclear,No,N/A,Source-labeled non-fractured; no fracture present (fails inclusion criterion 3).,High,done
Non_fractured/IMG0002803.jpg,Non_fractured,EXCLUDE,N/A,Unclear,No,N/A,Source-labeled non-fractured; no fracture present (fails inclusion criterion 3).,High,done
Non_fractured/IMG0002804.jpg,Non_fractured,EXCLUDE,N/A,Unclear,No,N/A,Source-labeled non-fractured; no fracture present (fails inclusion criterion 3).,High,done
Non_fractured/IMG0002805.jpg,Non_fractured,EXCLUDE,N/A,Unclear,No,N/A,Source-labeled non-fractured; no fracture present (fails inclusion criterion 3).,High,done
Non_fractured/IMG0002806.jpg,Non_fractured,EXCLUDE,N/A,Unclear,No,N/A,Source-labeled non-fractured; no fracture present (fails inclusion criterion 3).,High,done
Non_fractured/IMG0002807.jpg,Non_fractured,EXCLUDE,N/A,Unclear,No,N/A,Source-labeled non-fractured; no fracture present (fails inclusion criterion 3).,High,done
Non_fractured/IMG0002808.jpg,Non_fractured,EXCLUDE,N/A,Unclear,No,N/A,Source-labeled non-fractured; no fracture present (fails inclusion criterion 3).,High,done
Non_fractured/IMG0002811.jpg,Non_fractured,EXCLUDE,N/A,Unclear,No,N/A,Source-labeled non-fractured; no fracture present (fails inclusion criterion 3).,High,done
Non_fractured/IMG0002812.jpg,Non_fractured,EXCLUDE,N/A,Unclear,No,N/A,Source-labeled non-fractured; no fracture present (fails inclusion criterion 3).,High,done
Non_fractured/IMG0002813.jpg,Non_fractured,EXCLUDE,N/A,Unclear,No,N/A,Source-labeled non-fractured; no fracture present (fails inclusion criterion 3).,High,done
Non_fractured/IMG0002814.jpg,Non_fractured,EXCLUDE,N/A,Unclear,No,N/A,Source-labeled non-fractured; no fracture present (fails inclusion criterion 3).,High,done
Non_fractured/IMG0002815.jpg,Non_fractured,EXCLUDE,N/A,Unclear,No,N/A,Source-labeled non-fractured; no fracture present (fails inclusion criterion 3).,High,done
Non_fractured/IMG0002816.jpg,Non_fractured,EXCLUDE,N/A,Unclear,No,N/A,Source-labeled non-fractured; no fracture present (fails inclusion criterion 3).,High,done
Non_fractured/IMG0002817.jpg,Non_fractured,EXCLUDE,N/A,Unclear,No,N/A,Source-labeled non-fractured; no fracture present (fails inclusion criterion 3).,High,done
Non_fractured/IMG0002818.jpg,Non_fractured,EXCLUDE,N/A,Unclear,No,N/A,Source-labeled non-fractured; no fracture present (fails inclusion criterion 3).,High,done
Non_fractured/IMG0002819.jpg,Non_fractured,EXCLUDE,N/A,Unclear,No,N/A,Source-labeled non-fractured; no fracture present (fails inclusion criterion 3).,High,done
Non_fractured/IMG0002820.jpg,Non_fractured,EXCLUDE,N/A,Unclear,No,N/A,Source-labeled non-fractured; no fracture present (fails inclusion criterion 3).,High,done
Non_fractured/IMG0002821.jpg,Non_fractured,EXCLUDE,N/A,Unclear,No,N/A,Source-labeled non-fractured; no fracture present (fails inclusion criterion 3).,High,done
Non_fractured/IMG0002822.jpg,Non_fractured,EXCLUDE,N/A,Unclear,No,N/A,Source-labeled non-fractured; no fracture present (fails inclusion criterion 3).,High,done
Non_fractured/IMG0002823.jpg,Non_fractured,EXCLUDE,N/A,Unclear,No,N/A,Source-labeled non-fractured; no fracture present (fails inclusion criterion 3).,High,done
Non_fractured/IMG0002824.jpg,Non_fractured,EXCLUDE,N/A,Unclear,No,N/A,Source-labeled non-fractured; no fracture present (fails inclusion criterion 3).,High,done
Non_fractured/IMG0002825.jpg,Non_fractured,EXCLUDE,N/A,Unclear,No,N/A,Source-labeled non-fractured; no fracture present (fails inclusion criterion 3).,High,done
Non_fractured/IMG0002826.jpg,Non_fractured,EXCLUDE,N/A,Unclear,No,N/A,Source-labeled non-fractured; no fracture present (fails inclusion criterion 3).,High,done
Non_fractured/IMG0002827.jpg,Non_fractured,EXCLUDE,N/A,Unclear,No,N/A,Source-labeled non-fractured; no fracture present (fails inclusion criterion 3).,High,done
Non_fractured/IMG0002828.jpg,Non_fractured,EXCLUDE,N/A,Unclear,No,N/A,Source-labeled non-fractured; no fracture present (fails inclusion criterion 3).,High,done
Non_fractured/IMG0002829.jpg,Non_fractured,EXCLUDE,N/A,Unclear,No,N/A,Source-labeled non-fractured; no fracture present (fails inclusion criterion 3).,High,done
Non_fractured/IMG0002830.jpg,Non_fractured,EXCLUDE,N/A,Unclear,No,N/A,Source-labeled non-fractured; no fracture present (fails inclusion criterion 3).,High,done
Non_fractured/IMG0002835.jpg,Non_fractured,EXCLUDE,N/A,Unclear,No,N/A,Source-labeled non-fractured; no fracture present (fails inclusion criterion 3).,High,done
Non_fractured/IMG0002836.jpg,Non_fractured,EXCLUDE,N/A,Unclear,No,N/A,Source-labeled non-fractured; no fracture present (fails inclusion criterion 3).,High,done
Non_fractured/IMG0002837.jpg,Non_fractured,EXCLUDE,N/A,Unclear,No,N/A,Source-labeled non-fractured; no fracture present (fails inclusion criterion 3).,High,done
Non_fractured/IMG0002838.jpg,Non_fractured,EXCLUDE,N/A,Unclear,No,N/A,Source-labeled non-fractured; no fracture present (fails inclusion criterion 3).,High,done
Non_fractured/IMG0002839.jpg,Non_fractured,EXCLUDE,N/A,Unclear,No,N/A,Source-labeled non-fractured; no fracture present (fails inclusion criterion 3).,High,done
Non_fractured/IMG0002841.jpg,Non_fractured,EXCLUDE,N/A,Unclear,No,N/A,Source-labeled non-fractured; no fracture present (fails inclusion criterion 3).,High,done
Non_fractured/IMG0002842.jpg,Non_fractured,EXCLUDE,N/A,Unclear,No,N/A,Source-labeled non-fractured; no fracture present (fails inclusion criterion 3).,High,done
Non_fractured/IMG0002843.jpg,Non_fractured,EXCLUDE,N/A,Unclear,No,N/A,Source-labeled non-fractured; no fracture present (fails inclusion criterion 3).,High,done
Non_fractured/IMG0002844.jpg,Non_fractured,EXCLUDE,N/A,Unclear,No,N/A,Source-labeled non-fractured; no fracture present (fails inclusion criterion 3).,High,done
Non_fractured/IMG0002845.jpg,Non_fractured,EXCLUDE,N/A,Unclear,No,N/A,Source-labeled non-fractured; no fracture present (fails inclusion criterion 3).,High,done
Non_fractured/IMG0002850.jpg,Non_fractured,EXCLUDE,N/A,Unclear,No,N/A,Source-labeled non-fractured; no fracture present (fails inclusion criterion 3).,High,done
Non_fractured/IMG0002851.jpg,Non_fractured,EXCLUDE,N/A,Unclear,No,N/A,Source-labeled non-fractured; no fracture present (fails inclusion criterion 3).,High,done
Non_fractured/IMG0002852.jpg,Non_fractured,EXCLUDE,N/A,Unclear,No,N/A,Source-labeled non-fractured; no fracture present (fails inclusion criterion 3).,High,done
Non_fractured/IMG0002853.jpg,Non_fractured,EXCLUDE,N/A,Unclear,No,N/A,Source-labeled non-fractured; no fracture present (fails inclusion criterion 3).,High,done
Non_fractured/IMG0002854.jpg,Non_fractured,EXCLUDE,N/A,Unclear,No,N/A,Source-labeled non-fractured; no fracture present (fails inclusion criterion 3).,High,done
Non_fractured/IMG0002855.jpg,Non_fractured,EXCLUDE,N/A,Unclear,No,N/A,Source-labeled non-fractured; no fracture present (fails inclusion criterion 3).,High,done
Non_fractured/IMG0002856.jpg,Non_fractured,EXCLUDE,N/A,Unclear,No,N/A,Source-labeled non-fractured; no fracture present (fails inclusion criterion 3).,High,done
Non_fractured/IMG0002857.jpg,Non_fractured,EXCLUDE,N/A,Unclear,No,N/A,Source-labeled non-fractured; no fracture present (fails inclusion criterion 3).,High,done
Non_fractured/IMG0002858.jpg,Non_fractured,EXCLUDE,N/A,Unclear,No,N/A,Source-labeled non-fractured; no fracture present (fails inclusion criterion 3).,High,done
Non_fractured/IMG0002859.jpg,Non_fractured,EXCLUDE,N/A,Unclear,No,N/A,Source-labeled non-fractured; no fracture present (fails inclusion criterion 3).,High,done
Non_fractured/IMG0002860.jpg,Non_fractured,EXCLUDE,N/A,Unclear,No,N/A,Source-labeled non-fractured; no fracture present (fails inclusion criterion 3).,High,done
Non_fractured/IMG0002861.jpg,Non_fractured,EXCLUDE,N/A,Unclear,No,N/A,Source-labeled non-fractured; no fracture present (fails inclusion criterion 3).,High,done
Non_fractured/IMG0002862.jpg,Non_fractured,EXCLUDE,N/A,Unclear,No,N/A,Source-labeled non-fractured; no fracture present (fails inclusion criterion 3).,High,done
Non_fractured/IMG0002863.jpg,Non_fractured,EXCLUDE,N/A,Unclear,No,N/A,Source-labeled non-fractured; no fracture present (fails inclusion criterion 3).,High,done
Non_fractured/IMG0002864.jpg,Non_fractured,EXCLUDE,N/A,Unclear,No,N/A,Source-labeled non-fractured; no fracture present (fails inclusion criterion 3).,High,done
Non_fractured/IMG0002865.jpg,Non_fractured,EXCLUDE,N/A,Unclear,No,N/A,Source-labeled non-fractured; no fracture present (fails inclusion criterion 3).,High,done
Non_fractured/IMG0002866.jpg,Non_fractured,EXCLUDE,N/A,Unclear,No,N/A,Source-labeled non-fractured; no fracture present (fails inclusion criterion 3).,High,done
Non_fractured/IMG0002867.jpg,Non_fractured,EXCLUDE,N/A,Unclear,No,N/A,Source-labeled non-fractured; no fracture present (fails inclusion criterion 3).,High,done
Non_fractured/IMG0002868.jpg,Non_fractured,EXCLUDE,N/A,Unclear,No,N/A,Source-labeled non-fractured; no fracture present (fails inclusion criterion 3).,High,done
Non_fractured/IMG0002869.jpg,Non_fractured,EXCLUDE,N/A,Unclear,No,N/A,Source-labeled non-fractured; no fracture present (fails inclusion criterion 3).,High,done
Non_fractured/IMG0002870.jpg,Non_fractured,EXCLUDE,N/A,Unclear,No,N/A,Source-labeled non-fractured; no fracture present (fails inclusion criterion 3).,High,done
Non_fractured/IMG0002871.jpg,Non_fractured,EXCLUDE,N/A,Unclear,No,N/A,Source-labeled non-fractured; no fracture present (fails inclusion criterion 3).,High,done
Non_fractured/IMG0002872.jpg,Non_fractured,EXCLUDE,N/A,Unclear,No,N/A,Source-labeled non-fractured; no fracture present (fails inclusion criterion 3).,High,done
Non_fractured/IMG0002873.jpg,Non_fractured,EXCLUDE,N/A,Unclear,No,N/A,Source-labeled non-fractured; no fracture present (fails inclusion criterion 3).,High,done
Non_fractured/IMG0002874.jpg,Non_fractured,EXCLUDE,N/A,Unclear,No,N/A,Source-labeled non-fractured; no fracture present (fails inclusion criterion 3).,High,done
Non_fractured/IMG0002875.jpg,Non_fractured,EXCLUDE,N/A,Unclear,No,N/A,Source-labeled non-fractured; no fracture present (fails inclusion criterion 3).,High,done
Non_fractured/IMG0002876.jpg,Non_fractured,EXCLUDE,N/A,Unclear,No,N/A,Source-labeled non-fractured; no fracture present (fails inclusion criterion 3).,High,done
Non_fractured/IMG0002877.jpg,Non_fractured,EXCLUDE,N/A,Unclear,No,N/A,Source-labeled non-fractured; no fracture present (fails inclusion criterion 3).,High,done
Non_fractured/IMG0002878.jpg,Non_fractured,EXCLUDE,N/A,Unclear,No,N/A,Source-labeled non-fractured; no fracture present (fails inclusion criterion 3).,High,done
Non_fractured/IMG0002879.jpg,Non_fractured,EXCLUDE,N/A,Unclear,No,N/A,Source-labeled non-fractured; no fracture present (fails inclusion criterion 3).,High,done
Non_fractured/IMG0002880.jpg,Non_fractured,EXCLUDE,N/A,Unclear,No,N/A,Source-labeled non-fractured; no fracture present (fails inclusion criterion 3).,High,done
Non_fractured/IMG0002881.jpg,Non_fractured,EXCLUDE,N/A,Unclear,No,N/A,Source-labeled non-fractured; no fracture present (fails inclusion criterion 3).,High,done
Non_fractured/IMG0002882.jpg,Non_fractured,EXCLUDE,N/A,Unclear,No,N/A,Source-labeled non-fractured; no fracture present (fails inclusion criterion 3).,High,done
Non_fractured/IMG0002883.jpg,Non_fractured,EXCLUDE,N/A,Unclear,No,N/A,Source-labeled non-fractured; no fracture present (fails inclusion criterion 3).,High,done
Non_fractured/IMG0002884.jpg,Non_fractured,EXCLUDE,N/A,Unclear,No,N/A,Source-labeled non-fractured; no fracture present (fails inclusion criterion 3).,High,done
Non_fractured/IMG0002887.jpg,Non_fractured,EXCLUDE,N/A,Unclear,No,N/A,Source-labeled non-fractured; no fracture present (fails inclusion criterion 3).,High,done
Non_fractured/IMG0002888.jpg,Non_fractured,EXCLUDE,N/A,Unclear,No,N/A,Source-labeled non-fractured; no fracture present (fails inclusion criterion 3).,High,done
Non_fractured/IMG0002889.jpg,Non_fractured,EXCLUDE,N/A,Unclear,No,N/A,Source-labeled non-fractured; no fracture present (fails inclusion criterion 3).,High,done
Non_fractured/IMG0002890.jpg,Non_fractured,EXCLUDE,N/A,Unclear,No,N/A,Source-labeled non-fractured; no fracture present (fails inclusion criterion 3).,High,done
Non_fractured/IMG0002891.jpg,Non_fractured,EXCLUDE,N/A,Unclear,No,N/A,Source-labeled non-fractured; no fracture present (fails inclusion criterion 3).,High,done
Non_fractured/IMG0002892.jpg,Non_fractured,EXCLUDE,N/A,Unclear,No,N/A,Source-labeled non-fractured; no fracture present (fails inclusion criterion 3).,High,done
Non_fractured/IMG0002893.jpg,Non_fractured,EXCLUDE,N/A,Unclear,No,N/A,Source-labeled non-fractured; no fracture present (fails inclusion criterion 3).,High,done
Non_fractured/IMG0002894.jpg,Non_fractured,EXCLUDE,N/A,Unclear,No,N/A,Source-labeled non-fractured; no fracture present (fails inclusion criterion 3).,High,done
Non_fractured/IMG0002895.jpg,Non_fractured,EXCLUDE,N/A,Unclear,No,N/A,Source-labeled non-fractured; no fracture present (fails inclusion criterion 3).,High,done
Non_fractured/IMG0002896.jpg,Non_fractured,EXCLUDE,N/A,Unclear,No,N/A,Source-labeled non-fractured; no fracture present (fails inclusion criterion 3).,High,done
Non_fractured/IMG0002897.jpg,Non_fractured,EXCLUDE,N/A,Unclear,No,N/A,Source-labeled non-fractured; no fracture present (fails inclusion criterion 3).,High,done
Non_fractured/IMG0002898.jpg,Non_fractured,EXCLUDE,N/A,Unclear,No,N/A,Source-labeled non-fractured; no fracture present (fails inclusion criterion 3).,High,done
Non_fractured/IMG0002899.jpg,Non_fractured,EXCLUDE,N/A,Unclear,No,N/A,Source-labeled non-fractured; no fracture present (fails inclusion criterion 3).,High,done
Non_fractured/IMG0002900.jpg,Non_fractured,EXCLUDE,N/A,Unclear,No,N/A,Source-labeled non-fractured; no fracture present (fails inclusion criterion 3).,High,done
Non_fractured/IMG0002901.jpg,Non_fractured,EXCLUDE,N/A,Unclear,No,N/A,Source-labeled non-fractured; no fracture present (fails inclusion criterion 3).,High,done
Non_fractured/IMG0002902.jpg,Non_fractured,EXCLUDE,N/A,Unclear,No,N/A,Source-labeled non-fractured; no fracture present (fails inclusion criterion 3).,High,done
Non_fractured/IMG0002903.jpg,Non_fractured,EXCLUDE,N/A,Unclear,No,N/A,Source-labeled non-fractured; no fracture present (fails inclusion criterion 3).,High,done
Non_fractured/IMG0002906.jpg,Non_fractured,EXCLUDE,N/A,Unclear,No,N/A,Source-labeled non-fractured; no fracture present (fails inclusion criterion 3).,High,done
Non_fractured/IMG0002907.jpg,Non_fractured,EXCLUDE,N/A,Unclear,No,N/A,Source-labeled non-fractured; no fracture present (fails inclusion criterion 3).,High,done
Non_fractured/IMG0002908.jpg,Non_fractured,EXCLUDE,N/A,Unclear,No,N/A,Source-labeled non-fractured; no fracture present (fails inclusion criterion 3).,High,done
Non_fractured/IMG0002909.jpg,Non_fractured,EXCLUDE,N/A,Unclear,No,N/A,Source-labeled non-fractured; no fracture present (fails inclusion criterion 3).,High,done
Non_fractured/IMG0002910.jpg,Non_fractured,EXCLUDE,N/A,Unclear,No,N/A,Source-labeled non-fractured; no fracture present (fails inclusion criterion 3).,High,done
Non_fractured/IMG0002911.jpg,Non_fractured,EXCLUDE,N/A,Unclear,No,N/A,Source-labeled non-fractured; no fracture present (fails inclusion criterion 3).,High,done
Non_fractured/IMG0002912.jpg,Non_fractured,EXCLUDE,N/A,Unclear,No,N/A,Source-labeled non-fractured; no fracture present (fails inclusion criterion 3).,High,done
Non_fractured/IMG0002913.jpg,Non_fractured,EXCLUDE,N/A,Unclear,No,N/A,Source-labeled non-fractured; no fracture present (fails inclusion criterion 3).,High,done
Non_fractured/IMG0002914.jpg,Non_fractured,EXCLUDE,N/A,Unclear,No,N/A,Source-labeled non-fractured; no fracture present (fails inclusion criterion 3).,High,done
Non_fractured/IMG0002915.jpg,Non_fractured,EXCLUDE,N/A,Unclear,No,N/A,Source-labeled non-fractured; no fracture present (fails inclusion criterion 3).,High,done
Non_fractured/IMG0002916.jpg,Non_fractured,EXCLUDE,N/A,Unclear,No,N/A,Source-labeled non-fractured; no fracture present (fails inclusion criterion 3).,High,done
Non_fractured/IMG0002917.jpg,Non_fractured,EXCLUDE,N/A,Unclear,No,N/A,Source-labeled non-fractured; no fracture present (fails inclusion criterion 3).,High,done
Non_fractured/IMG0002918.jpg,Non_fractured,EXCLUDE,N/A,Unclear,No,N/A,Source-labeled non-fractured; no fracture present (fails inclusion criterion 3).,High,done
Non_fractured/IMG0002919.jpg,Non_fractured,EXCLUDE,N/A,Unclear,No,N/A,Source-labeled non-fractured; no fracture present (fails inclusion criterion 3).,High,done
Non_fractured/IMG0002920.jpg,Non_fractured,EXCLUDE,N/A,Unclear,No,N/A,Source-labeled non-fractured; no fracture present (fails inclusion criterion 3).,High,done
Non_fractured/IMG0002921.jpg,Non_fractured,EXCLUDE,N/A,Unclear,No,N/A,Source-labeled non-fractured; no fracture present (fails inclusion criterion 3).,High,done
Non_fractured/IMG0002922.jpg,Non_fractured,EXCLUDE,N/A,Unclear,No,N/A,Source-labeled non-fractured; no fracture present (fails inclusion criterion 3).,High,done
Non_fractured/IMG0002923.jpg,Non_fractured,EXCLUDE,N/A,Unclear,No,N/A,Source-labeled non-fractured; no fracture present (fails inclusion criterion 3).,High,done
Non_fractured/IMG0002924.jpg,Non_fractured,EXCLUDE,N/A,Unclear,No,N/A,Source-labeled non-fractured; no fracture present (fails inclusion criterion 3).,High,done
Non_fractured/IMG0002925.jpg,Non_fractured,EXCLUDE,N/A,Unclear,No,N/A,Source-labeled non-fractured; no fracture present (fails inclusion criterion 3).,High,done
Non_fractured/IMG0002926.jpg,Non_fractured,EXCLUDE,N/A,Unclear,No,N/A,Source-labeled non-fractured; no fracture present (fails inclusion criterion 3).,High,done
Non_fractured/IMG0002927.jpg,Non_fractured,EXCLUDE,N/A,Unclear,No,N/A,Source-labeled non-fractured; no fracture present (fails inclusion criterion 3).,High,done
Non_fractured/IMG0002928.jpg,Non_fractured,EXCLUDE,N/A,Unclear,No,N/A,Source-labeled non-fractured; no fracture present (fails inclusion criterion 3).,High,done
Non_fractured/IMG0002929.jpg,Non_fractured,EXCLUDE,N/A,Unclear,No,N/A,Source-labeled non-fractured; no fracture present (fails inclusion criterion 3).,High,done
Non_fractured/IMG0002930.jpg,Non_fractured,EXCLUDE,N/A,Unclear,No,N/A,Source-labeled non-fractured; no fracture present (fails inclusion criterion 3).,High,done
Non_fractured/IMG0002931.jpg,Non_fractured,EXCLUDE,N/A,Unclear,No,N/A,Source-labeled non-fractured; no fracture present (fails inclusion criterion 3).,High,done
Non_fractured/IMG0002932.jpg,Non_fractured,EXCLUDE,N/A,Unclear,No,N/A,Source-labeled non-fractured; no fracture present (fails inclusion criterion 3).,High,done
Non_fractured/IMG0002933.jpg,Non_fractured,EXCLUDE,N/A,Unclear,No,N/A,Source-labeled non-fractured; no fracture present (fails inclusion criterion 3).,High,done
Non_fractured/IMG0002936.jpg,Non_fractured,EXCLUDE,N/A,Unclear,No,N/A,Source-labeled non-fractured; no fracture present (fails inclusion criterion 3).,High,done
Non_fractured/IMG0002937.jpg,Non_fractured,EXCLUDE,N/A,Unclear,No,N/A,Source-labeled non-fractured; no fracture present (fails inclusion criterion 3).,High,done
Non_fractured/IMG0002938.jpg,Non_fractured,EXCLUDE,N/A,Unclear,No,N/A,Source-labeled non-fractured; no fracture present (fails inclusion criterion 3).,High,done
Non_fractured/IMG0002939.jpg,Non_fractured,EXCLUDE,N/A,Unclear,No,N/A,Source-labeled non-fractured; no fracture present (fails inclusion criterion 3).,High,done
Non_fractured/IMG0002940.jpg,Non_fractured,EXCLUDE,N/A,Unclear,No,N/A,Source-labeled non-fractured; no fracture present (fails inclusion criterion 3).,High,done
Non_fractured/IMG0002941.jpg,Non_fractured,EXCLUDE,N/A,Unclear,No,N/A,Source-labeled non-fractured; no fracture present (fails inclusion criterion 3).,High,done
Non_fractured/IMG0002942.jpg,Non_fractured,EXCLUDE,N/A,Unclear,No,N/A,Source-labeled non-fractured; no fracture present (fails inclusion criterion 3).,High,done
Non_fractured/IMG0002943.jpg,Non_fractured,EXCLUDE,N/A,Unclear,No,N/A,Source-labeled non-fractured; no fracture present (fails inclusion criterion 3).,High,done
Non_fractured/IMG0002944.jpg,Non_fractured,EXCLUDE,N/A,Unclear,No,N/A,Source-labeled non-fractured; no fracture present (fails inclusion criterion 3).,High,done
Non_fractured/IMG0002947.jpg,Non_fractured,EXCLUDE,N/A,Unclear,No,N/A,Source-labeled non-fractured; no fracture present (fails inclusion criterion 3).,High,done
Non_fractured/IMG0002948.jpg,Non_fractured,EXCLUDE,N/A,Unclear,No,N/A,Source-labeled non-fractured; no fracture present (fails inclusion criterion 3).,High,done
Non_fractured/IMG0002949.jpg,Non_fractured,EXCLUDE,N/A,Unclear,No,N/A,Source-labeled non-fractured; no fracture present (fails inclusion criterion 3).,High,done
Non_fractured/IMG0002950.jpg,Non_fractured,EXCLUDE,N/A,Unclear,No,N/A,Source-labeled non-fractured; no fracture present (fails inclusion criterion 3).,High,done
Non_fractured/IMG0002951.jpg,Non_fractured,EXCLUDE,N/A,Unclear,No,N/A,Source-labeled non-fractured; no fracture present (fails inclusion criterion 3).,High,done
Non_fractured/IMG0002952.jpg,Non_fractured,EXCLUDE,N/A,Unclear,No,N/A,Source-labeled non-fractured; no fracture present (fails inclusion criterion 3).,High,done
Non_fractured/IMG0002953.jpg,Non_fractured,EXCLUDE,N/A,Unclear,No,N/A,Source-labeled non-fractured; no fracture present (fails inclusion criterion 3).,High,done
Non_fractured/IMG0002954.jpg,Non_fractured,EXCLUDE,N/A,Unclear,No,N/A,Source-labeled non-fractured; no fracture present (fails inclusion criterion 3).,High,done
Non_fractured/IMG0002955.jpg,Non_fractured,EXCLUDE,N/A,Unclear,No,N/A,Source-labeled non-fractured; no fracture present (fails inclusion criterion 3).,High,done
Non_fractured/IMG0002956.jpg,Non_fractured,EXCLUDE,N/A,Unclear,No,N/A,Source-labeled non-fractured; no fracture present (fails inclusion criterion 3).,High,done
Non_fractured/IMG0002957.jpg,Non_fractured,EXCLUDE,N/A,Unclear,No,N/A,Source-labeled non-fractured; no fracture present (fails inclusion criterion 3).,High,done
Non_fractured/IMG0002958.jpg,Non_fractured,EXCLUDE,N/A,Unclear,No,N/A,Source-labeled non-fractured; no fracture present (fails inclusion criterion 3).,High,done
Non_fractured/IMG0002959.jpg,Non_fractured,EXCLUDE,N/A,Unclear,No,N/A,Source-labeled non-fractured; no fracture present (fails inclusion criterion 3).,High,done
Non_fractured/IMG0002960.jpg,Non_fractured,EXCLUDE,N/A,Unclear,No,N/A,Source-labeled non-fractured; no fracture present (fails inclusion criterion 3).,High,done
Non_fractured/IMG0002961.jpg,Non_fractured,EXCLUDE,N/A,Unclear,No,N/A,Source-labeled non-fractured; no fracture present (fails inclusion criterion 3).,High,done
Non_fractured/IMG0002962.jpg,Non_fractured,EXCLUDE,N/A,Unclear,No,N/A,Source-labeled non-fractured; no fracture present (fails inclusion criterion 3).,High,done
Non_fractured/IMG0002963.jpg,Non_fractured,EXCLUDE,N/A,Unclear,No,N/A,Source-labeled non-fractured; no fracture present (fails inclusion criterion 3).,High,done
Non_fractured/IMG0002964.jpg,Non_fractured,EXCLUDE,N/A,Unclear,No,N/A,Source-labeled non-fractured; no fracture present (fails inclusion criterion 3).,High,done
Non_fractured/IMG0002965.jpg,Non_fractured,EXCLUDE,N/A,Unclear,No,N/A,Source-labeled non-fractured; no fracture present (fails inclusion criterion 3).,High,done
Non_fractured/IMG0002966.jpg,Non_fractured,EXCLUDE,N/A,Unclear,No,N/A,Source-labeled non-fractured; no fracture present (fails inclusion criterion 3).,High,done
Non_fractured/IMG0002967.jpg,Non_fractured,EXCLUDE,N/A,Unclear,No,N/A,Source-labeled non-fractured; no fracture present (fails inclusion criterion 3).,High,done
Non_fractured/IMG0002968.jpg,Non_fractured,EXCLUDE,N/A,Unclear,No,N/A,Source-labeled non-fractured; no fracture present (fails inclusion criterion 3).,High,done
Non_fractured/IMG0002969.jpg,Non_fractured,EXCLUDE,N/A,Unclear,No,N/A,Source-labeled non-fractured; no fracture present (fails inclusion criterion 3).,High,done
Non_fractured/IMG0002972.jpg,Non_fractured,EXCLUDE,N/A,Unclear,No,N/A,Source-labeled non-fractured; no fracture present (fails inclusion criterion 3).,High,done
Non_fractured/IMG0002973.jpg,Non_fractured,EXCLUDE,N/A,Unclear,No,N/A,Source-labeled non-fractured; no fracture present (fails inclusion criterion 3).,High,done
Non_fractured/IMG0002974.jpg,Non_fractured,EXCLUDE,N/A,Unclear,No,N/A,Source-labeled non-fractured; no fracture present (fails inclusion criterion 3).,High,done
Non_fractured/IMG0002975.jpg,Non_fractured,EXCLUDE,N/A,Unclear,No,N/A,Source-labeled non-fractured; no fracture present (fails inclusion criterion 3).,High,done
Non_fractured/IMG0002976.jpg,Non_fractured,EXCLUDE,N/A,Unclear,No,N/A,Source-labeled non-fractured; no fracture present (fails inclusion criterion 3).,High,done
Non_fractured/IMG0002977.jpg,Non_fractured,EXCLUDE,N/A,Unclear,No,N/A,Source-labeled non-fractured; no fracture present (fails inclusion criterion 3).,High,done
Non_fractured/IMG0002978.jpg,Non_fractured,EXCLUDE,N/A,Unclear,No,N/A,Source-labeled non-fractured; no fracture present (fails inclusion criterion 3).,High,done
Non_fractured/IMG0002981.jpg,Non_fractured,EXCLUDE,N/A,Unclear,No,N/A,Source-labeled non-fractured; no fracture present (fails inclusion criterion 3).,High,done
Non_fractured/IMG0002982.jpg,Non_fractured,EXCLUDE,N/A,Unclear,No,N/A,Source-labeled non-fractured; no fracture present (fails inclusion criterion 3).,High,done
Non_fractured/IMG0002983.jpg,Non_fractured,EXCLUDE,N/A,Unclear,No,N/A,Source-labeled non-fractured; no fracture present (fails inclusion criterion 3).,High,done
Non_fractured/IMG0002984.jpg,Non_fractured,EXCLUDE,N/A,Unclear,No,N/A,Source-labeled non-fractured; no fracture present (fails inclusion criterion 3).,High,done
Non_fractured/IMG0002985.jpg,Non_fractured,EXCLUDE,N/A,Unclear,No,N/A,Source-labeled non-fractured; no fracture present (fails inclusion criterion 3).,High,done
Non_fractured/IMG0002986.jpg,Non_fractured,EXCLUDE,N/A,Unclear,No,N/A,Source-labeled non-fractured; no fracture present (fails inclusion criterion 3).,High,done
Non_fractured/IMG0002988.jpg,Non_fractured,EXCLUDE,N/A,Unclear,No,N/A,Source-labeled non-fractured; no fracture present (fails inclusion criterion 3).,High,done
Non_fractured/IMG0002989.jpg,Non_fractured,EXCLUDE,N/A,Unclear,No,N/A,Source-labeled non-fractured; no fracture present (fails inclusion criterion 3).,High,done
Non_fractured/IMG0002990.jpg,Non_fractured,EXCLUDE,N/A,Unclear,No,N/A,Source-labeled non-fractured; no fracture present (fails inclusion criterion 3).,High,done
Non_fractured/IMG0002991.jpg,Non_fractured,EXCLUDE,N/A,Unclear,No,N/A,Source-labeled non-fractured; no fracture present (fails inclusion criterion 3).,High,done
Non_fractured/IMG0002992.jpg,Non_fractured,EXCLUDE,N/A,Unclear,No,N/A,Source-labeled non-fractured; no fracture present (fails inclusion criterion 3).,High,done
Non_fractured/IMG0002993.jpg,Non_fractured,EXCLUDE,N/A,Unclear,No,N/A,Source-labeled non-fractured; no fracture present (fails inclusion criterion 3).,High,done
Non_fractured/IMG0002994.jpg,Non_fractured,EXCLUDE,N/A,Unclear,No,N/A,Source-labeled non-fractured; no fracture present (fails inclusion criterion 3).,High,done
Non_fractured/IMG0002995.jpg,Non_fractured,EXCLUDE,N/A,Unclear,No,N/A,Source-labeled non-fractured; no fracture present (fails inclusion criterion 3).,High,done
Non_fractured/IMG0002996.jpg,Non_fractured,EXCLUDE,N/A,Unclear,No,N/A,Source-labeled non-fractured; no fracture present (fails inclusion criterion 3).,High,done
Non_fractured/IMG0002997.jpg,Non_fractured,EXCLUDE,N/A,Unclear,No,N/A,Source-labeled non-fractured; no fracture present (fails inclusion criterion 3).,High,done
Non_fractured/IMG0003002.jpg,Non_fractured,EXCLUDE,N/A,Unclear,No,N/A,Source-labeled non-fractured; no fracture present (fails inclusion criterion 3).,High,done
Non_fractured/IMG0003003.jpg,Non_fractured,EXCLUDE,N/A,Unclear,No,N/A,Source-labeled non-fractured; no fracture present (fails inclusion criterion 3).,High,done
Non_fractured/IMG0003004.jpg,Non_fractured,EXCLUDE,N/A,Unclear,No,N/A,Source-labeled non-fractured; no fracture present (fails inclusion criterion 3).,High,done
Non_fractured/IMG0003005.jpg,Non_fractured,EXCLUDE,N/A,Unclear,No,N/A,Source-labeled non-fractured; no fracture present (fails inclusion criterion 3).,High,done
Non_fractured/IMG0003006.jpg,Non_fractured,EXCLUDE,N/A,Unclear,No,N/A,Source-labeled non-fractured; no fracture present (fails inclusion criterion 3).,High,done
Non_fractured/IMG0003007.jpg,Non_fractured,EXCLUDE,N/A,Unclear,No,N/A,Source-labeled non-fractured; no fracture present (fails inclusion criterion 3).,High,done
Non_fractured/IMG0003008.jpg,Non_fractured,EXCLUDE,N/A,Unclear,No,N/A,Source-labeled non-fractured; no fracture present (fails inclusion criterion 3).,High,done
Non_fractured/IMG0003009.jpg,Non_fractured,EXCLUDE,N/A,Unclear,No,N/A,Source-labeled non-fractured; no fracture present (fails inclusion criterion 3).,High,done
Non_fractured/IMG0003010.jpg,Non_fractured,EXCLUDE,N/A,Unclear,No,N/A,Source-labeled non-fractured; no fracture present (fails inclusion criterion 3).,High,done
Non_fractured/IMG0003011.jpg,Non_fractured,EXCLUDE,N/A,Unclear,No,N/A,Source-labeled non-fractured; no fracture present (fails inclusion criterion 3).,High,done
Non_fractured/IMG0003012.jpg,Non_fractured,EXCLUDE,N/A,Unclear,No,N/A,Source-labeled non-fractured; no fracture present (fails inclusion criterion 3).,High,done
Non_fractured/IMG0003013.jpg,Non_fractured,EXCLUDE,N/A,Unclear,No,N/A,Source-labeled non-fractured; no fracture present (fails inclusion criterion 3).,High,done
Non_fractured/IMG0003014.jpg,Non_fractured,EXCLUDE,N/A,Unclear,No,N/A,Source-labeled non-fractured; no fracture present (fails inclusion criterion 3).,High,done
Non_fractured/IMG0003015.jpg,Non_fractured,EXCLUDE,N/A,Unclear,No,N/A,Source-labeled non-fractured; no fracture present (fails inclusion criterion 3).,High,done
Non_fractured/IMG0003016.jpg,Non_fractured,EXCLUDE,N/A,Unclear,No,N/A,Source-labeled non-fractured; no fracture present (fails inclusion criterion 3).,High,done
Non_fractured/IMG0003017.jpg,Non_fractured,EXCLUDE,N/A,Unclear,No,N/A,Source-labeled non-fractured; no fracture present (fails inclusion criterion 3).,High,done
Non_fractured/IMG0003018.jpg,Non_fractured,EXCLUDE,N/A,Unclear,No,N/A,Source-labeled non-fractured; no fracture present (fails inclusion criterion 3).,High,done
Non_fractured/IMG0003019.jpg,Non_fractured,EXCLUDE,N/A,Unclear,No,N/A,Source-labeled non-fractured; no fracture present (fails inclusion criterion 3).,High,done
Non_fractured/IMG0003022.jpg,Non_fractured,EXCLUDE,N/A,Unclear,No,N/A,Source-labeled non-fractured; no fracture present (fails inclusion criterion 3).,High,done
Non_fractured/IMG0003023.jpg,Non_fractured,EXCLUDE,N/A,Unclear,No,N/A,Source-labeled non-fractured; no fracture present (fails inclusion criterion 3).,High,done
Non_fractured/IMG0003024.jpg,Non_fractured,EXCLUDE,N/A,Unclear,No,N/A,Source-labeled non-fractured; no fracture present (fails inclusion criterion 3).,High,done
Non_fractured/IMG0003025.jpg,Non_fractured,EXCLUDE,N/A,Unclear,No,N/A,Source-labeled non-fractured; no fracture present (fails inclusion criterion 3).,High,done
Non_fractured/IMG0003026.jpg,Non_fractured,EXCLUDE,N/A,Unclear,No,N/A,Source-labeled non-fractured; no fracture present (fails inclusion criterion 3).,High,done
Non_fractured/IMG0003027.jpg,Non_fractured,EXCLUDE,N/A,Unclear,No,N/A,Source-labeled non-fractured; no fracture present (fails inclusion criterion 3).,High,done
Non_fractured/IMG0003028.jpg,Non_fractured,EXCLUDE,N/A,Unclear,No,N/A,Source-labeled non-fractured; no fracture present (fails inclusion criterion 3).,High,done
Non_fractured/IMG0003029.jpg,Non_fractured,EXCLUDE,N/A,Unclear,No,N/A,Source-labeled non-fractured; no fracture present (fails inclusion criterion 3).,High,done
Non_fractured/IMG0003030.jpg,Non_fractured,EXCLUDE,N/A,Unclear,No,N/A,Source-labeled non-fractured; no fracture present (fails inclusion criterion 3).,High,done
Non_fractured/IMG0003031.jpg,Non_fractured,EXCLUDE,N/A,Unclear,No,N/A,Source-labeled non-fractured; no fracture present (fails inclusion criterion 3).,High,done
Non_fractured/IMG0003032.jpg,Non_fractured,EXCLUDE,N/A,Unclear,No,N/A,Source-labeled non-fractured; no fracture present (fails inclusion criterion 3).,High,done
Non_fractured/IMG0003033.jpg,Non_fractured,EXCLUDE,N/A,Unclear,No,N/A,Source-labeled non-fractured; no fracture present (fails inclusion criterion 3).,High,done
Non_fractured/IMG0003036.jpg,Non_fractured,EXCLUDE,N/A,Unclear,No,N/A,Source-labeled non-fractured; no fracture present (fails inclusion criterion 3).,High,done
Non_fractured/IMG0003037.jpg,Non_fractured,EXCLUDE,N/A,Unclear,No,N/A,Source-labeled non-fractured; no fracture present (fails inclusion criterion 3).,High,done
Non_fractured/IMG0003038.jpg,Non_fractured,EXCLUDE,N/A,Unclear,No,N/A,Source-labeled non-fractured; no fracture present (fails inclusion criterion 3).,High,done
Non_fractured/IMG0003039.jpg,Non_fractured,EXCLUDE,N/A,Unclear,No,N/A,Source-labeled non-fractured; no fracture present (fails inclusion criterion 3).,High,done
Non_fractured/IMG0003040.jpg,Non_fractured,EXCLUDE,N/A,Unclear,No,N/A,Source-labeled non-fractured; no fracture present (fails inclusion criterion 3).,High,done
Non_fractured/IMG0003041.jpg,Non_fractured,EXCLUDE,N/A,Unclear,No,N/A,Source-labeled non-fractured; no fracture present (fails inclusion criterion 3).,High,done
Non_fractured/IMG0003042.jpg,Non_fractured,EXCLUDE,N/A,Unclear,No,N/A,Source-labeled non-fractured; no fracture present (fails inclusion criterion 3).,High,done
Non_fractured/IMG0003043.jpg,Non_fractured,EXCLUDE,N/A,Unclear,No,N/A,Source-labeled non-fractured; no fracture present (fails inclusion criterion 3).,High,done
Non_fractured/IMG0003044.jpg,Non_fractured,EXCLUDE,N/A,Unclear,No,N/A,Source-labeled non-fractured; no fracture present (fails inclusion criterion 3).,High,done
Non_fractured/IMG0003045.jpg,Non_fractured,EXCLUDE,N/A,Unclear,No,N/A,Source-labeled non-fractured; no fracture present (fails inclusion criterion 3).,High,done
Non_fractured/IMG0003046.jpg,Non_fractured,EXCLUDE,N/A,Unclear,No,N/A,Source-labeled non-fractured; no fracture present (fails inclusion criterion 3).,High,done
Non_fractured/IMG0003047.jpg,Non_fractured,EXCLUDE,N/A,Unclear,No,N/A,Source-labeled non-fractured; no fracture present (fails inclusion criterion 3).,High,done
Non_fractured/IMG0003048.jpg,Non_fractured,EXCLUDE,N/A,Unclear,No,N/A,Source-labeled non-fractured; no fracture present (fails inclusion criterion 3).,High,done
Non_fractured/IMG0003049.jpg,Non_fractured,EXCLUDE,N/A,Unclear,No,N/A,Source-labeled non-fractured; no fracture present (fails inclusion criterion 3).,High,done
Non_fractured/IMG0003050.jpg,Non_fractured,EXCLUDE,N/A,Unclear,No,N/A,Source-labeled non-fractured; no fracture present (fails inclusion criterion 3).,High,done
Non_fractured/IMG0003051.jpg,Non_fractured,EXCLUDE,N/A,Unclear,No,N/A,Source-labeled non-fractured; no fracture present (fails inclusion criterion 3).,High,done
Non_fractured/IMG0003052.jpg,Non_fractured,EXCLUDE,N/A,Unclear,No,N/A,Source-labeled non-fractured; no fracture present (fails inclusion criterion 3).,High,done
Non_fractured/IMG0003053.jpg,Non_fractured,EXCLUDE,N/A,Unclear,No,N/A,Source-labeled non-fractured; no fracture present (fails inclusion criterion 3).,High,done
Non_fractured/IMG0003054.jpg,Non_fractured,EXCLUDE,N/A,Unclear,No,N/A,Source-labeled non-fractured; no fracture present (fails inclusion criterion 3).,High,done
Non_fractured/IMG0003055.jpg,Non_fractured,EXCLUDE,N/A,Unclear,No,N/A,Source-labeled non-fractured; no fracture present (fails inclusion criterion 3).,High,done
Non_fractured/IMG0003056.jpg,Non_fractured,EXCLUDE,N/A,Unclear,No,N/A,Source-labeled non-fractured; no fracture present (fails inclusion criterion 3).,High,done
Non_fractured/IMG0003057.jpg,Non_fractured,EXCLUDE,N/A,Unclear,No,N/A,Source-labeled non-fractured; no fracture present (fails inclusion criterion 3).,High,done
Non_fractured/IMG0003058.jpg,Non_fractured,EXCLUDE,N/A,Unclear,No,N/A,Source-labeled non-fractured; no fracture present (fails inclusion criterion 3).,High,done
Non_fractured/IMG0003059.jpg,Non_fractured,EXCLUDE,N/A,Unclear,No,N/A,Source-labeled non-fractured; no fracture present (fails inclusion criterion 3).,High,done
Non_fractured/IMG0003060.jpg,Non_fractured,EXCLUDE,N/A,Unclear,No,N/A,Source-labeled non-fractured; no fracture present (fails inclusion criterion 3).,High,done
Non_fractured/IMG0003061.jpg,Non_fractured,EXCLUDE,N/A,Unclear,No,N/A,Source-labeled non-fractured; no fracture present (fails inclusion criterion 3).,High,done
Non_fractured/IMG0003062.jpg,Non_fractured,EXCLUDE,N/A,Unclear,No,N/A,Source-labeled non-fractured; no fracture present (fails inclusion criterion 3).,High,done
Non_fractured/IMG0003063.jpg,Non_fractured,EXCLUDE,N/A,Unclear,No,N/A,Source-labeled non-fractured; no fracture present (fails inclusion criterion 3).,High,done
Non_fractured/IMG0003064.jpg,Non_fractured,EXCLUDE,N/A,Unclear,No,N/A,Source-labeled non-fractured; no fracture present (fails inclusion criterion 3).,High,done
Non_fractured/IMG0003065.jpg,Non_fractured,EXCLUDE,N/A,Unclear,No,N/A,Source-labeled non-fractured; no fracture present (fails inclusion criterion 3).,High,done
Non_fractured/IMG0003066.jpg,Non_fractured,EXCLUDE,N/A,Unclear,No,N/A,Source-labeled non-fractured; no fracture present (fails inclusion criterion 3).,High,done
Non_fractured/IMG0003067.jpg,Non_fractured,EXCLUDE,N/A,Unclear,No,N/A,Source-labeled non-fractured; no fracture present (fails inclusion criterion 3).,High,done
Non_fractured/IMG0003068.jpg,Non_fractured,EXCLUDE,N/A,Unclear,No,N/A,Source-labeled non-fractured; no fracture present (fails inclusion criterion 3).,High,done
Non_fractured/IMG0003069.jpg,Non_fractured,EXCLUDE,N/A,Unclear,No,N/A,Source-labeled non-fractured; no fracture present (fails inclusion criterion 3).,High,done
Non_fractured/IMG0003071.jpg,Non_fractured,EXCLUDE,N/A,Unclear,No,N/A,Source-labeled non-fractured; no fracture present (fails inclusion criterion 3).,High,done
Non_fractured/IMG0003072.jpg,Non_fractured,EXCLUDE,N/A,Unclear,No,N/A,Source-labeled non-fractured; no fracture present (fails inclusion criterion 3).,High,done
Non_fractured/IMG0003073.jpg,Non_fractured,EXCLUDE,N/A,Unclear,No,N/A,Source-labeled non-fractured; no fracture present (fails inclusion criterion 3).,High,done
Non_fractured/IMG0003074.jpg,Non_fractured,EXCLUDE,N/A,Unclear,No,N/A,Source-labeled non-fractured; no fracture present (fails inclusion criterion 3).,High,done
Non_fractured/IMG0003075.jpg,Non_fractured,EXCLUDE,N/A,Unclear,No,N/A,Source-labeled non-fractured; no fracture present (fails inclusion criterion 3).,High,done
Non_fractured/IMG0003076.jpg,Non_fractured,EXCLUDE,N/A,Unclear,No,N/A,Source-labeled non-fractured; no fracture present (fails inclusion criterion 3).,High,done
Non_fractured/IMG0003078.jpg,Non_fractured,EXCLUDE,N/A,Unclear,No,N/A,Source-labeled non-fractured; no fracture present (fails inclusion criterion 3).,High,done
Non_fractured/IMG0003079.jpg,Non_fractured,EXCLUDE,N/A,Unclear,No,N/A,Source-labeled non-fractured; no fracture present (fails inclusion criterion 3).,High,done
Non_fractured/IMG0003080.jpg,Non_fractured,EXCLUDE,N/A,Unclear,No,N/A,Source-labeled non-fractured; no fracture present (fails inclusion criterion 3).,High,done
Non_fractured/IMG0003081.jpg,Non_fractured,EXCLUDE,N/A,Unclear,No,N/A,Source-labeled non-fractured; no fracture present (fails inclusion criterion 3).,High,done
Non_fractured/IMG0003082.jpg,Non_fractured,EXCLUDE,N/A,Unclear,No,N/A,Source-labeled non-fractured; no fracture present (fails inclusion criterion 3).,High,done
Non_fractured/IMG0003083.jpg,Non_fractured,EXCLUDE,N/A,Unclear,No,N/A,Source-labeled non-fractured; no fracture present (fails inclusion criterion 3).,High,done
Non_fractured/IMG0003084.jpg,Non_fractured,EXCLUDE,N/A,Unclear,No,N/A,Source-labeled non-fractured; no fracture present (fails inclusion criterion 3).,High,done
Non_fractured/IMG0003085.jpg,Non_fractured,EXCLUDE,N/A,Unclear,No,N/A,Source-labeled non-fractured; no fracture present (fails inclusion criterion 3).,High,done
Non_fractured/IMG0003086.jpg,Non_fractured,EXCLUDE,N/A,Unclear,No,N/A,Source-labeled non-fractured; no fracture present (fails inclusion criterion 3).,High,done
Non_fractured/IMG0003087.jpg,Non_fractured,EXCLUDE,N/A,Unclear,No,N/A,Source-labeled non-fractured; no fracture present (fails inclusion criterion 3).,High,done
Non_fractured/IMG0003088.jpg,Non_fractured,EXCLUDE,N/A,Unclear,No,N/A,Source-labeled non-fractured; no fracture present (fails inclusion criterion 3).,High,done
Non_fractured/IMG0003089.jpg,Non_fractured,EXCLUDE,N/A,Unclear,No,N/A,Source-labeled non-fractured; no fracture present (fails inclusion criterion 3).,High,done
Non_fractured/IMG0003090.jpg,Non_fractured,EXCLUDE,N/A,Unclear,No,N/A,Source-labeled non-fractured; no fracture present (fails inclusion criterion 3).,High,done
Non_fractured/IMG0003091.jpg,Non_fractured,EXCLUDE,N/A,Unclear,No,N/A,Source-labeled non-fractured; no fracture present (fails inclusion criterion 3).,High,done
Non_fractured/IMG0003092.jpg,Non_fractured,EXCLUDE,N/A,Unclear,No,N/A,Source-labeled non-fractured; no fracture present (fails inclusion criterion 3).,High,done
Non_fractured/IMG0003095.jpg,Non_fractured,EXCLUDE,N/A,Unclear,No,N/A,Source-labeled non-fractured; no fracture present (fails inclusion criterion 3).,High,done
Non_fractured/IMG0003096.jpg,Non_fractured,EXCLUDE,N/A,Unclear,No,N/A,Source-labeled non-fractured; no fracture present (fails inclusion criterion 3).,High,done
Non_fractured/IMG0003097.jpg,Non_fractured,EXCLUDE,N/A,Unclear,No,N/A,Source-labeled non-fractured; no fracture present (fails inclusion criterion 3).,High,done
Non_fractured/IMG0003098.jpg,Non_fractured,EXCLUDE,N/A,Unclear,No,N/A,Source-labeled non-fractured; no fracture present (fails inclusion criterion 3).,High,done
Non_fractured/IMG0003099.jpg,Non_fractured,EXCLUDE,N/A,Unclear,No,N/A,Source-labeled non-fractured; no fracture present (fails inclusion criterion 3).,High,done
Non_fractured/IMG0003100.jpg,Non_fractured,EXCLUDE,N/A,Unclear,No,N/A,Source-labeled non-fractured; no fracture present (fails inclusion criterion 3).,High,done
Non_fractured/IMG0003103.jpg,Non_fractured,EXCLUDE,N/A,Unclear,No,N/A,Source-labeled non-fractured; no fracture present (fails inclusion criterion 3).,High,done
Non_fractured/IMG0003104.jpg,Non_fractured,EXCLUDE,N/A,Unclear,No,N/A,Source-labeled non-fractured; no fracture present (fails inclusion criterion 3).,High,done
Non_fractured/IMG0003105.jpg,Non_fractured,EXCLUDE,N/A,Unclear,No,N/A,Source-labeled non-fractured; no fracture present (fails inclusion criterion 3).,High,done
Non_fractured/IMG0003106.jpg,Non_fractured,EXCLUDE,N/A,Unclear,No,N/A,Source-labeled non-fractured; no fracture present (fails inclusion criterion 3).,High,done
Non_fractured/IMG0003107.jpg,Non_fractured,EXCLUDE,N/A,Unclear,No,N/A,Source-labeled non-fractured; no fracture present (fails inclusion criterion 3).,High,done
Non_fractured/IMG0003108.jpg,Non_fractured,EXCLUDE,N/A,Unclear,No,N/A,Source-labeled non-fractured; no fracture present (fails inclusion criterion 3).,High,done
Non_fractured/IMG0003109.jpg,Non_fractured,EXCLUDE,N/A,Unclear,No,N/A,Source-labeled non-fractured; no fracture present (fails inclusion criterion 3).,High,done
Non_fractured/IMG0003110.jpg,Non_fractured,EXCLUDE,N/A,Unclear,No,N/A,Source-labeled non-fractured; no fracture present (fails inclusion criterion 3).,High,done
Non_fractured/IMG0003113.jpg,Non_fractured,EXCLUDE,N/A,Unclear,No,N/A,Source-labeled non-fractured; no fracture present (fails inclusion criterion 3).,High,done
Non_fractured/IMG0003114.jpg,Non_fractured,EXCLUDE,N/A,Unclear,No,N/A,Source-labeled non-fractured; no fracture present (fails inclusion criterion 3).,High,done
Non_fractured/IMG0003115.jpg,Non_fractured,EXCLUDE,N/A,Unclear,No,N/A,Source-labeled non-fractured; no fracture present (fails inclusion criterion 3).,High,done
Non_fractured/IMG0003116.jpg,Non_fractured,EXCLUDE,N/A,Unclear,No,N/A,Source-labeled non-fractured; no fracture present (fails inclusion criterion 3).,High,done
Non_fractured/IMG0003117.jpg,Non_fractured,EXCLUDE,N/A,Unclear,No,N/A,Source-labeled non-fractured; no fracture present (fails inclusion criterion 3).,High,done
Non_fractured/IMG0003118.jpg,Non_fractured,EXCLUDE,N/A,Unclear,No,N/A,Source-labeled non-fractured; no fracture present (fails inclusion criterion 3).,High,done
Non_fractured/IMG0003119.jpg,Non_fractured,EXCLUDE,N/A,Unclear,No,N/A,Source-labeled non-fractured; no fracture present (fails inclusion criterion 3).,High,done
Non_fractured/IMG0003120.jpg,Non_fractured,EXCLUDE,N/A,Unclear,No,N/A,Source-labeled non-fractured; no fracture present (fails inclusion criterion 3).,High,done
Non_fractured/IMG0003122.jpg,Non_fractured,EXCLUDE,N/A,Unclear,No,N/A,Source-labeled non-fractured; no fracture present (fails inclusion criterion 3).,High,done
Non_fractured/IMG0003123.jpg,Non_fractured,EXCLUDE,N/A,Unclear,No,N/A,Source-labeled non-fractured; no fracture present (fails inclusion criterion 3).,High,done
Non_fractured/IMG0003124.jpg,Non_fractured,EXCLUDE,N/A,Unclear,No,N/A,Source-labeled non-fractured; no fracture present (fails inclusion criterion 3).,High,done
Non_fractured/IMG0003125.jpg,Non_fractured,EXCLUDE,N/A,Unclear,No,N/A,Source-labeled non-fractured; no fracture present (fails inclusion criterion 3).,High,done
Non_fractured/IMG0003126.jpg,Non_fractured,EXCLUDE,N/A,Unclear,No,N/A,Source-labeled non-fractured; no fracture present (fails inclusion criterion 3).,High,done
Non_fractured/IMG0003127.jpg,Non_fractured,EXCLUDE,N/A,Unclear,No,N/A,Source-labeled non-fractured; no fracture present (fails inclusion criterion 3).,High,done
Non_fractured/IMG0003128.jpg,Non_fractured,EXCLUDE,N/A,Unclear,No,N/A,Source-labeled non-fractured; no fracture present (fails inclusion criterion 3).,High,done
Non_fractured/IMG0003129.jpg,Non_fractured,EXCLUDE,N/A,Unclear,No,N/A,Source-labeled non-fractured; no fracture present (fails inclusion criterion 3).,High,done
Non_fractured/IMG0003133.jpg,Non_fractured,EXCLUDE,N/A,Unclear,No,N/A,Source-labeled non-fractured; no fracture present (fails inclusion criterion 3).,High,done
Non_fractured/IMG0003134.jpg,Non_fractured,EXCLUDE,N/A,Unclear,No,N/A,Source-labeled non-fractured; no fracture present (fails inclusion criterion 3).,High,done
Non_fractured/IMG0003135.jpg,Non_fractured,EXCLUDE,N/A,Unclear,No,N/A,Source-labeled non-fractured; no fracture present (fails inclusion criterion 3).,High,done
Non_fractured/IMG0003136.jpg,Non_fractured,EXCLUDE,N/A,Unclear,No,N/A,Source-labeled non-fractured; no fracture present (fails inclusion criterion 3).,High,done
Non_fractured/IMG0003137.jpg,Non_fractured,EXCLUDE,N/A,Unclear,No,N/A,Source-labeled non-fractured; no fracture present (fails inclusion criterion 3).,High,done
Non_fractured/IMG0003138.jpg,Non_fractured,EXCLUDE,N/A,Unclear,No,N/A,Source-labeled non-fractured; no fracture present (fails inclusion criterion 3).,High,done
Non_fractured/IMG0003139.jpg,Non_fractured,EXCLUDE,N/A,Unclear,No,N/A,Source-labeled non-fractured; no fracture present (fails inclusion criterion 3).,High,done
Non_fractured/IMG0003140.jpg,Non_fractured,EXCLUDE,N/A,Unclear,No,N/A,Source-labeled non-fractured; no fracture present (fails inclusion criterion 3).,High,done
Non_fractured/IMG0003141.jpg,Non_fractured,EXCLUDE,N/A,Unclear,No,N/A,Source-labeled non-fractured; no fracture present (fails inclusion criterion 3).,High,done
Non_fractured/IMG0003142.jpg,Non_fractured,EXCLUDE,N/A,Unclear,No,N/A,Source-labeled non-fractured; no fracture present (fails inclusion criterion 3).,High,done
Non_fractured/IMG0003143.jpg,Non_fractured,EXCLUDE,N/A,Unclear,No,N/A,Source-labeled non-fractured; no fracture present (fails inclusion criterion 3).,High,done
Non_fractured/IMG0003144.jpg,Non_fractured,EXCLUDE,N/A,Unclear,No,N/A,Source-labeled non-fractured; no fracture present (fails inclusion criterion 3).,High,done
Non_fractured/IMG0003145.jpg,Non_fractured,EXCLUDE,N/A,Unclear,No,N/A,Source-labeled non-fractured; no fracture present (fails inclusion criterion 3).,High,done
Non_fractured/IMG0003148.jpg,Non_fractured,EXCLUDE,N/A,Unclear,No,N/A,Source-labeled non-fractured; no fracture present (fails inclusion criterion 3).,High,done
Non_fractured/IMG0003149.jpg,Non_fractured,EXCLUDE,N/A,Unclear,No,N/A,Source-labeled non-fractured; no fracture present (fails inclusion criterion 3).,High,done
Non_fractured/IMG0003150.jpg,Non_fractured,EXCLUDE,N/A,Unclear,No,N/A,Source-labeled non-fractured; no fracture present (fails inclusion criterion 3).,High,done
Non_fractured/IMG0003151.jpg,Non_fractured,EXCLUDE,N/A,Unclear,No,N/A,Source-labeled non-fractured; no fracture present (fails inclusion criterion 3).,High,done
Non_fractured/IMG0003152.jpg,Non_fractured,EXCLUDE,N/A,Unclear,No,N/A,Source-labeled non-fractured; no fracture present (fails inclusion criterion 3).,High,done
Non_fractured/IMG0003153.jpg,Non_fractured,EXCLUDE,N/A,Unclear,No,N/A,Source-labeled non-fractured; no fracture present (fails inclusion criterion 3).,High,done
Non_fractured/IMG0003154.jpg,Non_fractured,EXCLUDE,N/A,Unclear,No,N/A,Source-labeled non-fractured; no fracture present (fails inclusion criterion 3).,High,done
Non_fractured/IMG0003155.jpg,Non_fractured,EXCLUDE,N/A,Unclear,No,N/A,Source-labeled non-fractured; no fracture present (fails inclusion criterion 3).,High,done
Non_fractured/IMG0003156.jpg,Non_fractured,EXCLUDE,N/A,Unclear,No,N/A,Source-labeled non-fractured; no fracture present (fails inclusion criterion 3).,High,done
Non_fractured/IMG0003158.jpg,Non_fractured,EXCLUDE,N/A,Unclear,No,N/A,Source-labeled non-fractured; no fracture present (fails inclusion criterion 3).,High,done
Non_fractured/IMG0003159.jpg,Non_fractured,EXCLUDE,N/A,Unclear,No,N/A,Source-labeled non-fractured; no fracture present (fails inclusion criterion 3).,High,done
Non_fractured/IMG0003160.jpg,Non_fractured,EXCLUDE,N/A,Unclear,No,N/A,Source-labeled non-fractured; no fracture present (fails inclusion criterion 3).,High,done
Non_fractured/IMG0003161.jpg,Non_fractured,EXCLUDE,N/A,Unclear,No,N/A,Source-labeled non-fractured; no fracture present (fails inclusion criterion 3).,High,done
Non_fractured/IMG0003162.jpg,Non_fractured,EXCLUDE,N/A,Unclear,No,N/A,Source-labeled non-fractured; no fracture present (fails inclusion criterion 3).,High,done
Non_fractured/IMG0003163.jpg,Non_fractured,EXCLUDE,N/A,Unclear,No,N/A,Source-labeled non-fractured; no fracture present (fails inclusion criterion 3).,High,done
Non_fractured/IMG0003166.jpg,Non_fractured,EXCLUDE,N/A,Unclear,No,N/A,Source-labeled non-fractured; no fracture present (fails inclusion criterion 3).,High,done
Non_fractured/IMG0003167.jpg,Non_fractured,EXCLUDE,N/A,Unclear,No,N/A,Source-labeled non-fractured; no fracture present (fails inclusion criterion 3).,High,done
Non_fractured/IMG0003168.jpg,Non_fractured,EXCLUDE,N/A,Unclear,No,N/A,Source-labeled non-fractured; no fracture present (fails inclusion criterion 3).,High,done
Non_fractured/IMG0003169.jpg,Non_fractured,EXCLUDE,N/A,Unclear,No,N/A,Source-labeled non-fractured; no fracture present (fails inclusion criterion 3).,High,done
Non_fractured/IMG0003170.jpg,Non_fractured,EXCLUDE,N/A,Unclear,No,N/A,Source-labeled non-fractured; no fracture present (fails inclusion criterion 3).,High,done
Non_fractured/IMG0003173.jpg,Non_fractured,EXCLUDE,N/A,Unclear,No,N/A,Source-labeled non-fractured; no fracture present (fails inclusion criterion 3).,High,done
Non_fractured/IMG0003174.jpg,Non_fractured,EXCLUDE,N/A,Unclear,No,N/A,Source-labeled non-fractured; no fracture present (fails inclusion criterion 3).,High,done
Non_fractured/IMG0003175.jpg,Non_fractured,EXCLUDE,N/A,Unclear,No,N/A,Source-labeled non-fractured; no fracture present (fails inclusion criterion 3).,High,done
Non_fractured/IMG0003176.jpg,Non_fractured,EXCLUDE,N/A,Unclear,No,N/A,Source-labeled non-fractured; no fracture present (fails inclusion criterion 3).,High,done
Non_fractured/IMG0003177.jpg,Non_fractured,EXCLUDE,N/A,Unclear,No,N/A,Source-labeled non-fractured; no fracture present (fails inclusion criterion 3).,High,done
Non_fractured/IMG0003178.jpg,Non_fractured,EXCLUDE,N/A,Unclear,No,N/A,Source-labeled non-fractured; no fracture present (fails inclusion criterion 3).,High,done
Non_fractured/IMG0003179.jpg,Non_fractured,EXCLUDE,N/A,Unclear,No,N/A,Source-labeled non-fractured; no fracture present (fails inclusion criterion 3).,High,done
Non_fractured/IMG0003180.jpg,Non_fractured,EXCLUDE,N/A,Unclear,No,N/A,Source-labeled non-fractured; no fracture present (fails inclusion criterion 3).,High,done
Non_fractured/IMG0003181.jpg,Non_fractured,EXCLUDE,N/A,Unclear,No,N/A,Source-labeled non-fractured; no fracture present (fails inclusion criterion 3).,High,done
Non_fractured/IMG0003185.jpg,Non_fractured,EXCLUDE,N/A,Unclear,No,N/A,Source-labeled non-fractured; no fracture present (fails inclusion criterion 3).,High,done
Non_fractured/IMG0003186.jpg,Non_fractured,EXCLUDE,N/A,Unclear,No,N/A,Source-labeled non-fractured; no fracture present (fails inclusion criterion 3).,High,done
Non_fractured/IMG0003187.jpg,Non_fractured,EXCLUDE,N/A,Unclear,No,N/A,Source-labeled non-fractured; no fracture present (fails inclusion criterion 3).,High,done
Non_fractured/IMG0003188.jpg,Non_fractured,EXCLUDE,N/A,Unclear,No,N/A,Source-labeled non-fractured; no fracture present (fails inclusion criterion 3).,High,done
Non_fractured/IMG0003189.jpg,Non_fractured,EXCLUDE,N/A,Unclear,No,N/A,Source-labeled non-fractured; no fracture present (fails inclusion criterion 3).,High,done
Non_fractured/IMG0003190.jpg,Non_fractured,EXCLUDE,N/A,Unclear,No,N/A,Source-labeled non-fractured; no fracture present (fails inclusion criterion 3).,High,done
Non_fractured/IMG0003191.jpg,Non_fractured,EXCLUDE,N/A,Unclear,No,N/A,Source-labeled non-fractured; no fracture present (fails inclusion criterion 3).,High,done
Non_fractured/IMG0003192.jpg,Non_fractured,EXCLUDE,N/A,Unclear,No,N/A,Source-labeled non-fractured; no fracture present (fails inclusion criterion 3).,High,done
Non_fractured/IMG0003193.jpg,Non_fractured,EXCLUDE,N/A,Unclear,No,N/A,Source-labeled non-fractured; no fracture present (fails inclusion criterion 3).,High,done
Non_fractured/IMG0003194.jpg,Non_fractured,EXCLUDE,N/A,Unclear,No,N/A,Source-labeled non-fractured; no fracture present (fails inclusion criterion 3).,High,done
Non_fractured/IMG0003195.jpg,Non_fractured,EXCLUDE,N/A,Unclear,No,N/A,Source-labeled non-fractured; no fracture present (fails inclusion criterion 3).,High,done
Non_fractured/IMG0003196.jpg,Non_fractured,EXCLUDE,N/A,Unclear,No,N/A,Source-labeled non-fractured; no fracture present (fails inclusion criterion 3).,High,done
Non_fractured/IMG0003197.jpg,Non_fractured,EXCLUDE,N/A,Unclear,No,N/A,Source-labeled non-fractured; no fracture present (fails inclusion criterion 3).,High,done
Non_fractured/IMG0003198.jpg,Non_fractured,EXCLUDE,N/A,Unclear,No,N/A,Source-labeled non-fractured; no fracture present (fails inclusion criterion 3).,High,done
Non_fractured/IMG0003202.jpg,Non_fractured,EXCLUDE,N/A,Unclear,No,N/A,Source-labeled non-fractured; no fracture present (fails inclusion criterion 3).,High,done
Non_fractured/IMG0003203.jpg,Non_fractured,EXCLUDE,N/A,Unclear,No,N/A,Source-labeled non-fractured; no fracture present (fails inclusion criterion 3).,High,done
Non_fractured/IMG0003204.jpg,Non_fractured,EXCLUDE,N/A,Unclear,No,N/A,Source-labeled non-fractured; no fracture present (fails inclusion criterion 3).,High,done
Non_fractured/IMG0003205.jpg,Non_fractured,EXCLUDE,N/A,Unclear,No,N/A,Source-labeled non-fractured; no fracture present (fails inclusion criterion 3).,High,done
Non_fractured/IMG0003206.jpg,Non_fractured,EXCLUDE,N/A,Unclear,No,N/A,Source-labeled non-fractured; no fracture present (fails inclusion criterion 3).,High,done
Non_fractured/IMG0003207.jpg,Non_fractured,EXCLUDE,N/A,Unclear,No,N/A,Source-labeled non-fractured; no fracture present (fails inclusion criterion 3).,High,done
Non_fractured/IMG0003208.jpg,Non_fractured,EXCLUDE,N/A,Unclear,No,N/A,Source-labeled non-fractured; no fracture present (fails inclusion criterion 3).,High,done
Non_fractured/IMG0003209.jpg,Non_fractured,EXCLUDE,N/A,Unclear,No,N/A,Source-labeled non-fractured; no fracture present (fails inclusion criterion 3).,High,done
Non_fractured/IMG0003210.jpg,Non_fractured,EXCLUDE,N/A,Unclear,No,N/A,Source-labeled non-fractured; no fracture present (fails inclusion criterion 3).,High,done
Non_fractured/IMG0003211.jpg,Non_fractured,EXCLUDE,N/A,Unclear,No,N/A,Source-labeled non-fractured; no fracture present (fails inclusion criterion 3).,High,done
Non_fractured/IMG0003212.jpg,Non_fractured,EXCLUDE,N/A,Unclear,No,N/A,Source-labeled non-fractured; no fracture present (fails inclusion criterion 3).,High,done
Non_fractured/IMG0003215.jpg,Non_fractured,EXCLUDE,N/A,Unclear,No,N/A,Source-labeled non-fractured; no fracture present (fails inclusion criterion 3).,High,done
Non_fractured/IMG0003216.jpg,Non_fractured,EXCLUDE,N/A,Unclear,No,N/A,Source-labeled non-fractured; no fracture present (fails inclusion criterion 3).,High,done
Non_fractured/IMG0003221.jpg,Non_fractured,EXCLUDE,N/A,Unclear,No,N/A,Source-labeled non-fractured; no fracture present (fails inclusion criterion 3).,High,done
Non_fractured/IMG0003222.jpg,Non_fractured,EXCLUDE,N/A,Unclear,No,N/A,Source-labeled non-fractured; no fracture present (fails inclusion criterion 3).,High,done
Non_fractured/IMG0003223.jpg,Non_fractured,EXCLUDE,N/A,Unclear,No,N/A,Source-labeled non-fractured; no fracture present (fails inclusion criterion 3).,High,done
Non_fractured/IMG0003224.jpg,Non_fractured,EXCLUDE,N/A,Unclear,No,N/A,Source-labeled non-fractured; no fracture present (fails inclusion criterion 3).,High,done
Non_fractured/IMG0003225.jpg,Non_fractured,EXCLUDE,N/A,Unclear,No,N/A,Source-labeled non-fractured; no fracture present (fails inclusion criterion 3).,High,done
Non_fractured/IMG0003226.jpg,Non_fractured,EXCLUDE,N/A,Unclear,No,N/A,Source-labeled non-fractured; no fracture present (fails inclusion criterion 3).,High,done
Non_fractured/IMG0003227.jpg,Non_fractured,EXCLUDE,N/A,Unclear,No,N/A,Source-labeled non-fractured; no fracture present (fails inclusion criterion 3).,High,done
Non_fractured/IMG0003228.jpg,Non_fractured,EXCLUDE,N/A,Unclear,No,N/A,Source-labeled non-fractured; no fracture present (fails inclusion criterion 3).,High,done
Non_fractured/IMG0003229.jpg,Non_fractured,EXCLUDE,N/A,Unclear,No,N/A,Source-labeled non-fractured; no fracture present (fails inclusion criterion 3).,High,done
Non_fractured/IMG0003230.jpg,Non_fractured,EXCLUDE,N/A,Unclear,No,N/A,Source-labeled non-fractured; no fracture present (fails inclusion criterion 3).,High,done
Non_fractured/IMG0003231.jpg,Non_fractured,EXCLUDE,N/A,Unclear,No,N/A,Source-labeled non-fractured; no fracture present (fails inclusion criterion 3).,High,done
Non_fractured/IMG0003232.jpg,Non_fractured,EXCLUDE,N/A,Unclear,No,N/A,Source-labeled non-fractured; no fracture present (fails inclusion criterion 3).,High,done
Non_fractured/IMG0003235.jpg,Non_fractured,EXCLUDE,N/A,Unclear,No,N/A,Source-labeled non-fractured; no fracture present (fails inclusion criterion 3).,High,done
Non_fractured/IMG0003236.jpg,Non_fractured,EXCLUDE,N/A,Unclear,No,N/A,Source-labeled non-fractured; no fracture present (fails inclusion criterion 3).,High,done
Non_fractured/IMG0003237.jpg,Non_fractured,EXCLUDE,N/A,Unclear,No,N/A,Source-labeled non-fractured; no fracture present (fails inclusion criterion 3).,High,done
Non_fractured/IMG0003238.jpg,Non_fractured,EXCLUDE,N/A,Unclear,No,N/A,Source-labeled non-fractured; no fracture present (fails inclusion criterion 3).,High,done
Non_fractured/IMG0003239.jpg,Non_fractured,EXCLUDE,N/A,Unclear,No,N/A,Source-labeled non-fractured; no fracture present (fails inclusion criterion 3).,High,done
Non_fractured/IMG0003240.jpg,Non_fractured,EXCLUDE,N/A,Unclear,No,N/A,Source-labeled non-fractured; no fracture present (fails inclusion criterion 3).,High,done
Non_fractured/IMG0003241.jpg,Non_fractured,EXCLUDE,N/A,Unclear,No,N/A,Source-labeled non-fractured; no fracture present (fails inclusion criterion 3).,High,done
Non_fractured/IMG0003242.jpg,Non_fractured,EXCLUDE,N/A,Unclear,No,N/A,Source-labeled non-fractured; no fracture present (fails inclusion criterion 3).,High,done
Non_fractured/IMG0003243.jpg,Non_fractured,EXCLUDE,N/A,Unclear,No,N/A,Source-labeled non-fractured; no fracture present (fails inclusion criterion 3).,High,done
Non_fractured/IMG0003244.jpg,Non_fractured,EXCLUDE,N/A,Unclear,No,N/A,Source-labeled non-fractured; no fracture present (fails inclusion criterion 3).,High,done
Non_fractured/IMG0003245.jpg,Non_fractured,EXCLUDE,N/A,Unclear,No,N/A,Source-labeled non-fractured; no fracture present (fails inclusion criterion 3).,High,done
Non_fractured/IMG0003246.jpg,Non_fractured,EXCLUDE,N/A,Unclear,No,N/A,Source-labeled non-fractured; no fracture present (fails inclusion criterion 3).,High,done
Non_fractured/IMG0003247.jpg,Non_fractured,EXCLUDE,N/A,Unclear,No,N/A,Source-labeled non-fractured; no fracture present (fails inclusion criterion 3).,High,done
Non_fractured/IMG0003248.jpg,Non_fractured,EXCLUDE,N/A,Unclear,No,N/A,Source-labeled non-fractured; no fracture present (fails inclusion criterion 3).,High,done
Non_fractured/IMG0003249.jpg,Non_fractured,EXCLUDE,N/A,Unclear,No,N/A,Source-labeled non-fractured; no fracture present (fails inclusion criterion 3).,High,done
Non_fractured/IMG0003250.jpg,Non_fractured,EXCLUDE,N/A,Unclear,No,N/A,Source-labeled non-fractured; no fracture present (fails inclusion criterion 3).,High,done
Non_fractured/IMG0003251.jpg,Non_fractured,EXCLUDE,N/A,Unclear,No,N/A,Source-labeled non-fractured; no fracture present (fails inclusion criterion 3).,High,done
Non_fractured/IMG0003252.jpg,Non_fractured,EXCLUDE,N/A,Unclear,No,N/A,Source-labeled non-fractured; no fracture present (fails inclusion criterion 3).,High,done
Non_fractured/IMG0003253.jpg,Non_fractured,EXCLUDE,N/A,Unclear,No,N/A,Source-labeled non-fractured; no fracture present (fails inclusion criterion 3).,High,done
Non_fractured/IMG0003256.jpg,Non_fractured,EXCLUDE,N/A,Unclear,No,N/A,Source-labeled non-fractured; no fracture present (fails inclusion criterion 3).,High,done
Non_fractured/IMG0003257.jpg,Non_fractured,EXCLUDE,N/A,Unclear,No,N/A,Source-labeled non-fractured; no fracture present (fails inclusion criterion 3).,High,done
Non_fractured/IMG0003258.jpg,Non_fractured,EXCLUDE,N/A,Unclear,No,N/A,Source-labeled non-fractured; no fracture present (fails inclusion criterion 3).,High,done
Non_fractured/IMG0003259.jpg,Non_fractured,EXCLUDE,N/A,Unclear,No,N/A,Source-labeled non-fractured; no fracture present (fails inclusion criterion 3).,High,done
Non_fractured/IMG0003260.jpg,Non_fractured,EXCLUDE,N/A,Unclear,No,N/A,Source-labeled non-fractured; no fracture present (fails inclusion criterion 3).,High,done
Non_fractured/IMG0003261.jpg,Non_fractured,EXCLUDE,N/A,Unclear,No,N/A,Source-labeled non-fractured; no fracture present (fails inclusion criterion 3).,High,done
Non_fractured/IMG0003262.jpg,Non_fractured,EXCLUDE,N/A,Unclear,No,N/A,Source-labeled non-fractured; no fracture present (fails inclusion criterion 3).,High,done
Non_fractured/IMG0003263.jpg,Non_fractured,EXCLUDE,N/A,Unclear,No,N/A,Source-labeled non-fractured; no fracture present (fails inclusion criterion 3).,High,done
Non_fractured/IMG0003268.jpg,Non_fractured,EXCLUDE,N/A,Unclear,No,N/A,Source-labeled non-fractured; no fracture present (fails inclusion criterion 3).,High,done
Non_fractured/IMG0003269.jpg,Non_fractured,EXCLUDE,N/A,Unclear,No,N/A,Source-labeled non-fractured; no fracture present (fails inclusion criterion 3).,High,done
Non_fractured/IMG0003270.jpg,Non_fractured,EXCLUDE,N/A,Unclear,No,N/A,Source-labeled non-fractured; no fracture present (fails inclusion criterion 3).,High,done
Non_fractured/IMG0003271.jpg,Non_fractured,EXCLUDE,N/A,Unclear,No,N/A,Source-labeled non-fractured; no fracture present (fails inclusion criterion 3).,High,done
Non_fractured/IMG0003272.jpg,Non_fractured,EXCLUDE,N/A,Unclear,No,N/A,Source-labeled non-fractured; no fracture present (fails inclusion criterion 3).,High,done
Non_fractured/IMG0003273.jpg,Non_fractured,EXCLUDE,N/A,Unclear,No,N/A,Source-labeled non-fractured; no fracture present (fails inclusion criterion 3).,High,done
Non_fractured/IMG0003274.jpg,Non_fractured,EXCLUDE,N/A,Unclear,No,N/A,Source-labeled non-fractured; no fracture present (fails inclusion criterion 3).,High,done
Non_fractured/IMG0003275.jpg,Non_fractured,EXCLUDE,N/A,Unclear,No,N/A,Source-labeled non-fractured; no fracture present (fails inclusion criterion 3).,High,done
Non_fractured/IMG0003276.jpg,Non_fractured,EXCLUDE,N/A,Unclear,No,N/A,Source-labeled non-fractured; no fracture present (fails inclusion criterion 3).,High,done
Non_fractured/IMG0003277.jpg,Non_fractured,EXCLUDE,N/A,Unclear,No,N/A,Source-labeled non-fractured; no fracture present (fails inclusion criterion 3).,High,done
Non_fractured/IMG0003278.jpg,Non_fractured,EXCLUDE,N/A,Unclear,No,N/A,Source-labeled non-fractured; no fracture present (fails inclusion criterion 3).,High,done
Non_fractured/IMG0003281.jpg,Non_fractured,EXCLUDE,N/A,Unclear,No,N/A,Source-labeled non-fractured; no fracture present (fails inclusion criterion 3).,High,done
Non_fractured/IMG0003282.jpg,Non_fractured,EXCLUDE,N/A,Unclear,No,N/A,Source-labeled non-fractured; no fracture present (fails inclusion criterion 3).,High,done
Non_fractured/IMG0003283.jpg,Non_fractured,EXCLUDE,N/A,Unclear,No,N/A,Source-labeled non-fractured; no fracture present (fails inclusion criterion 3).,High,done
Non_fractured/IMG0003284.jpg,Non_fractured,EXCLUDE,N/A,Unclear,No,N/A,Source-labeled non-fractured; no fracture present (fails inclusion criterion 3).,High,done
Non_fractured/IMG0003285.jpg,Non_fractured,EXCLUDE,N/A,Unclear,No,N/A,Source-labeled non-fractured; no fracture present (fails inclusion criterion 3).,High,done
Non_fractured/IMG0003286.jpg,Non_fractured,EXCLUDE,N/A,Unclear,No,N/A,Source-labeled non-fractured; no fracture present (fails inclusion criterion 3).,High,done
Non_fractured/IMG0003289.jpg,Non_fractured,EXCLUDE,N/A,Unclear,No,N/A,Source-labeled non-fractured; no fracture present (fails inclusion criterion 3).,High,done
Non_fractured/IMG0003290.jpg,Non_fractured,EXCLUDE,N/A,Unclear,No,N/A,Source-labeled non-fractured; no fracture present (fails inclusion criterion 3).,High,done
Non_fractured/IMG0003292.jpg,Non_fractured,EXCLUDE,N/A,Unclear,No,N/A,Source-labeled non-fractured; no fracture present (fails inclusion criterion 3).,High,done
Non_fractured/IMG0003295.jpg,Non_fractured,EXCLUDE,N/A,Unclear,No,N/A,Source-labeled non-fractured; no fracture present (fails inclusion criterion 3).,High,done
Non_fractured/IMG0003296.jpg,Non_fractured,EXCLUDE,N/A,Unclear,No,N/A,Source-labeled non-fractured; no fracture present (fails inclusion criterion 3).,High,done
Non_fractured/IMG0003299.jpg,Non_fractured,EXCLUDE,N/A,Unclear,No,N/A,Source-labeled non-fractured; no fracture present (fails inclusion criterion 3).,High,done
Non_fractured/IMG0003300.jpg,Non_fractured,EXCLUDE,N/A,Unclear,No,N/A,Source-labeled non-fractured; no fracture present (fails inclusion criterion 3).,High,done
Non_fractured/IMG0003302.jpg,Non_fractured,EXCLUDE,N/A,Unclear,No,N/A,Source-labeled non-fractured; no fracture present (fails inclusion criterion 3).,High,done
Non_fractured/IMG0003303.jpg,Non_fractured,EXCLUDE,N/A,Unclear,No,N/A,Source-labeled non-fractured; no fracture present (fails inclusion criterion 3).,High,done
Non_fractured/IMG0003304.jpg,Non_fractured,EXCLUDE,N/A,Unclear,No,N/A,Source-labeled non-fractured; no fracture present (fails inclusion criterion 3).,High,done
Non_fractured/IMG0003305.jpg,Non_fractured,EXCLUDE,N/A,Unclear,No,N/A,Source-labeled non-fractured; no fracture present (fails inclusion criterion 3).,High,done
Non_fractured/IMG0003306.jpg,Non_fractured,EXCLUDE,N/A,Unclear,No,N/A,Source-labeled non-fractured; no fracture present (fails inclusion criterion 3).,High,done
Non_fractured/IMG0003307.jpg,Non_fractured,EXCLUDE,N/A,Unclear,No,N/A,Source-labeled non-fractured; no fracture present (fails inclusion criterion 3).,High,done
Non_fractured/IMG0003314.jpg,Non_fractured,EXCLUDE,N/A,Unclear,No,N/A,Source-labeled non-fractured; no fracture present (fails inclusion criterion 3).,High,done
Non_fractured/IMG0003315.jpg,Non_fractured,EXCLUDE,N/A,Unclear,No,N/A,Source-labeled non-fractured; no fracture present (fails inclusion criterion 3).,High,done
Non_fractured/IMG0003316.jpg,Non_fractured,EXCLUDE,N/A,Unclear,No,N/A,Source-labeled non-fractured; no fracture present (fails inclusion criterion 3).,High,done
Non_fractured/IMG0003317.jpg,Non_fractured,EXCLUDE,N/A,Unclear,No,N/A,Source-labeled non-fractured; no fracture present (fails inclusion criterion 3).,High,done
Non_fractured/IMG0003318.jpg,Non_fractured,EXCLUDE,N/A,Unclear,No,N/A,Source-labeled non-fractured; no fracture present (fails inclusion criterion 3).,High,done
Non_fractured/IMG0003319.jpg,Non_fractured,EXCLUDE,N/A,Unclear,No,N/A,Source-labeled non-fractured; no fracture present (fails inclusion criterion 3).,High,done
Non_fractured/IMG0003320.jpg,Non_fractured,EXCLUDE,N/A,Unclear,No,N/A,Source-labeled non-fractured; no fracture present (fails inclusion criterion 3).,High,done
Non_fractured/IMG0003321.jpg,Non_fractured,EXCLUDE,N/A,Unclear,No,N/A,Source-labeled non-fractured; no fracture present (fails inclusion criterion 3).,High,done
Non_fractured/IMG0003322.jpg,Non_fractured,EXCLUDE,N/A,Unclear,No,N/A,Source-labeled non-fractured; no fracture present (fails inclusion criterion 3).,High,done
Non_fractured/IMG0003323.jpg,Non_fractured,EXCLUDE,N/A,Unclear,No,N/A,Source-labeled non-fractured; no fracture present (fails inclusion criterion 3).,High,done
Non_fractured/IMG0003324.jpg,Non_fractured,EXCLUDE,N/A,Unclear,No,N/A,Source-labeled non-fractured; no fracture present (fails inclusion criterion 3).,High,done
Non_fractured/IMG0003325.jpg,Non_fractured,EXCLUDE,N/A,Unclear,No,N/A,Source-labeled non-fractured; no fracture present (fails inclusion criterion 3).,High,done
Non_fractured/IMG0003326.jpg,Non_fractured,EXCLUDE,N/A,Unclear,No,N/A,Source-labeled non-fractured; no fracture present (fails inclusion criterion 3).,High,done
Non_fractured/IMG0003327.jpg,Non_fractured,EXCLUDE,N/A,Unclear,No,N/A,Source-labeled non-fractured; no fracture present (fails inclusion criterion 3).,High,done
Non_fractured/IMG0003328.jpg,Non_fractured,EXCLUDE,N/A,Unclear,No,N/A,Source-labeled non-fractured; no fracture present (fails inclusion criterion 3).,High,done
Non_fractured/IMG0003329.jpg,Non_fractured,EXCLUDE,N/A,Unclear,No,N/A,Source-labeled non-fractured; no fracture present (fails inclusion criterion 3).,High,done
Non_fractured/IMG0003330.jpg,Non_fractured,EXCLUDE,N/A,Unclear,No,N/A,Source-labeled non-fractured; no fracture present (fails inclusion criterion 3).,High,done
Non_fractured/IMG0003333.jpg,Non_fractured,EXCLUDE,N/A,Unclear,No,N/A,Source-labeled non-fractured; no fracture present (fails inclusion criterion 3).,High,done
Non_fractured/IMG0003334.jpg,Non_fractured,EXCLUDE,N/A,Unclear,No,N/A,Source-labeled non-fractured; no fracture present (fails inclusion criterion 3).,High,done
Non_fractured/IMG0003335.jpg,Non_fractured,EXCLUDE,N/A,Unclear,No,N/A,Source-labeled non-fractured; no fracture present (fails inclusion criterion 3).,High,done
Non_fractured/IMG0003336.jpg,Non_fractured,EXCLUDE,N/A,Unclear,No,N/A,Source-labeled non-fractured; no fracture present (fails inclusion criterion 3).,High,done
Non_fractured/IMG0003337.jpg,Non_fractured,EXCLUDE,N/A,Unclear,No,N/A,Source-labeled non-fractured; no fracture present (fails inclusion criterion 3).,High,done
Non_fractured/IMG0003340.jpg,Non_fractured,EXCLUDE,N/A,Unclear,No,N/A,Source-labeled non-fractured; no fracture present (fails inclusion criterion 3).,High,done
Non_fractured/IMG0003343.jpg,Non_fractured,EXCLUDE,N/A,Unclear,No,N/A,Source-labeled non-fractured; no fracture present (fails inclusion criterion 3).,High,done
Non_fractured/IMG0003344.jpg,Non_fractured,EXCLUDE,N/A,Unclear,No,N/A,Source-labeled non-fractured; no fracture present (fails inclusion criterion 3).,High,done
Non_fractured/IMG0003345.jpg,Non_fractured,EXCLUDE,N/A,Unclear,No,N/A,Source-labeled non-fractured; no fracture present (fails inclusion criterion 3).,High,done
Non_fractured/IMG0003346.jpg,Non_fractured,EXCLUDE,N/A,Unclear,No,N/A,Source-labeled non-fractured; no fracture present (fails inclusion criterion 3).,High,done
Non_fractured/IMG0003347.jpg,Non_fractured,EXCLUDE,N/A,Unclear,No,N/A,Source-labeled non-fractured; no fracture present (fails inclusion criterion 3).,High,done
Non_fractured/IMG0003348.jpg,Non_fractured,EXCLUDE,N/A,Unclear,No,N/A,Source-labeled non-fractured; no fracture present (fails inclusion criterion 3).,High,done
Non_fractured/IMG0003349.jpg,Non_fractured,EXCLUDE,N/A,Unclear,No,N/A,Source-labeled non-fractured; no fracture present (fails inclusion criterion 3).,High,done
Non_fractured/IMG0003350.jpg,Non_fractured,EXCLUDE,N/A,Unclear,No,N/A,Source-labeled non-fractured; no fracture present (fails inclusion criterion 3).,High,done
Non_fractured/IMG0003351.jpg,Non_fractured,EXCLUDE,N/A,Unclear,No,N/A,Source-labeled non-fractured; no fracture present (fails inclusion criterion 3).,High,done
Non_fractured/IMG0003352.jpg,Non_fractured,EXCLUDE,N/A,Unclear,No,N/A,Source-labeled non-fractured; no fracture present (fails inclusion criterion 3).,High,done
Non_fractured/IMG0003353.jpg,Non_fractured,EXCLUDE,N/A,Unclear,No,N/A,Source-labeled non-fractured; no fracture present (fails inclusion criterion 3).,High,done
Non_fractured/IMG0003354.jpg,Non_fractured,EXCLUDE,N/A,Unclear,No,N/A,Source-labeled non-fractured; no fracture present (fails inclusion criterion 3).,High,done
Non_fractured/IMG0003355.jpg,Non_fractured,EXCLUDE,N/A,Unclear,No,N/A,Source-labeled non-fractured; no fracture present (fails inclusion criterion 3).,High,done
Non_fractured/IMG0003356.jpg,Non_fractured,EXCLUDE,N/A,Unclear,No,N/A,Source-labeled non-fractured; no fracture present (fails inclusion criterion 3).,High,done
Non_fractured/IMG0003357.jpg,Non_fractured,EXCLUDE,N/A,Unclear,No,N/A,Source-labeled non-fractured; no fracture present (fails inclusion criterion 3).,High,done
Non_fractured/IMG0003358.jpg,Non_fractured,EXCLUDE,N/A,Unclear,No,N/A,Source-labeled non-fractured; no fracture present (fails inclusion criterion 3).,High,done
Non_fractured/IMG0003359.jpg,Non_fractured,EXCLUDE,N/A,Unclear,No,N/A,Source-labeled non-fractured; no fracture present (fails inclusion criterion 3).,High,done
Non_fractured/IMG0003360.jpg,Non_fractured,EXCLUDE,N/A,Unclear,No,N/A,Source-labeled non-fractured; no fracture present (fails inclusion criterion 3).,High,done
Non_fractured/IMG0003361.jpg,Non_fractured,EXCLUDE,N/A,Unclear,No,N/A,Source-labeled non-fractured; no fracture present (fails inclusion criterion 3).,High,done
Non_fractured/IMG0003362.jpg,Non_fractured,EXCLUDE,N/A,Unclear,No,N/A,Source-labeled non-fractured; no fracture present (fails inclusion criterion 3).,High,done
Non_fractured/IMG0003363.jpg,Non_fractured,EXCLUDE,N/A,Unclear,No,N/A,Source-labeled non-fractured; no fracture present (fails inclusion criterion 3).,High,done
Non_fractured/IMG0003364.jpg,Non_fractured,EXCLUDE,N/A,Unclear,No,N/A,Source-labeled non-fractured; no fracture present (fails inclusion criterion 3).,High,done
Non_fractured/IMG0003365.jpg,Non_fractured,EXCLUDE,N/A,Unclear,No,N/A,Source-labeled non-fractured; no fracture present (fails inclusion criterion 3).,High,done
Non_fractured/IMG0003366.jpg,Non_fractured,EXCLUDE,N/A,Unclear,No,N/A,Source-labeled non-fractured; no fracture present (fails inclusion criterion 3).,High,done
Non_fractured/IMG0003367.jpg,Non_fractured,EXCLUDE,N/A,Unclear,No,N/A,Source-labeled non-fractured; no fracture present (fails inclusion criterion 3).,High,done
Non_fractured/IMG0003368.jpg,Non_fractured,EXCLUDE,N/A,Unclear,No,N/A,Source-labeled non-fractured; no fracture present (fails inclusion criterion 3).,High,done
Non_fractured/IMG0003369.jpg,Non_fractured,EXCLUDE,N/A,Unclear,No,N/A,Source-labeled non-fractured; no fracture present (fails inclusion criterion 3).,High,done
Non_fractured/IMG0003370.jpg,Non_fractured,EXCLUDE,N/A,Unclear,No,N/A,Source-labeled non-fractured; no fracture present (fails inclusion criterion 3).,High,done
Non_fractured/IMG0003371.jpg,Non_fractured,EXCLUDE,N/A,Unclear,No,N/A,Source-labeled non-fractured; no fracture present (fails inclusion criterion 3).,High,done
Non_fractured/IMG0003372.jpg,Non_fractured,EXCLUDE,N/A,Unclear,No,N/A,Source-labeled non-fractured; no fracture present (fails inclusion criterion 3).,High,done
Non_fractured/IMG0003375.jpg,Non_fractured,EXCLUDE,N/A,Unclear,No,N/A,Source-labeled non-fractured; no fracture present (fails inclusion criterion 3).,High,done
Non_fractured/IMG0003376.jpg,Non_fractured,EXCLUDE,N/A,Unclear,No,N/A,Source-labeled non-fractured; no fracture present (fails inclusion criterion 3).,High,done
Non_fractured/IMG0003377.jpg,Non_fractured,EXCLUDE,N/A,Unclear,No,N/A,Source-labeled non-fractured; no fracture present (fails inclusion criterion 3).,High,done
Non_fractured/IMG0003378.jpg,Non_fractured,EXCLUDE,N/A,Unclear,No,N/A,Source-labeled non-fractured; no fracture present (fails inclusion criterion 3).,High,done
Non_fractured/IMG0003379.jpg,Non_fractured,EXCLUDE,N/A,Unclear,No,N/A,Source-labeled non-fractured; no fracture present (fails inclusion criterion 3).,High,done
Non_fractured/IMG0003380.jpg,Non_fractured,EXCLUDE,N/A,Unclear,No,N/A,Source-labeled non-fractured; no fracture present (fails inclusion criterion 3).,High,done
Non_fractured/IMG0003384.jpg,Non_fractured,EXCLUDE,N/A,Unclear,No,N/A,Source-labeled non-fractured; no fracture present (fails inclusion criterion 3).,High,done
Non_fractured/IMG0003385.jpg,Non_fractured,EXCLUDE,N/A,Unclear,No,N/A,Source-labeled non-fractured; no fracture present (fails inclusion criterion 3).,High,done
Non_fractured/IMG0003386.jpg,Non_fractured,EXCLUDE,N/A,Unclear,No,N/A,Source-labeled non-fractured; no fracture present (fails inclusion criterion 3).,High,done
Non_fractured/IMG0003387.jpg,Non_fractured,EXCLUDE,N/A,Unclear,No,N/A,Source-labeled non-fractured; no fracture present (fails inclusion criterion 3).,High,done
Non_fractured/IMG0003388.jpg,Non_fractured,EXCLUDE,N/A,Unclear,No,N/A,Source-labeled non-fractured; no fracture present (fails inclusion criterion 3).,High,done
Non_fractured/IMG0003389.jpg,Non_fractured,EXCLUDE,N/A,Unclear,No,N/A,Source-labeled non-fractured; no fracture present (fails inclusion criterion 3).,High,done
Non_fractured/IMG0003390.jpg,Non_fractured,EXCLUDE,N/A,Unclear,No,N/A,Source-labeled non-fractured; no fracture present (fails inclusion criterion 3).,High,done
Non_fractured/IMG0003391.jpg,Non_fractured,EXCLUDE,N/A,Unclear,No,N/A,Source-labeled non-fractured; no fracture present (fails inclusion criterion 3).,High,done
Non_fractured/IMG0003392.jpg,Non_fractured,EXCLUDE,N/A,Unclear,No,N/A,Source-labeled non-fractured; no fracture present (fails inclusion criterion 3).,High,done
Non_fractured/IMG0003393.jpg,Non_fractured,EXCLUDE,N/A,Unclear,No,N/A,Source-labeled non-fractured; no fracture present (fails inclusion criterion 3).,High,done
Non_fractured/IMG0003400.jpg,Non_fractured,EXCLUDE,N/A,Unclear,No,N/A,Source-labeled non-fractured; no fracture present (fails inclusion criterion 3).,High,done
Non_fractured/IMG0003401.jpg,Non_fractured,EXCLUDE,N/A,Unclear,No,N/A,Source-labeled non-fractured; no fracture present (fails inclusion criterion 3).,High,done
Non_fractured/IMG0003402.jpg,Non_fractured,EXCLUDE,N/A,Unclear,No,N/A,Source-labeled non-fractured; no fracture present (fails inclusion criterion 3).,High,done
Non_fractured/IMG0003403.jpg,Non_fractured,EXCLUDE,N/A,Unclear,No,N/A,Source-labeled non-fractured; no fracture present (fails inclusion criterion 3).,High,done
Non_fractured/IMG0003404.jpg,Non_fractured,EXCLUDE,N/A,Unclear,No,N/A,Source-labeled non-fractured; no fracture present (fails inclusion criterion 3).,High,done
Non_fractured/IMG0003405.jpg,Non_fractured,EXCLUDE,N/A,Unclear,No,N/A,Source-labeled non-fractured; no fracture present (fails inclusion criterion 3).,High,done
Non_fractured/IMG0003406.jpg,Non_fractured,EXCLUDE,N/A,Unclear,No,N/A,Source-labeled non-fractured; no fracture present (fails inclusion criterion 3).,High,done
Non_fractured/IMG0003407.jpg,Non_fractured,EXCLUDE,N/A,Unclear,No,N/A,Source-labeled non-fractured; no fracture present (fails inclusion criterion 3).,High,done
Non_fractured/IMG0003408.jpg,Non_fractured,EXCLUDE,N/A,Unclear,No,N/A,Source-labeled non-fractured; no fracture present (fails inclusion criterion 3).,High,done
Non_fractured/IMG0003409.jpg,Non_fractured,EXCLUDE,N/A,Unclear,No,N/A,Source-labeled non-fractured; no fracture present (fails inclusion criterion 3).,High,done
Non_fractured/IMG0003410.jpg,Non_fractured,EXCLUDE,N/A,Unclear,No,N/A,Source-labeled non-fractured; no fracture present (fails inclusion criterion 3).,High,done
Non_fractured/IMG0003411.jpg,Non_fractured,EXCLUDE,N/A,Unclear,No,N/A,Source-labeled non-fractured; no fracture present (fails inclusion criterion 3).,High,done
Non_fractured/IMG0003412.jpg,Non_fractured,EXCLUDE,N/A,Unclear,No,N/A,Source-labeled non-fractured; no fracture present (fails inclusion criterion 3).,High,done
Non_fractured/IMG0003413.jpg,Non_fractured,EXCLUDE,N/A,Unclear,No,N/A,Source-labeled non-fractured; no fracture present (fails inclusion criterion 3).,High,done
Non_fractured/IMG0003414.jpg,Non_fractured,EXCLUDE,N/A,Unclear,No,N/A,Source-labeled non-fractured; no fracture present (fails inclusion criterion 3).,High,done
Non_fractured/IMG0003415.jpg,Non_fractured,EXCLUDE,N/A,Unclear,No,N/A,Source-labeled non-fractured; no fracture present (fails inclusion criterion 3).,High,done
Non_fractured/IMG0003416.jpg,Non_fractured,EXCLUDE,N/A,Unclear,No,N/A,Source-labeled non-fractured; no fracture present (fails inclusion criterion 3).,High,done
Non_fractured/IMG0003417.jpg,Non_fractured,EXCLUDE,N/A,Unclear,No,N/A,Source-labeled non-fractured; no fracture present (fails inclusion criterion 3).,High,done
Non_fractured/IMG0003418.jpg,Non_fractured,EXCLUDE,N/A,Unclear,No,N/A,Source-labeled non-fractured; no fracture present (fails inclusion criterion 3).,High,done
Non_fractured/IMG0003421.jpg,Non_fractured,EXCLUDE,N/A,Unclear,No,N/A,Source-labeled non-fractured; no fracture present (fails inclusion criterion 3).,High,done
Non_fractured/IMG0003422.jpg,Non_fractured,EXCLUDE,N/A,Unclear,No,N/A,Source-labeled non-fractured; no fracture present (fails inclusion criterion 3).,High,done
Non_fractured/IMG0003423.jpg,Non_fractured,EXCLUDE,N/A,Unclear,No,N/A,Source-labeled non-fractured; no fracture present (fails inclusion criterion 3).,High,done
Non_fractured/IMG0003424.jpg,Non_fractured,EXCLUDE,N/A,Unclear,No,N/A,Source-labeled non-fractured; no fracture present (fails inclusion criterion 3).,High,done
Non_fractured/IMG0003425.jpg,Non_fractured,EXCLUDE,N/A,Unclear,No,N/A,Source-labeled non-fractured; no fracture present (fails inclusion criterion 3).,High,done
Non_fractured/IMG0003426.jpg,Non_fractured,EXCLUDE,N/A,Unclear,No,N/A,Source-labeled non-fractured; no fracture present (fails inclusion criterion 3).,High,done
Non_fractured/IMG0003427.jpg,Non_fractured,EXCLUDE,N/A,Unclear,No,N/A,Source-labeled non-fractured; no fracture present (fails inclusion criterion 3).,High,done
Non_fractured/IMG0003428.jpg,Non_fractured,EXCLUDE,N/A,Unclear,No,N/A,Source-labeled non-fractured; no fracture present (fails inclusion criterion 3).,High,done
Non_fractured/IMG0003429.jpg,Non_fractured,EXCLUDE,N/A,Unclear,No,N/A,Source-labeled non-fractured; no fracture present (fails inclusion criterion 3).,High,done
Non_fractured/IMG0003430.jpg,Non_fractured,EXCLUDE,N/A,Unclear,No,N/A,Source-labeled non-fractured; no fracture present (fails inclusion criterion 3).,High,done
Non_fractured/IMG0003433.jpg,Non_fractured,EXCLUDE,N/A,Unclear,No,N/A,Source-labeled non-fractured; no fracture present (fails inclusion criterion 3).,High,done
Non_fractured/IMG0003434.jpg,Non_fractured,EXCLUDE,N/A,Unclear,No,N/A,Source-labeled non-fractured; no fracture present (fails inclusion criterion 3).,High,done
Non_fractured/IMG0003435.jpg,Non_fractured,EXCLUDE,N/A,Unclear,No,N/A,Source-labeled non-fractured; no fracture present (fails inclusion criterion 3).,High,done
Non_fractured/IMG0003436.jpg,Non_fractured,EXCLUDE,N/A,Unclear,No,N/A,Source-labeled non-fractured; no fracture present (fails inclusion criterion 3).,High,done
Non_fractured/IMG0003437.jpg,Non_fractured,EXCLUDE,N/A,Unclear,No,N/A,Source-labeled non-fractured; no fracture present (fails inclusion criterion 3).,High,done
Non_fractured/IMG0003438.jpg,Non_fractured,EXCLUDE,N/A,Unclear,No,N/A,Source-labeled non-fractured; no fracture present (fails inclusion criterion 3).,High,done
Non_fractured/IMG0003439.jpg,Non_fractured,EXCLUDE,N/A,Unclear,No,N/A,Source-labeled non-fractured; no fracture present (fails inclusion criterion 3).,High,done
Non_fractured/IMG0003440.jpg,Non_fractured,EXCLUDE,N/A,Unclear,No,N/A,Source-labeled non-fractured; no fracture present (fails inclusion criterion 3).,High,done
Non_fractured/IMG0003441.jpg,Non_fractured,EXCLUDE,N/A,Unclear,No,N/A,Source-labeled non-fractured; no fracture present (fails inclusion criterion 3).,High,done
Non_fractured/IMG0003442.jpg,Non_fractured,EXCLUDE,N/A,Unclear,No,N/A,Source-labeled non-fractured; no fracture present (fails inclusion criterion 3).,High,done
Non_fractured/IMG0003443.jpg,Non_fractured,EXCLUDE,N/A,Unclear,No,N/A,Source-labeled non-fractured; no fracture present (fails inclusion criterion 3).,High,done
Non_fractured/IMG0003444.jpg,Non_fractured,EXCLUDE,N/A,Unclear,No,N/A,Source-labeled non-fractured; no fracture present (fails inclusion criterion 3).,High,done
Non_fractured/IMG0003445.jpg,Non_fractured,EXCLUDE,N/A,Unclear,No,N/A,Source-labeled non-fractured; no fracture present (fails inclusion criterion 3).,High,done
Non_fractured/IMG0003446.jpg,Non_fractured,EXCLUDE,N/A,Unclear,No,N/A,Source-labeled non-fractured; no fracture present (fails inclusion criterion 3).,High,done
Non_fractured/IMG0003447.jpg,Non_fractured,EXCLUDE,N/A,Unclear,No,N/A,Source-labeled non-fractured; no fracture present (fails inclusion criterion 3).,High,done
Non_fractured/IMG0003448.jpg,Non_fractured,EXCLUDE,N/A,Unclear,No,N/A,Source-labeled non-fractured; no fracture present (fails inclusion criterion 3).,High,done
Non_fractured/IMG0003449.jpg,Non_fractured,EXCLUDE,N/A,Unclear,No,N/A,Source-labeled non-fractured; no fracture present (fails inclusion criterion 3).,High,done
Non_fractured/IMG0003450.jpg,Non_fractured,EXCLUDE,N/A,Unclear,No,N/A,Source-labeled non-fractured; no fracture present (fails inclusion criterion 3).,High,done
Non_fractured/IMG0003451.jpg,Non_fractured,EXCLUDE,N/A,Unclear,No,N/A,Source-labeled non-fractured; no fracture present (fails inclusion criterion 3).,High,done
Non_fractured/IMG0003452.jpg,Non_fractured,EXCLUDE,N/A,Unclear,No,N/A,Source-labeled non-fractured; no fracture present (fails inclusion criterion 3).,High,done
Non_fractured/IMG0003453.jpg,Non_fractured,EXCLUDE,N/A,Unclear,No,N/A,Source-labeled non-fractured; no fracture present (fails inclusion criterion 3).,High,done
Non_fractured/IMG0003454.jpg,Non_fractured,EXCLUDE,N/A,Unclear,No,N/A,Source-labeled non-fractured; no fracture present (fails inclusion criterion 3).,High,done
Non_fractured/IMG0003455.jpg,Non_fractured,EXCLUDE,N/A,Unclear,No,N/A,Source-labeled non-fractured; no fracture present (fails inclusion criterion 3).,High,done
Non_fractured/IMG0003456.jpg,Non_fractured,EXCLUDE,N/A,Unclear,No,N/A,Source-labeled non-fractured; no fracture present (fails inclusion criterion 3).,High,done
Non_fractured/IMG0003457.jpg,Non_fractured,EXCLUDE,N/A,Unclear,No,N/A,Source-labeled non-fractured; no fracture present (fails inclusion criterion 3).,High,done
Non_fractured/IMG0003460.jpg,Non_fractured,EXCLUDE,N/A,Unclear,No,N/A,Source-labeled non-fractured; no fracture present (fails inclusion criterion 3).,High,done
Non_fractured/IMG0003461.jpg,Non_fractured,EXCLUDE,N/A,Unclear,No,N/A,Source-labeled non-fractured; no fracture present (fails inclusion criterion 3).,High,done
Non_fractured/IMG0003462.jpg,Non_fractured,EXCLUDE,N/A,Unclear,No,N/A,Source-labeled non-fractured; no fracture present (fails inclusion criterion 3).,High,done
Non_fractured/IMG0003463.jpg,Non_fractured,EXCLUDE,N/A,Unclear,No,N/A,Source-labeled non-fractured; no fracture present (fails inclusion criterion 3).,High,done
Non_fractured/IMG0003464.jpg,Non_fractured,EXCLUDE,N/A,Unclear,No,N/A,Source-labeled non-fractured; no fracture present (fails inclusion criterion 3).,High,done
Non_fractured/IMG0003465.jpg,Non_fractured,EXCLUDE,N/A,Unclear,No,N/A,Source-labeled non-fractured; no fracture present (fails inclusion criterion 3).,High,done
Non_fractured/IMG0003468.jpg,Non_fractured,EXCLUDE,N/A,Unclear,No,N/A,Source-labeled non-fractured; no fracture present (fails inclusion criterion 3).,High,done
Non_fractured/IMG0003469.jpg,Non_fractured,EXCLUDE,N/A,Unclear,No,N/A,Source-labeled non-fractured; no fracture present (fails inclusion criterion 3).,High,done
Non_fractured/IMG0003470.jpg,Non_fractured,EXCLUDE,N/A,Unclear,No,N/A,Source-labeled non-fractured; no fracture present (fails inclusion criterion 3).,High,done
Non_fractured/IMG0003471.jpg,Non_fractured,EXCLUDE,N/A,Unclear,No,N/A,Source-labeled non-fractured; no fracture present (fails inclusion criterion 3).,High,done
Non_fractured/IMG0003472.jpg,Non_fractured,EXCLUDE,N/A,Unclear,No,N/A,Source-labeled non-fractured; no fracture present (fails inclusion criterion 3).,High,done
Non_fractured/IMG0003473.jpg,Non_fractured,EXCLUDE,N/A,Unclear,No,N/A,Source-labeled non-fractured; no fracture present (fails inclusion criterion 3).,High,done
Non_fractured/IMG0003474.jpg,Non_fractured,EXCLUDE,N/A,Unclear,No,N/A,Source-labeled non-fractured; no fracture present (fails inclusion criterion 3).,High,done
Non_fractured/IMG0003475.jpg,Non_fractured,EXCLUDE,N/A,Unclear,No,N/A,Source-labeled non-fractured; no fracture present (fails inclusion criterion 3).,High,done
Non_fractured/IMG0003478.jpg,Non_fractured,EXCLUDE,N/A,Unclear,No,N/A,Source-labeled non-fractured; no fracture present (fails inclusion criterion 3).,High,done
Non_fractured/IMG0003479.jpg,Non_fractured,EXCLUDE,N/A,Unclear,No,N/A,Source-labeled non-fractured; no fracture present (fails inclusion criterion 3).,High,done
Non_fractured/IMG0003480.jpg,Non_fractured,EXCLUDE,N/A,Unclear,No,N/A,Source-labeled non-fractured; no fracture present (fails inclusion criterion 3).,High,done
Non_fractured/IMG0003481.jpg,Non_fractured,EXCLUDE,N/A,Unclear,No,N/A,Source-labeled non-fractured; no fracture present (fails inclusion criterion 3).,High,done
Non_fractured/IMG0003482.jpg,Non_fractured,EXCLUDE,N/A,Unclear,No,N/A,Source-labeled non-fractured; no fracture present (fails inclusion criterion 3).,High,done
Non_fractured/IMG0003483.jpg,Non_fractured,EXCLUDE,N/A,Unclear,No,N/A,Source-labeled non-fractured; no fracture present (fails inclusion criterion 3).,High,done
Non_fractured/IMG0003484.jpg,Non_fractured,EXCLUDE,N/A,Unclear,No,N/A,Source-labeled non-fractured; no fracture present (fails inclusion criterion 3).,High,done
Non_fractured/IMG0003485.jpg,Non_fractured,EXCLUDE,N/A,Unclear,No,N/A,Source-labeled non-fractured; no fracture present (fails inclusion criterion 3).,High,done
Non_fractured/IMG0003486.jpg,Non_fractured,EXCLUDE,N/A,Unclear,No,N/A,Source-labeled non-fractured; no fracture present (fails inclusion criterion 3).,High,done
Non_fractured/IMG0003487.jpg,Non_fractured,EXCLUDE,N/A,Unclear,No,N/A,Source-labeled non-fractured; no fracture present (fails inclusion criterion 3).,High,done
Non_fractured/IMG0003488.jpg,Non_fractured,EXCLUDE,N/A,Unclear,No,N/A,Source-labeled non-fractured; no fracture present (fails inclusion criterion 3).,High,done
Non_fractured/IMG0003489.jpg,Non_fractured,EXCLUDE,N/A,Unclear,No,N/A,Source-labeled non-fractured; no fracture present (fails inclusion criterion 3).,High,done
Non_fractured/IMG0003490.jpg,Non_fractured,EXCLUDE,N/A,Unclear,No,N/A,Source-labeled non-fractured; no fracture present (fails inclusion criterion 3).,High,done
Non_fractured/IMG0003491.jpg,Non_fractured,EXCLUDE,N/A,Unclear,No,N/A,Source-labeled non-fractured; no fracture present (fails inclusion criterion 3).,High,done
Non_fractured/IMG0003492.jpg,Non_fractured,EXCLUDE,N/A,Unclear,No,N/A,Source-labeled non-fractured; no fracture present (fails inclusion criterion 3).,High,done
Non_fractured/IMG0003493.jpg,Non_fractured,EXCLUDE,N/A,Unclear,No,N/A,Source-labeled non-fractured; no fracture present (fails inclusion criterion 3).,High,done
Non_fractured/IMG0003494.jpg,Non_fractured,EXCLUDE,N/A,Unclear,No,N/A,Source-labeled non-fractured; no fracture present (fails inclusion criterion 3).,High,done
Non_fractured/IMG0003495.jpg,Non_fractured,EXCLUDE,N/A,Unclear,No,N/A,Source-labeled non-fractured; no fracture present (fails inclusion criterion 3).,High,done
Non_fractured/IMG0003496.jpg,Non_fractured,EXCLUDE,N/A,Unclear,No,N/A,Source-labeled non-fractured; no fracture present (fails inclusion criterion 3).,High,done
Non_fractured/IMG0003497.jpg,Non_fractured,EXCLUDE,N/A,Unclear,No,N/A,Source-labeled non-fractured; no fracture present (fails inclusion criterion 3).,High,done
Non_fractured/IMG0003498.jpg,Non_fractured,EXCLUDE,N/A,Unclear,No,N/A,Source-labeled non-fractured; no fracture present (fails inclusion criterion 3).,High,done
Non_fractured/IMG0003499.jpg,Non_fractured,EXCLUDE,N/A,Unclear,No,N/A,Source-labeled non-fractured; no fracture present (fails inclusion criterion 3).,High,done
Non_fractured/IMG0003500.jpg,Non_fractured,EXCLUDE,N/A,Unclear,No,N/A,Source-labeled non-fractured; no fracture present (fails inclusion criterion 3).,High,done
Non_fractured/IMG0003501.jpg,Non_fractured,EXCLUDE,N/A,Unclear,No,N/A,Source-labeled non-fractured; no fracture present (fails inclusion criterion 3).,High,done
Non_fractured/IMG0003502.jpg,Non_fractured,EXCLUDE,N/A,Unclear,No,N/A,Source-labeled non-fractured; no fracture present (fails inclusion criterion 3).,High,done
Non_fractured/IMG0003503.jpg,Non_fractured,EXCLUDE,N/A,Unclear,No,N/A,Source-labeled non-fractured; no fracture present (fails inclusion criterion 3).,High,done
Non_fractured/IMG0003504.jpg,Non_fractured,EXCLUDE,N/A,Unclear,No,N/A,Source-labeled non-fractured; no fracture present (fails inclusion criterion 3).,High,done
Non_fractured/IMG0003505.jpg,Non_fractured,EXCLUDE,N/A,Unclear,No,N/A,Source-labeled non-fractured; no fracture present (fails inclusion criterion 3).,High,done
Non_fractured/IMG0003506.jpg,Non_fractured,EXCLUDE,N/A,Unclear,No,N/A,Source-labeled non-fractured; no fracture present (fails inclusion criterion 3).,High,done
Non_fractured/IMG0003507.jpg,Non_fractured,EXCLUDE,N/A,Unclear,No,N/A,Source-labeled non-fractured; no fracture present (fails inclusion criterion 3).,High,done
Non_fractured/IMG0003508.jpg,Non_fractured,EXCLUDE,N/A,Unclear,No,N/A,Source-labeled non-fractured; no fracture present (fails inclusion criterion 3).,High,done
Non_fractured/IMG0003511.jpg,Non_fractured,EXCLUDE,N/A,Unclear,No,N/A,Source-labeled non-fractured; no fracture present (fails inclusion criterion 3).,High,done
Non_fractured/IMG0003512.jpg,Non_fractured,EXCLUDE,N/A,Unclear,No,N/A,Source-labeled non-fractured; no fracture present (fails inclusion criterion 3).,High,done
Non_fractured/IMG0003513.jpg,Non_fractured,EXCLUDE,N/A,Unclear,No,N/A,Source-labeled non-fractured; no fracture present (fails inclusion criterion 3).,High,done
Non_fractured/IMG0003515.jpg,Non_fractured,EXCLUDE,N/A,Unclear,No,N/A,Source-labeled non-fractured; no fracture present (fails inclusion criterion 3).,High,done
Non_fractured/IMG0003516.jpg,Non_fractured,EXCLUDE,N/A,Unclear,No,N/A,Source-labeled non-fractured; no fracture present (fails inclusion criterion 3).,High,done
Non_fractured/IMG0003517.jpg,Non_fractured,EXCLUDE,N/A,Unclear,No,N/A,Source-labeled non-fractured; no fracture present (fails inclusion criterion 3).,High,done
Non_fractured/IMG0003518.jpg,Non_fractured,EXCLUDE,N/A,Unclear,No,N/A,Source-labeled non-fractured; no fracture present (fails inclusion criterion 3).,High,done
Non_fractured/IMG0003521.jpg,Non_fractured,EXCLUDE,N/A,Unclear,No,N/A,Source-labeled non-fractured; no fracture present (fails inclusion criterion 3).,High,done
Non_fractured/IMG0003522.jpg,Non_fractured,EXCLUDE,N/A,Unclear,No,N/A,Source-labeled non-fractured; no fracture present (fails inclusion criterion 3).,High,done
Non_fractured/IMG0003525.jpg,Non_fractured,EXCLUDE,N/A,Unclear,No,N/A,Source-labeled non-fractured; no fracture present (fails inclusion criterion 3).,High,done
Non_fractured/IMG0003526.jpg,Non_fractured,EXCLUDE,N/A,Unclear,No,N/A,Source-labeled non-fractured; no fracture present (fails inclusion criterion 3).,High,done
Non_fractured/IMG0003527.jpg,Non_fractured,EXCLUDE,N/A,Unclear,No,N/A,Source-labeled non-fractured; no fracture present (fails inclusion criterion 3).,High,done
Non_fractured/IMG0003528.jpg,Non_fractured,EXCLUDE,N/A,Unclear,No,N/A,Source-labeled non-fractured; no fracture present (fails inclusion criterion 3).,High,done
Non_fractured/IMG0003529.jpg,Non_fractured,EXCLUDE,N/A,Unclear,No,N/A,Source-labeled non-fractured; no fracture present (fails inclusion criterion 3).,High,done
Non_fractured/IMG0003530.jpg,Non_fractured,EXCLUDE,N/A,Unclear,No,N/A,Source-labeled non-fractured; no fracture present (fails inclusion criterion 3).,High,done
Non_fractured/IMG0003531.jpg,Non_fractured,EXCLUDE,N/A,Unclear,No,N/A,Source-labeled non-fractured; no fracture present (fails inclusion criterion 3).,High,done
Non_fractured/IMG0003532.jpg,Non_fractured,EXCLUDE,N/A,Unclear,No,N/A,Source-labeled non-fractured; no fracture present (fails inclusion criterion 3).,High,done
Non_fractured/IMG0003533.jpg,Non_fractured,EXCLUDE,N/A,Unclear,No,N/A,Source-labeled non-fractured; no fracture present (fails inclusion criterion 3).,High,done
Non_fractured/IMG0003534.jpg,Non_fractured,EXCLUDE,N/A,Unclear,No,N/A,Source-labeled non-fractured; no fracture present (fails inclusion criterion 3).,High,done
Non_fractured/IMG0003535.jpg,Non_fractured,EXCLUDE,N/A,Unclear,No,N/A,Source-labeled non-fractured; no fracture present (fails inclusion criterion 3).,High,done
Non_fractured/IMG0003536.jpg,Non_fractured,EXCLUDE,N/A,Unclear,No,N/A,Source-labeled non-fractured; no fracture present (fails inclusion criterion 3).,High,done
Non_fractured/IMG0003537.jpg,Non_fractured,EXCLUDE,N/A,Unclear,No,N/A,Source-labeled non-fractured; no fracture present (fails inclusion criterion 3).,High,done
Non_fractured/IMG0003538.jpg,Non_fractured,EXCLUDE,N/A,Unclear,No,N/A,Source-labeled non-fractured; no fracture present (fails inclusion criterion 3).,High,done
Non_fractured/IMG0003539.jpg,Non_fractured,EXCLUDE,N/A,Unclear,No,N/A,Source-labeled non-fractured; no fracture present (fails inclusion criterion 3).,High,done
Non_fractured/IMG0003540.jpg,Non_fractured,EXCLUDE,N/A,Unclear,No,N/A,Source-labeled non-fractured; no fracture present (fails inclusion criterion 3).,High,done
Non_fractured/IMG0003541.jpg,Non_fractured,EXCLUDE,N/A,Unclear,No,N/A,Source-labeled non-fractured; no fracture present (fails inclusion criterion 3).,High,done
Non_fractured/IMG0003542.jpg,Non_fractured,EXCLUDE,N/A,Unclear,No,N/A,Source-labeled non-fractured; no fracture present (fails inclusion criterion 3).,High,done
Non_fractured/IMG0003543.jpg,Non_fractured,EXCLUDE,N/A,Unclear,No,N/A,Source-labeled non-fractured; no fracture present (fails inclusion criterion 3).,High,done
Non_fractured/IMG0003544.jpg,Non_fractured,EXCLUDE,N/A,Unclear,No,N/A,Source-labeled non-fractured; no fracture present (fails inclusion criterion 3).,High,done
Non_fractured/IMG0003546.jpg,Non_fractured,EXCLUDE,N/A,Unclear,No,N/A,Source-labeled non-fractured; no fracture present (fails inclusion criterion 3).,High,done
Non_fractured/IMG0003547.jpg,Non_fractured,EXCLUDE,N/A,Unclear,No,N/A,Source-labeled non-fractured; no fracture present (fails inclusion criterion 3).,High,done
Non_fractured/IMG0003548.jpg,Non_fractured,EXCLUDE,N/A,Unclear,No,N/A,Source-labeled non-fractured; no fracture present (fails inclusion criterion 3).,High,done
Non_fractured/IMG0003549.jpg,Non_fractured,EXCLUDE,N/A,Unclear,No,N/A,Source-labeled non-fractured; no fracture present (fails inclusion criterion 3).,High,done
Non_fractured/IMG0003550.jpg,Non_fractured,EXCLUDE,N/A,Unclear,No,N/A,Source-labeled non-fractured; no fracture present (fails inclusion criterion 3).,High,done
Non_fractured/IMG0003551.jpg,Non_fractured,EXCLUDE,N/A,Unclear,No,N/A,Source-labeled non-fractured; no fracture present (fails inclusion criterion 3).,High,done
Non_fractured/IMG0003552.jpg,Non_fractured,EXCLUDE,N/A,Unclear,No,N/A,Source-labeled non-fractured; no fracture present (fails inclusion criterion 3).,High,done
Non_fractured/IMG0003553.jpg,Non_fractured,EXCLUDE,N/A,Unclear,No,N/A,Source-labeled non-fractured; no fracture present (fails inclusion criterion 3).,High,done
Non_fractured/IMG0003554.jpg,Non_fractured,EXCLUDE,N/A,Unclear,No,N/A,Source-labeled non-fractured; no fracture present (fails inclusion criterion 3).,High,done
Non_fractured/IMG0003555.jpg,Non_fractured,EXCLUDE,N/A,Unclear,No,N/A,Source-labeled non-fractured; no fracture present (fails inclusion criterion 3).,High,done
Non_fractured/IMG0003556.jpg,Non_fractured,EXCLUDE,N/A,Unclear,No,N/A,Source-labeled non-fractured; no fracture present (fails inclusion criterion 3).,High,done
Non_fractured/IMG0003557.jpg,Non_fractured,EXCLUDE,N/A,Unclear,No,N/A,Source-labeled non-fractured; no fracture present (fails inclusion criterion 3).,High,done
Non_fractured/IMG0003558.jpg,Non_fractured,EXCLUDE,N/A,Unclear,No,N/A,Source-labeled non-fractured; no fracture present (fails inclusion criterion 3).,High,done
Non_fractured/IMG0003559.jpg,Non_fractured,EXCLUDE,N/A,Unclear,No,N/A,Source-labeled non-fractured; no fracture present (fails inclusion criterion 3).,High,done
Non_fractured/IMG0003560.jpg,Non_fractured,EXCLUDE,N/A,Unclear,No,N/A,Source-labeled non-fractured; no fracture present (fails inclusion criterion 3).,High,done
Non_fractured/IMG0003561.jpg,Non_fractured,EXCLUDE,N/A,Unclear,No,N/A,Source-labeled non-fractured; no fracture present (fails inclusion criterion 3).,High,done
Non_fractured/IMG0003562.jpg,Non_fractured,EXCLUDE,N/A,Unclear,No,N/A,Source-labeled non-fractured; no fracture present (fails inclusion criterion 3).,High,done
Non_fractured/IMG0003563.jpg,Non_fractured,EXCLUDE,N/A,Unclear,No,N/A,Source-labeled non-fractured; no fracture present (fails inclusion criterion 3).,High,done
Non_fractured/IMG0003566.jpg,Non_fractured,EXCLUDE,N/A,Unclear,No,N/A,Source-labeled non-fractured; no fracture present (fails inclusion criterion 3).,High,done
Non_fractured/IMG0003567.jpg,Non_fractured,EXCLUDE,N/A,Unclear,No,N/A,Source-labeled non-fractured; no fracture present (fails inclusion criterion 3).,High,done
Non_fractured/IMG0003568.jpg,Non_fractured,EXCLUDE,N/A,Unclear,No,N/A,Source-labeled non-fractured; no fracture present (fails inclusion criterion 3).,High,done
Non_fractured/IMG0003570.jpg,Non_fractured,EXCLUDE,N/A,Unclear,No,N/A,Source-labeled non-fractured; no fracture present (fails inclusion criterion 3).,High,done
Non_fractured/IMG0003571.jpg,Non_fractured,EXCLUDE,N/A,Unclear,No,N/A,Source-labeled non-fractured; no fracture present (fails inclusion criterion 3).,High,done
Non_fractured/IMG0003572.jpg,Non_fractured,EXCLUDE,N/A,Unclear,No,N/A,Source-labeled non-fractured; no fracture present (fails inclusion criterion 3).,High,done
Non_fractured/IMG0003573.jpg,Non_fractured,EXCLUDE,N/A,Unclear,No,N/A,Source-labeled non-fractured; no fracture present (fails inclusion criterion 3).,High,done
Non_fractured/IMG0003574.jpg,Non_fractured,EXCLUDE,N/A,Unclear,No,N/A,Source-labeled non-fractured; no fracture present (fails inclusion criterion 3).,High,done
Non_fractured/IMG0003575.jpg,Non_fractured,EXCLUDE,N/A,Unclear,No,N/A,Source-labeled non-fractured; no fracture present (fails inclusion criterion 3).,High,done
Non_fractured/IMG0003576.jpg,Non_fractured,EXCLUDE,N/A,Unclear,No,N/A,Source-labeled non-fractured; no fracture present (fails inclusion criterion 3).,High,done
Non_fractured/IMG0003577.jpg,Non_fractured,EXCLUDE,N/A,Unclear,No,N/A,Source-labeled non-fractured; no fracture present (fails inclusion criterion 3).,High,done
Non_fractured/IMG0003578.jpg,Non_fractured,EXCLUDE,N/A,Unclear,No,N/A,Source-labeled non-fractured; no fracture present (fails inclusion criterion 3).,High,done
Non_fractured/IMG0003579.jpg,Non_fractured,EXCLUDE,N/A,Unclear,No,N/A,Source-labeled non-fractured; no fracture present (fails inclusion criterion 3).,High,done
Non_fractured/IMG0003580.jpg,Non_fractured,EXCLUDE,N/A,Unclear,No,N/A,Source-labeled non-fractured; no fracture present (fails inclusion criterion 3).,High,done
Non_fractured/IMG0003581.jpg,Non_fractured,EXCLUDE,N/A,Unclear,No,N/A,Source-labeled non-fractured; no fracture present (fails inclusion criterion 3).,High,done
Non_fractured/IMG0003582.jpg,Non_fractured,EXCLUDE,N/A,Unclear,No,N/A,Source-labeled non-fractured; no fracture present (fails inclusion criterion 3).,High,done
Non_fractured/IMG0003583.jpg,Non_fractured,EXCLUDE,N/A,Unclear,No,N/A,Source-labeled non-fractured; no fracture present (fails inclusion criterion 3).,High,done
Non_fractured/IMG0003584.jpg,Non_fractured,EXCLUDE,N/A,Unclear,No,N/A,Source-labeled non-fractured; no fracture present (fails inclusion criterion 3).,High,done
Non_fractured/IMG0003585.jpg,Non_fractured,EXCLUDE,N/A,Unclear,No,N/A,Source-labeled non-fractured; no fracture present (fails inclusion criterion 3).,High,done
Non_fractured/IMG0003590.jpg,Non_fractured,EXCLUDE,N/A,Unclear,No,N/A,Source-labeled non-fractured; no fracture present (fails inclusion criterion 3).,High,done
Non_fractured/IMG0003591.jpg,Non_fractured,EXCLUDE,N/A,Unclear,No,N/A,Source-labeled non-fractured; no fracture present (fails inclusion criterion 3).,High,done
Non_fractured/IMG0003592.jpg,Non_fractured,EXCLUDE,N/A,Unclear,No,N/A,Source-labeled non-fractured; no fracture present (fails inclusion criterion 3).,High,done
Non_fractured/IMG0003593.jpg,Non_fractured,EXCLUDE,N/A,Unclear,No,N/A,Source-labeled non-fractured; no fracture present (fails inclusion criterion 3).,High,done
Non_fractured/IMG0003594.jpg,Non_fractured,EXCLUDE,N/A,Unclear,No,N/A,Source-labeled non-fractured; no fracture present (fails inclusion criterion 3).,High,done
Non_fractured/IMG0003595.jpg,Non_fractured,EXCLUDE,N/A,Unclear,No,N/A,Source-labeled non-fractured; no fracture present (fails inclusion criterion 3).,High,done
Non_fractured/IMG0003596.jpg,Non_fractured,EXCLUDE,N/A,Unclear,No,N/A,Source-labeled non-fractured; no fracture present (fails inclusion criterion 3).,High,done
Non_fractured/IMG0003597.jpg,Non_fractured,EXCLUDE,N/A,Unclear,No,N/A,Source-labeled non-fractured; no fracture present (fails inclusion criterion 3).,High,done
Non_fractured/IMG0003598.jpg,Non_fractured,EXCLUDE,N/A,Unclear,No,N/A,Source-labeled non-fractured; no fracture present (fails inclusion criterion 3).,High,done
Non_fractured/IMG0003599.jpg,Non_fractured,EXCLUDE,N/A,Unclear,No,N/A,Source-labeled non-fractured; no fracture present (fails inclusion criterion 3).,High,done
Non_fractured/IMG0003600.jpg,Non_fractured,EXCLUDE,N/A,Unclear,No,N/A,Source-labeled non-fractured; no fracture present (fails inclusion criterion 3).,High,done
Non_fractured/IMG0003601.jpg,Non_fractured,EXCLUDE,N/A,Unclear,No,N/A,Source-labeled non-fractured; no fracture present (fails inclusion criterion 3).,High,done
Non_fractured/IMG0003602.jpg,Non_fractured,EXCLUDE,N/A,Unclear,No,N/A,Source-labeled non-fractured; no fracture present (fails inclusion criterion 3).,High,done
Non_fractured/IMG0003603.jpg,Non_fractured,EXCLUDE,N/A,Unclear,No,N/A,Source-labeled non-fractured; no fracture present (fails inclusion criterion 3).,High,done
Non_fractured/IMG0003604.jpg,Non_fractured,EXCLUDE,N/A,Unclear,No,N/A,Source-labeled non-fractured; no fracture present (fails inclusion criterion 3).,High,done
Non_fractured/IMG0003605.jpg,Non_fractured,EXCLUDE,N/A,Unclear,No,N/A,Source-labeled non-fractured; no fracture present (fails inclusion criterion 3).,High,done
Non_fractured/IMG0003606.jpg,Non_fractured,EXCLUDE,N/A,Unclear,No,N/A,Source-labeled non-fractured; no fracture present (fails inclusion criterion 3).,High,done
Non_fractured/IMG0003607.jpg,Non_fractured,EXCLUDE,N/A,Unclear,No,N/A,Source-labeled non-fractured; no fracture present (fails inclusion criterion 3).,High,done
Non_fractured/IMG0003608.jpg,Non_fractured,EXCLUDE,N/A,Unclear,No,N/A,Source-labeled non-fractured; no fracture present (fails inclusion criterion 3).,High,done
Non_fractured/IMG0003609.jpg,Non_fractured,EXCLUDE,N/A,Unclear,No,N/A,Source-labeled non-fractured; no fracture present (fails inclusion criterion 3).,High,done
Non_fractured/IMG0003610.jpg,Non_fractured,EXCLUDE,N/A,Unclear,No,N/A,Source-labeled non-fractured; no fracture present (fails inclusion criterion 3).,High,done
Non_fractured/IMG0003611.jpg,Non_fractured,EXCLUDE,N/A,Unclear,No,N/A,Source-labeled non-fractured; no fracture present (fails inclusion criterion 3).,High,done
Non_fractured/IMG0003612.jpg,Non_fractured,EXCLUDE,N/A,Unclear,No,N/A,Source-labeled non-fractured; no fracture present (fails inclusion criterion 3).,High,done
Non_fractured/IMG0003613.jpg,Non_fractured,EXCLUDE,N/A,Unclear,No,N/A,Source-labeled non-fractured; no fracture present (fails inclusion criterion 3).,High,done
Non_fractured/IMG0003614.jpg,Non_fractured,EXCLUDE,N/A,Unclear,No,N/A,Source-labeled non-fractured; no fracture present (fails inclusion criterion 3).,High,done
Non_fractured/IMG0003615.jpg,Non_fractured,EXCLUDE,N/A,Unclear,No,N/A,Source-labeled non-fractured; no fracture present (fails inclusion criterion 3).,High,done
Non_fractured/IMG0003616.jpg,Non_fractured,EXCLUDE,N/A,Unclear,No,N/A,Source-labeled non-fractured; no fracture present (fails inclusion criterion 3).,High,done
Non_fractured/IMG0003617.jpg,Non_fractured,EXCLUDE,N/A,Unclear,No,N/A,Source-labeled non-fractured; no fracture present (fails inclusion criterion 3).,High,done
Non_fractured/IMG0003618.jpg,Non_fractured,EXCLUDE,N/A,Unclear,No,N/A,Source-labeled non-fractured; no fracture present (fails inclusion criterion 3).,High,done
Non_fractured/IMG0003621.jpg,Non_fractured,EXCLUDE,N/A,Unclear,No,N/A,Source-labeled non-fractured; no fracture present (fails inclusion criterion 3).,High,done
Non_fractured/IMG0003622.jpg,Non_fractured,EXCLUDE,N/A,Unclear,No,N/A,Source-labeled non-fractured; no fracture present (fails inclusion criterion 3).,High,done
Non_fractured/IMG0003623.jpg,Non_fractured,EXCLUDE,N/A,Unclear,No,N/A,Source-labeled non-fractured; no fracture present (fails inclusion criterion 3).,High,done
Non_fractured/IMG0003624.jpg,Non_fractured,EXCLUDE,N/A,Unclear,No,N/A,Source-labeled non-fractured; no fracture present (fails inclusion criterion 3).,High,done
Non_fractured/IMG0003627.jpg,Non_fractured,EXCLUDE,N/A,Unclear,No,N/A,Source-labeled non-fractured; no fracture present (fails inclusion criterion 3).,High,done
Non_fractured/IMG0003629.jpg,Non_fractured,EXCLUDE,N/A,Unclear,No,N/A,Source-labeled non-fractured; no fracture present (fails inclusion criterion 3).,High,done
Non_fractured/IMG0003630.jpg,Non_fractured,EXCLUDE,N/A,Unclear,No,N/A,Source-labeled non-fractured; no fracture present (fails inclusion criterion 3).,High,done
Non_fractured/IMG0003631.jpg,Non_fractured,EXCLUDE,N/A,Unclear,No,N/A,Source-labeled non-fractured; no fracture present (fails inclusion criterion 3).,High,done
Non_fractured/IMG0003632.jpg,Non_fractured,EXCLUDE,N/A,Unclear,No,N/A,Source-labeled non-fractured; no fracture present (fails inclusion criterion 3).,High,done
Non_fractured/IMG0003633.jpg,Non_fractured,EXCLUDE,N/A,Unclear,No,N/A,Source-labeled non-fractured; no fracture present (fails inclusion criterion 3).,High,done
Non_fractured/IMG0003634.jpg,Non_fractured,EXCLUDE,N/A,Unclear,No,N/A,Source-labeled non-fractured; no fracture present (fails inclusion criterion 3).,High,done
Non_fractured/IMG0003635.jpg,Non_fractured,EXCLUDE,N/A,Unclear,No,N/A,Source-labeled non-fractured; no fracture present (fails inclusion criterion 3).,High,done
Non_fractured/IMG0003636.jpg,Non_fractured,EXCLUDE,N/A,Unclear,No,N/A,Source-labeled non-fractured; no fracture present (fails inclusion criterion 3).,High,done
Non_fractured/IMG0003637.jpg,Non_fractured,EXCLUDE,N/A,Unclear,No,N/A,Source-labeled non-fractured; no fracture present (fails inclusion criterion 3).,High,done
Non_fractured/IMG0003638.jpg,Non_fractured,EXCLUDE,N/A,Unclear,No,N/A,Source-labeled non-fractured; no fracture present (fails inclusion criterion 3).,High,done
Non_fractured/IMG0003639.jpg,Non_fractured,EXCLUDE,N/A,Unclear,No,N/A,Source-labeled non-fractured; no fracture present (fails inclusion criterion 3).,High,done
Non_fractured/IMG0003640.jpg,Non_fractured,EXCLUDE,N/A,Unclear,No,N/A,Source-labeled non-fractured; no fracture present (fails inclusion criterion 3).,High,done
Non_fractured/IMG0003641.jpg,Non_fractured,EXCLUDE,N/A,Unclear,No,N/A,Source-labeled non-fractured; no fracture present (fails inclusion criterion 3).,High,done
Non_fractured/IMG0003642.jpg,Non_fractured,EXCLUDE,N/A,Unclear,No,N/A,Source-labeled non-fractured; no fracture present (fails inclusion criterion 3).,High,done
Non_fractured/IMG0003643.jpg,Non_fractured,EXCLUDE,N/A,Unclear,No,N/A,Source-labeled non-fractured; no fracture present (fails inclusion criterion 3).,High,done
Non_fractured/IMG0003644.jpg,Non_fractured,EXCLUDE,N/A,Unclear,No,N/A,Source-labeled non-fractured; no fracture present (fails inclusion criterion 3).,High,done
Non_fractured/IMG0003645.jpg,Non_fractured,EXCLUDE,N/A,Unclear,No,N/A,Source-labeled non-fractured; no fracture present (fails inclusion criterion 3).,High,done
Non_fractured/IMG0003646.jpg,Non_fractured,EXCLUDE,N/A,Unclear,No,N/A,Source-labeled non-fractured; no fracture present (fails inclusion criterion 3).,High,done
Non_fractured/IMG0003647.jpg,Non_fractured,EXCLUDE,N/A,Unclear,No,N/A,Source-labeled non-fractured; no fracture present (fails inclusion criterion 3).,High,done
Non_fractured/IMG0003648.jpg,Non_fractured,EXCLUDE,N/A,Unclear,No,N/A,Source-labeled non-fractured; no fracture present (fails inclusion criterion 3).,High,done
Non_fractured/IMG0003649.jpg,Non_fractured,EXCLUDE,N/A,Unclear,No,N/A,Source-labeled non-fractured; no fracture present (fails inclusion criterion 3).,High,done
Non_fractured/IMG0003650.jpg,Non_fractured,EXCLUDE,N/A,Unclear,No,N/A,Source-labeled non-fractured; no fracture present (fails inclusion criterion 3).,High,done
Non_fractured/IMG0003651.jpg,Non_fractured,EXCLUDE,N/A,Unclear,No,N/A,Source-labeled non-fractured; no fracture present (fails inclusion criterion 3).,High,done
Non_fractured/IMG0003652.jpg,Non_fractured,EXCLUDE,N/A,Unclear,No,N/A,Source-labeled non-fractured; no fracture present (fails inclusion criterion 3).,High,done
Non_fractured/IMG0003655.jpg,Non_fractured,EXCLUDE,N/A,Unclear,No,N/A,Source-labeled non-fractured; no fracture present (fails inclusion criterion 3).,High,done
Non_fractured/IMG0003656.jpg,Non_fractured,EXCLUDE,N/A,Unclear,No,N/A,Source-labeled non-fractured; no fracture present (fails inclusion criterion 3).,High,done
Non_fractured/IMG0003657.jpg,Non_fractured,EXCLUDE,N/A,Unclear,No,N/A,Source-labeled non-fractured; no fracture present (fails inclusion criterion 3).,High,done
Non_fractured/IMG0003658.jpg,Non_fractured,EXCLUDE,N/A,Unclear,No,N/A,Source-labeled non-fractured; no fracture present (fails inclusion criterion 3).,High,done
Non_fractured/IMG0003659.jpg,Non_fractured,EXCLUDE,N/A,Unclear,No,N/A,Source-labeled non-fractured; no fracture present (fails inclusion criterion 3).,High,done
Non_fractured/IMG0003660.jpg,Non_fractured,EXCLUDE,N/A,Unclear,No,N/A,Source-labeled non-fractured; no fracture present (fails inclusion criterion 3).,High,done
Non_fractured/IMG0003661.jpg,Non_fractured,EXCLUDE,N/A,Unclear,No,N/A,Source-labeled non-fractured; no fracture present (fails inclusion criterion 3).,High,done
Non_fractured/IMG0003662.jpg,Non_fractured,EXCLUDE,N/A,Unclear,No,N/A,Source-labeled non-fractured; no fracture present (fails inclusion criterion 3).,High,done
Non_fractured/IMG0003663.jpg,Non_fractured,EXCLUDE,N/A,Unclear,No,N/A,Source-labeled non-fractured; no fracture present (fails inclusion criterion 3).,High,done
Non_fractured/IMG0003664.jpg,Non_fractured,EXCLUDE,N/A,Unclear,No,N/A,Source-labeled non-fractured; no fracture present (fails inclusion criterion 3).,High,done
Non_fractured/IMG0003665.jpg,Non_fractured,EXCLUDE,N/A,Unclear,No,N/A,Source-labeled non-fractured; no fracture present (fails inclusion criterion 3).,High,done
Non_fractured/IMG0003666.jpg,Non_fractured,EXCLUDE,N/A,Unclear,No,N/A,Source-labeled non-fractured; no fracture present (fails inclusion criterion 3).,High,done
Non_fractured/IMG0003667.jpg,Non_fractured,EXCLUDE,N/A,Unclear,No,N/A,Source-labeled non-fractured; no fracture present (fails inclusion criterion 3).,High,done
Non_fractured/IMG0003668.jpg,Non_fractured,EXCLUDE,N/A,Unclear,No,N/A,Source-labeled non-fractured; no fracture present (fails inclusion criterion 3).,High,done
Non_fractured/IMG0003669.jpg,Non_fractured,EXCLUDE,N/A,Unclear,No,N/A,Source-labeled non-fractured; no fracture present (fails inclusion criterion 3).,High,done
Non_fractured/IMG0003670.jpg,Non_fractured,EXCLUDE,N/A,Unclear,No,N/A,Source-labeled non-fractured; no fracture present (fails inclusion criterion 3).,High,done
Non_fractured/IMG0003672.jpg,Non_fractured,EXCLUDE,N/A,Unclear,No,N/A,Source-labeled non-fractured; no fracture present (fails inclusion criterion 3).,High,done
Non_fractured/IMG0003673.jpg,Non_fractured,EXCLUDE,N/A,Unclear,No,N/A,Source-labeled non-fractured; no fracture present (fails inclusion criterion 3).,High,done
Non_fractured/IMG0003674.jpg,Non_fractured,EXCLUDE,N/A,Unclear,No,N/A,Source-labeled non-fractured; no fracture present (fails inclusion criterion 3).,High,done
Non_fractured/IMG0003675.jpg,Non_fractured,EXCLUDE,N/A,Unclear,No,N/A,Source-labeled non-fractured; no fracture present (fails inclusion criterion 3).,High,done
Non_fractured/IMG0003676.jpg,Non_fractured,EXCLUDE,N/A,Unclear,No,N/A,Source-labeled non-fractured; no fracture present (fails inclusion criterion 3).,High,done
Non_fractured/IMG0003677.jpg,Non_fractured,EXCLUDE,N/A,Unclear,No,N/A,Source-labeled non-fractured; no fracture present (fails inclusion criterion 3).,High,done
Non_fractured/IMG0003678.jpg,Non_fractured,EXCLUDE,N/A,Unclear,No,N/A,Source-labeled non-fractured; no fracture present (fails inclusion criterion 3).,High,done
Non_fractured/IMG0003679.jpg,Non_fractured,EXCLUDE,N/A,Unclear,No,N/A,Source-labeled non-fractured; no fracture present (fails inclusion criterion 3).,High,done
Non_fractured/IMG0003680.jpg,Non_fractured,EXCLUDE,N/A,Unclear,No,N/A,Source-labeled non-fractured; no fracture present (fails inclusion criterion 3).,High,done
Non_fractured/IMG0003681.jpg,Non_fractured,EXCLUDE,N/A,Unclear,No,N/A,Source-labeled non-fractured; no fracture present (fails inclusion criterion 3).,High,done
Non_fractured/IMG0003682.jpg,Non_fractured,EXCLUDE,N/A,Unclear,No,N/A,Source-labeled non-fractured; no fracture present (fails inclusion criterion 3).,High,done
Non_fractured/IMG0003683.jpg,Non_fractured,EXCLUDE,N/A,Unclear,No,N/A,Source-labeled non-fractured; no fracture present (fails inclusion criterion 3).,High,done
Non_fractured/IMG0003684.jpg,Non_fractured,EXCLUDE,N/A,Unclear,No,N/A,Source-labeled non-fractured; no fracture present (fails inclusion criterion 3).,High,done
Non_fractured/IMG0003687.jpg,Non_fractured,EXCLUDE,N/A,Unclear,No,N/A,Source-labeled non-fractured; no fracture present (fails inclusion criterion 3).,High,done
Non_fractured/IMG0003688.jpg,Non_fractured,EXCLUDE,N/A,Unclear,No,N/A,Source-labeled non-fractured; no fracture present (fails inclusion criterion 3).,High,done
Non_fractured/IMG0003689.jpg,Non_fractured,EXCLUDE,N/A,Unclear,No,N/A,Source-labeled non-fractured; no fracture present (fails inclusion criterion 3).,High,done
Non_fractured/IMG0003690.jpg,Non_fractured,EXCLUDE,N/A,Unclear,No,N/A,Source-labeled non-fractured; no fracture present (fails inclusion criterion 3).,High,done
Non_fractured/IMG0003691.jpg,Non_fractured,EXCLUDE,N/A,Unclear,No,N/A,Source-labeled non-fractured; no fracture present (fails inclusion criterion 3).,High,done
Non_fractured/IMG0003692.jpg,Non_fractured,EXCLUDE,N/A,Unclear,No,N/A,Source-labeled non-fractured; no fracture present (fails inclusion criterion 3).,High,done
Non_fractured/IMG0003693.jpg,Non_fractured,EXCLUDE,N/A,Unclear,No,N/A,Source-labeled non-fractured; no fracture present (fails inclusion criterion 3).,High,done
Non_fractured/IMG0003694.jpg,Non_fractured,EXCLUDE,N/A,Unclear,No,N/A,Source-labeled non-fractured; no fracture present (fails inclusion criterion 3).,High,done
Non_fractured/IMG0003695.jpg,Non_fractured,EXCLUDE,N/A,Unclear,No,N/A,Source-labeled non-fractured; no fracture present (fails inclusion criterion 3).,High,done
Non_fractured/IMG0003696.jpg,Non_fractured,EXCLUDE,N/A,Unclear,No,N/A,Source-labeled non-fractured; no fracture present (fails inclusion criterion 3).,High,done
Non_fractured/IMG0003697.jpg,Non_fractured,EXCLUDE,N/A,Unclear,No,N/A,Source-labeled non-fractured; no fracture present (fails inclusion criterion 3).,High,done
Non_fractured/IMG0003698.jpg,Non_fractured,EXCLUDE,N/A,Unclear,No,N/A,Source-labeled non-fractured; no fracture present (fails inclusion criterion 3).,High,done
Non_fractured/IMG0003699.jpg,Non_fractured,EXCLUDE,N/A,Unclear,No,N/A,Source-labeled non-fractured; no fracture present (fails inclusion criterion 3).,High,done
Non_fractured/IMG0003700.jpg,Non_fractured,EXCLUDE,N/A,Unclear,No,N/A,Source-labeled non-fractured; no fracture present (fails inclusion criterion 3).,High,done
Non_fractured/IMG0003701.jpg,Non_fractured,EXCLUDE,N/A,Unclear,No,N/A,Source-labeled non-fractured; no fracture present (fails inclusion criterion 3).,High,done
Non_fractured/IMG0003702.jpg,Non_fractured,EXCLUDE,N/A,Unclear,No,N/A,Source-labeled non-fractured; no fracture present (fails inclusion criterion 3).,High,done
Non_fractured/IMG0003705.jpg,Non_fractured,EXCLUDE,N/A,Unclear,No,N/A,Source-labeled non-fractured; no fracture present (fails inclusion criterion 3).,High,done
Non_fractured/IMG0003706.jpg,Non_fractured,EXCLUDE,N/A,Unclear,No,N/A,Source-labeled non-fractured; no fracture present (fails inclusion criterion 3).,High,done
Non_fractured/IMG0003707.jpg,Non_fractured,EXCLUDE,N/A,Unclear,No,N/A,Source-labeled non-fractured; no fracture present (fails inclusion criterion 3).,High,done
Non_fractured/IMG0003708.jpg,Non_fractured,EXCLUDE,N/A,Unclear,No,N/A,Source-labeled non-fractured; no fracture present (fails inclusion criterion 3).,High,done
Non_fractured/IMG0003709.jpg,Non_fractured,EXCLUDE,N/A,Unclear,No,N/A,Source-labeled non-fractured; no fracture present (fails inclusion criterion 3).,High,done
Non_fractured/IMG0003710.jpg,Non_fractured,EXCLUDE,N/A,Unclear,No,N/A,Source-labeled non-fractured; no fracture present (fails inclusion criterion 3).,High,done
Non_fractured/IMG0003711.jpg,Non_fractured,EXCLUDE,N/A,Unclear,No,N/A,Source-labeled non-fractured; no fracture present (fails inclusion criterion 3).,High,done
Non_fractured/IMG0003714.jpg,Non_fractured,EXCLUDE,N/A,Unclear,No,N/A,Source-labeled non-fractured; no fracture present (fails inclusion criterion 3).,High,done
Non_fractured/IMG0003715.jpg,Non_fractured,EXCLUDE,N/A,Unclear,No,N/A,Source-labeled non-fractured; no fracture present (fails inclusion criterion 3).,High,done
Non_fractured/IMG0003716.jpg,Non_fractured,EXCLUDE,N/A,Unclear,No,N/A,Source-labeled non-fractured; no fracture present (fails inclusion criterion 3).,High,done
Non_fractured/IMG0003717.jpg,Non_fractured,EXCLUDE,N/A,Unclear,No,N/A,Source-labeled non-fractured; no fracture present (fails inclusion criterion 3).,High,done
Non_fractured/IMG0003718.jpg,Non_fractured,EXCLUDE,N/A,Unclear,No,N/A,Source-labeled non-fractured; no fracture present (fails inclusion criterion 3).,High,done
Non_fractured/IMG0003719.jpg,Non_fractured,EXCLUDE,N/A,Unclear,No,N/A,Source-labeled non-fractured; no fracture present (fails inclusion criterion 3).,High,done
Non_fractured/IMG0003720.jpg,Non_fractured,EXCLUDE,N/A,Unclear,No,N/A,Source-labeled non-fractured; no fracture present (fails inclusion criterion 3).,High,done
Non_fractured/IMG0003721.jpg,Non_fractured,EXCLUDE,N/A,Unclear,No,N/A,Source-labeled non-fractured; no fracture present (fails inclusion criterion 3).,High,done
Non_fractured/IMG0003722.jpg,Non_fractured,EXCLUDE,N/A,Unclear,No,N/A,Source-labeled non-fractured; no fracture present (fails inclusion criterion 3).,High,done
Non_fractured/IMG0003723.jpg,Non_fractured,EXCLUDE,N/A,Unclear,No,N/A,Source-labeled non-fractured; no fracture present (fails inclusion criterion 3).,High,done
Non_fractured/IMG0003724.jpg,Non_fractured,EXCLUDE,N/A,Unclear,No,N/A,Source-labeled non-fractured; no fracture present (fails inclusion criterion 3).,High,done
Non_fractured/IMG0003725.jpg,Non_fractured,EXCLUDE,N/A,Unclear,No,N/A,Source-labeled non-fractured; no fracture present (fails inclusion criterion 3).,High,done
Non_fractured/IMG0003726.jpg,Non_fractured,EXCLUDE,N/A,Unclear,No,N/A,Source-labeled non-fractured; no fracture present (fails inclusion criterion 3).,High,done
Non_fractured/IMG0003727.jpg,Non_fractured,EXCLUDE,N/A,Unclear,No,N/A,Source-labeled non-fractured; no fracture present (fails inclusion criterion 3).,High,done
Non_fractured/IMG0003728.jpg,Non_fractured,EXCLUDE,N/A,Unclear,No,N/A,Source-labeled non-fractured; no fracture present (fails inclusion criterion 3).,High,done
Non_fractured/IMG0003729.jpg,Non_fractured,EXCLUDE,N/A,Unclear,No,N/A,Source-labeled non-fractured; no fracture present (fails inclusion criterion 3).,High,done
Non_fractured/IMG0003730.jpg,Non_fractured,EXCLUDE,N/A,Unclear,No,N/A,Source-labeled non-fractured; no fracture present (fails inclusion criterion 3).,High,done
Non_fractured/IMG0003731.jpg,Non_fractured,EXCLUDE,N/A,Unclear,No,N/A,Source-labeled non-fractured; no fracture present (fails inclusion criterion 3).,High,done
Non_fractured/IMG0003732.jpg,Non_fractured,EXCLUDE,N/A,Unclear,No,N/A,Source-labeled non-fractured; no fracture present (fails inclusion criterion 3).,High,done
Non_fractured/IMG0003735.jpg,Non_fractured,EXCLUDE,N/A,Unclear,No,N/A,Source-labeled non-fractured; no fracture present (fails inclusion criterion 3).,High,done
Non_fractured/IMG0003736.jpg,Non_fractured,EXCLUDE,N/A,Unclear,No,N/A,Source-labeled non-fractured; no fracture present (fails inclusion criterion 3).,High,done
Non_fractured/IMG0003737.jpg,Non_fractured,EXCLUDE,N/A,Unclear,No,N/A,Source-labeled non-fractured; no fracture present (fails inclusion criterion 3).,High,done
Non_fractured/IMG0003738.jpg,Non_fractured,EXCLUDE,N/A,Unclear,No,N/A,Source-labeled non-fractured; no fracture present (fails inclusion criterion 3).,High,done
Non_fractured/IMG0003739.jpg,Non_fractured,EXCLUDE,N/A,Unclear,No,N/A,Source-labeled non-fractured; no fracture present (fails inclusion criterion 3).,High,done
Non_fractured/IMG0003740.jpg,Non_fractured,EXCLUDE,N/A,Unclear,No,N/A,Source-labeled non-fractured; no fracture present (fails inclusion criterion 3).,High,done
Non_fractured/IMG0003741.jpg,Non_fractured,EXCLUDE,N/A,Unclear,No,N/A,Source-labeled non-fractured; no fracture present (fails inclusion criterion 3).,High,done
Non_fractured/IMG0003742.jpg,Non_fractured,EXCLUDE,N/A,Unclear,No,N/A,Source-labeled non-fractured; no fracture present (fails inclusion criterion 3).,High,done
Non_fractured/IMG0003743.jpg,Non_fractured,EXCLUDE,N/A,Unclear,No,N/A,Source-labeled non-fractured; no fracture present (fails inclusion criterion 3).,High,done
Non_fractured/IMG0003744.jpg,Non_fractured,EXCLUDE,N/A,Unclear,No,N/A,Source-labeled non-fractured; no fracture present (fails inclusion criterion 3).,High,done
Non_fractured/IMG0003745.jpg,Non_fractured,EXCLUDE,N/A,Unclear,No,N/A,Source-labeled non-fractured; no fracture present (fails inclusion criterion 3).,High,done
Non_fractured/IMG0003746.jpg,Non_fractured,EXCLUDE,N/A,Unclear,No,N/A,Source-labeled non-fractured; no fracture present (fails inclusion criterion 3).,High,done
Non_fractured/IMG0003747.jpg,Non_fractured,EXCLUDE,N/A,Unclear,No,N/A,Source-labeled non-fractured; no fracture present (fails inclusion criterion 3).,High,done
Non_fractured/IMG0003749.jpg,Non_fractured,EXCLUDE,N/A,Unclear,No,N/A,Source-labeled non-fractured; no fracture present (fails inclusion criterion 3).,High,done
Non_fractured/IMG0003750.jpg,Non_fractured,EXCLUDE,N/A,Unclear,No,N/A,Source-labeled non-fractured; no fracture present (fails inclusion criterion 3).,High,done
Non_fractured/IMG0003751.jpg,Non_fractured,EXCLUDE,N/A,Unclear,No,N/A,Source-labeled non-fractured; no fracture present (fails inclusion criterion 3).,High,done
Non_fractured/IMG0003752.jpg,Non_fractured,EXCLUDE,N/A,Unclear,No,N/A,Source-labeled non-fractured; no fracture present (fails inclusion criterion 3).,High,done
Non_fractured/IMG0003753.jpg,Non_fractured,EXCLUDE,N/A,Unclear,No,N/A,Source-labeled non-fractured; no fracture present (fails inclusion criterion 3).,High,done
Non_fractured/IMG0003754.jpg,Non_fractured,EXCLUDE,N/A,Unclear,No,N/A,Source-labeled non-fractured; no fracture present (fails inclusion criterion 3).,High,done
Non_fractured/IMG0003755.jpg,Non_fractured,EXCLUDE,N/A,Unclear,No,N/A,Source-labeled non-fractured; no fracture present (fails inclusion criterion 3).,High,done
Non_fractured/IMG0003756.jpg,Non_fractured,EXCLUDE,N/A,Unclear,No,N/A,Source-labeled non-fractured; no fracture present (fails inclusion criterion 3).,High,done
Non_fractured/IMG0003757.jpg,Non_fractured,EXCLUDE,N/A,Unclear,No,N/A,Source-labeled non-fractured; no fracture present (fails inclusion criterion 3).,High,done
Non_fractured/IMG0003758.jpg,Non_fractured,EXCLUDE,N/A,Unclear,No,N/A,Source-labeled non-fractured; no fracture present (fails inclusion criterion 3).,High,done
Non_fractured/IMG0003759.jpg,Non_fractured,EXCLUDE,N/A,Unclear,No,N/A,Source-labeled non-fractured; no fracture present (fails inclusion criterion 3).,High,done
Non_fractured/IMG0003760.jpg,Non_fractured,EXCLUDE,N/A,Unclear,No,N/A,Source-labeled non-fractured; no fracture present (fails inclusion criterion 3).,High,done
Non_fractured/IMG0003761.jpg,Non_fractured,EXCLUDE,N/A,Unclear,No,N/A,Source-labeled non-fractured; no fracture present (fails inclusion criterion 3).,High,done
Non_fractured/IMG0003763.jpg,Non_fractured,EXCLUDE,N/A,Unclear,No,N/A,Source-labeled non-fractured; no fracture present (fails inclusion criterion 3).,High,done
Non_fractured/IMG0003764.jpg,Non_fractured,EXCLUDE,N/A,Unclear,No,N/A,Source-labeled non-fractured; no fracture present (fails inclusion criterion 3).,High,done
Non_fractured/IMG0003765.jpg,Non_fractured,EXCLUDE,N/A,Unclear,No,N/A,Source-labeled non-fractured; no fracture present (fails inclusion criterion 3).,High,done
Non_fractured/IMG0003768.jpg,Non_fractured,EXCLUDE,N/A,Unclear,No,N/A,Source-labeled non-fractured; no fracture present (fails inclusion criterion 3).,High,done
Non_fractured/IMG0003769.jpg,Non_fractured,EXCLUDE,N/A,Unclear,No,N/A,Source-labeled non-fractured; no fracture present (fails inclusion criterion 3).,High,done
Non_fractured/IMG0003772.jpg,Non_fractured,EXCLUDE,N/A,Unclear,No,N/A,Source-labeled non-fractured; no fracture present (fails inclusion criterion 3).,High,done
Non_fractured/IMG0003773.jpg,Non_fractured,EXCLUDE,N/A,Unclear,No,N/A,Source-labeled non-fractured; no fracture present (fails inclusion criterion 3).,High,done
Non_fractured/IMG0003775.jpg,Non_fractured,EXCLUDE,N/A,Unclear,No,N/A,Source-labeled non-fractured; no fracture present (fails inclusion criterion 3).,High,done
Non_fractured/IMG0003776.jpg,Non_fractured,EXCLUDE,N/A,Unclear,No,N/A,Source-labeled non-fractured; no fracture present (fails inclusion criterion 3).,High,done
Non_fractured/IMG0003777.jpg,Non_fractured,EXCLUDE,N/A,Unclear,No,N/A,Source-labeled non-fractured; no fracture present (fails inclusion criterion 3).,High,done
Non_fractured/IMG0003778.jpg,Non_fractured,EXCLUDE,N/A,Unclear,No,N/A,Source-labeled non-fractured; no fracture present (fails inclusion criterion 3).,High,done
Non_fractured/IMG0003779.jpg,Non_fractured,EXCLUDE,N/A,Unclear,No,N/A,Source-labeled non-fractured; no fracture present (fails inclusion criterion 3).,High,done
Non_fractured/IMG0003780.jpg,Non_fractured,EXCLUDE,N/A,Unclear,No,N/A,Source-labeled non-fractured; no fracture present (fails inclusion criterion 3).,High,done
Non_fractured/IMG0003781.jpg,Non_fractured,EXCLUDE,N/A,Unclear,No,N/A,Source-labeled non-fractured; no fracture present (fails inclusion criterion 3).,High,done
Non_fractured/IMG0003782.jpg,Non_fractured,EXCLUDE,N/A,Unclear,No,N/A,Source-labeled non-fractured; no fracture present (fails inclusion criterion 3).,High,done
Non_fractured/IMG0003783.jpg,Non_fractured,EXCLUDE,N/A,Unclear,No,N/A,Source-labeled non-fractured; no fracture present (fails inclusion criterion 3).,High,done
Non_fractured/IMG0003784.jpg,Non_fractured,EXCLUDE,N/A,Unclear,No,N/A,Source-labeled non-fractured; no fracture present (fails inclusion criterion 3).,High,done
Non_fractured/IMG0003787.jpg,Non_fractured,EXCLUDE,N/A,Unclear,No,N/A,Source-labeled non-fractured; no fracture present (fails inclusion criterion 3).,High,done
Non_fractured/IMG0003788.jpg,Non_fractured,EXCLUDE,N/A,Unclear,No,N/A,Source-labeled non-fractured; no fracture present (fails inclusion criterion 3).,High,done
Non_fractured/IMG0003789.jpg,Non_fractured,EXCLUDE,N/A,Unclear,No,N/A,Source-labeled non-fractured; no fracture present (fails inclusion criterion 3).,High,done
Non_fractured/IMG0003790.jpg,Non_fractured,EXCLUDE,N/A,Unclear,No,N/A,Source-labeled non-fractured; no fracture present (fails inclusion criterion 3).,High,done
Non_fractured/IMG0003791.jpg,Non_fractured,EXCLUDE,N/A,Unclear,No,N/A,Source-labeled non-fractured; no fracture present (fails inclusion criterion 3).,High,done
Non_fractured/IMG0003792.jpg,Non_fractured,EXCLUDE,N/A,Unclear,No,N/A,Source-labeled non-fractured; no fracture present (fails inclusion criterion 3).,High,done
Non_fractured/IMG0003793.jpg,Non_fractured,EXCLUDE,N/A,Unclear,No,N/A,Source-labeled non-fractured; no fracture present (fails inclusion criterion 3).,High,done
Non_fractured/IMG0003794.jpg,Non_fractured,EXCLUDE,N/A,Unclear,No,N/A,Source-labeled non-fractured; no fracture present (fails inclusion criterion 3).,High,done
Non_fractured/IMG0003795.jpg,Non_fractured,EXCLUDE,N/A,Unclear,No,N/A,Source-labeled non-fractured; no fracture present (fails inclusion criterion 3).,High,done
Non_fractured/IMG0003796.jpg,Non_fractured,EXCLUDE,N/A,Unclear,No,N/A,Source-labeled non-fractured; no fracture present (fails inclusion criterion 3).,High,done
Non_fractured/IMG0003799.jpg,Non_fractured,EXCLUDE,N/A,Unclear,No,N/A,Source-labeled non-fractured; no fracture present (fails inclusion criterion 3).,High,done
Non_fractured/IMG0003800.jpg,Non_fractured,EXCLUDE,N/A,Unclear,No,N/A,Source-labeled non-fractured; no fracture present (fails inclusion criterion 3).,High,done
Non_fractured/IMG0003801.jpg,Non_fractured,EXCLUDE,N/A,Unclear,No,N/A,Source-labeled non-fractured; no fracture present (fails inclusion criterion 3).,High,done
Non_fractured/IMG0003802.jpg,Non_fractured,EXCLUDE,N/A,Unclear,No,N/A,Source-labeled non-fractured; no fracture present (fails inclusion criterion 3).,High,done
Non_fractured/IMG0003804.jpg,Non_fractured,EXCLUDE,N/A,Unclear,No,N/A,Source-labeled non-fractured; no fracture present (fails inclusion criterion 3).,High,done
Non_fractured/IMG0003805.jpg,Non_fractured,EXCLUDE,N/A,Unclear,No,N/A,Source-labeled non-fractured; no fracture present (fails inclusion criterion 3).,High,done
Non_fractured/IMG0003806.jpg,Non_fractured,EXCLUDE,N/A,Unclear,No,N/A,Source-labeled non-fractured; no fracture present (fails inclusion criterion 3).,High,done
Non_fractured/IMG0003807.jpg,Non_fractured,EXCLUDE,N/A,Unclear,No,N/A,Source-labeled non-fractured; no fracture present (fails inclusion criterion 3).,High,done
Non_fractured/IMG0003808.jpg,Non_fractured,EXCLUDE,N/A,Unclear,No,N/A,Source-labeled non-fractured; no fracture present (fails inclusion criterion 3).,High,done
Non_fractured/IMG0003809.jpg,Non_fractured,EXCLUDE,N/A,Unclear,No,N/A,Source-labeled non-fractured; no fracture present (fails inclusion criterion 3).,High,done
Non_fractured/IMG0003811.jpg,Non_fractured,EXCLUDE,N/A,Unclear,No,N/A,Source-labeled non-fractured; no fracture present (fails inclusion criterion 3).,High,done
Non_fractured/IMG0003814.jpg,Non_fractured,EXCLUDE,N/A,Unclear,No,N/A,Source-labeled non-fractured; no fracture present (fails inclusion criterion 3).,High,done
Non_fractured/IMG0003815.jpg,Non_fractured,EXCLUDE,N/A,Unclear,No,N/A,Source-labeled non-fractured; no fracture present (fails inclusion criterion 3).,High,done
Non_fractured/IMG0003816.jpg,Non_fractured,EXCLUDE,N/A,Unclear,No,N/A,Source-labeled non-fractured; no fracture present (fails inclusion criterion 3).,High,done
Non_fractured/IMG0003817.jpg,Non_fractured,EXCLUDE,N/A,Unclear,No,N/A,Source-labeled non-fractured; no fracture present (fails inclusion criterion 3).,High,done
Non_fractured/IMG0003818.jpg,Non_fractured,EXCLUDE,N/A,Unclear,No,N/A,Source-labeled non-fractured; no fracture present (fails inclusion criterion 3).,High,done
Non_fractured/IMG0003822.jpg,Non_fractured,EXCLUDE,N/A,Unclear,No,N/A,Source-labeled non-fractured; no fracture present (fails inclusion criterion 3).,High,done
Non_fractured/IMG0003823.jpg,Non_fractured,EXCLUDE,N/A,Unclear,No,N/A,Source-labeled non-fractured; no fracture present (fails inclusion criterion 3).,High,done
Non_fractured/IMG0003824.jpg,Non_fractured,EXCLUDE,N/A,Unclear,No,N/A,Source-labeled non-fractured; no fracture present (fails inclusion criterion 3).,High,done
Non_fractured/IMG0003825.jpg,Non_fractured,EXCLUDE,N/A,Unclear,No,N/A,Source-labeled non-fractured; no fracture present (fails inclusion criterion 3).,High,done
Non_fractured/IMG0003826.jpg,Non_fractured,EXCLUDE,N/A,Unclear,No,N/A,Source-labeled non-fractured; no fracture present (fails inclusion criterion 3).,High,done
Non_fractured/IMG0003827.jpg,Non_fractured,EXCLUDE,N/A,Unclear,No,N/A,Source-labeled non-fractured; no fracture present (fails inclusion criterion 3).,High,done
Non_fractured/IMG0003828.jpg,Non_fractured,EXCLUDE,N/A,Unclear,No,N/A,Source-labeled non-fractured; no fracture present (fails inclusion criterion 3).,High,done
Non_fractured/IMG0003829.jpg,Non_fractured,EXCLUDE,N/A,Unclear,No,N/A,Source-labeled non-fractured; no fracture present (fails inclusion criterion 3).,High,done
Non_fractured/IMG0003831.jpg,Non_fractured,EXCLUDE,N/A,Unclear,No,N/A,Source-labeled non-fractured; no fracture present (fails inclusion criterion 3).,High,done
Non_fractured/IMG0003832.jpg,Non_fractured,EXCLUDE,N/A,Unclear,No,N/A,Source-labeled non-fractured; no fracture present (fails inclusion criterion 3).,High,done
Non_fractured/IMG0003834.jpg,Non_fractured,EXCLUDE,N/A,Unclear,No,N/A,Source-labeled non-fractured; no fracture present (fails inclusion criterion 3).,High,done
Non_fractured/IMG0003835.jpg,Non_fractured,EXCLUDE,N/A,Unclear,No,N/A,Source-labeled non-fractured; no fracture present (fails inclusion criterion 3).,High,done
Non_fractured/IMG0003836.jpg,Non_fractured,EXCLUDE,N/A,Unclear,No,N/A,Source-labeled non-fractured; no fracture present (fails inclusion criterion 3).,High,done
Non_fractured/IMG0003837.jpg,Non_fractured,EXCLUDE,N/A,Unclear,No,N/A,Source-labeled non-fractured; no fracture present (fails inclusion criterion 3).,High,done
Non_fractured/IMG0003838.jpg,Non_fractured,EXCLUDE,N/A,Unclear,No,N/A,Source-labeled non-fractured; no fracture present (fails inclusion criterion 3).,High,done
Non_fractured/IMG0003839.jpg,Non_fractured,EXCLUDE,N/A,Unclear,No,N/A,Source-labeled non-fractured; no fracture present (fails inclusion criterion 3).,High,done
Non_fractured/IMG0003841.jpg,Non_fractured,EXCLUDE,N/A,Unclear,No,N/A,Source-labeled non-fractured; no fracture present (fails inclusion criterion 3).,High,done
Non_fractured/IMG0003842.jpg,Non_fractured,EXCLUDE,N/A,Unclear,No,N/A,Source-labeled non-fractured; no fracture present (fails inclusion criterion 3).,High,done
Non_fractured/IMG0003845.jpg,Non_fractured,EXCLUDE,N/A,Unclear,No,N/A,Source-labeled non-fractured; no fracture present (fails inclusion criterion 3).,High,done
Non_fractured/IMG0003846.jpg,Non_fractured,EXCLUDE,N/A,Unclear,No,N/A,Source-labeled non-fractured; no fracture present (fails inclusion criterion 3).,High,done
Non_fractured/IMG0003849.jpg,Non_fractured,EXCLUDE,N/A,Unclear,No,N/A,Source-labeled non-fractured; no fracture present (fails inclusion criterion 3).,High,done
Non_fractured/IMG0003853.jpg,Non_fractured,EXCLUDE,N/A,Unclear,No,N/A,Source-labeled non-fractured; no fracture present (fails inclusion criterion 3).,High,done
Non_fractured/IMG0003854.jpg,Non_fractured,EXCLUDE,N/A,Unclear,No,N/A,Source-labeled non-fractured; no fracture present (fails inclusion criterion 3).,High,done
Non_fractured/IMG0003855.jpg,Non_fractured,EXCLUDE,N/A,Unclear,No,N/A,Source-labeled non-fractured; no fracture present (fails inclusion criterion 3).,High,done
Non_fractured/IMG0003856.jpg,Non_fractured,EXCLUDE,N/A,Unclear,No,N/A,Source-labeled non-fractured; no fracture present (fails inclusion criterion 3).,High,done
Non_fractured/IMG0003857.jpg,Non_fractured,EXCLUDE,N/A,Unclear,No,N/A,Source-labeled non-fractured; no fracture present (fails inclusion criterion 3).,High,done
Non_fractured/IMG0003858.jpg,Non_fractured,EXCLUDE,N/A,Unclear,No,N/A,Source-labeled non-fractured; no fracture present (fails inclusion criterion 3).,High,done
Non_fractured/IMG0003859.jpg,Non_fractured,EXCLUDE,N/A,Unclear,No,N/A,Source-labeled non-fractured; no fracture present (fails inclusion criterion 3).,High,done
Non_fractured/IMG0003860.jpg,Non_fractured,EXCLUDE,N/A,Unclear,No,N/A,Source-labeled non-fractured; no fracture present (fails inclusion criterion 3).,High,done
Non_fractured/IMG0003863.jpg,Non_fractured,EXCLUDE,N/A,Unclear,No,N/A,Source-labeled non-fractured; no fracture present (fails inclusion criterion 3).,High,done
Non_fractured/IMG0003864.jpg,Non_fractured,EXCLUDE,N/A,Unclear,No,N/A,Source-labeled non-fractured; no fracture present (fails inclusion criterion 3).,High,done
Non_fractured/IMG0003865.jpg,Non_fractured,EXCLUDE,N/A,Unclear,No,N/A,Source-labeled non-fractured; no fracture present (fails inclusion criterion 3).,High,done
Non_fractured/IMG0003866.jpg,Non_fractured,EXCLUDE,N/A,Unclear,No,N/A,Source-labeled non-fractured; no fracture present (fails inclusion criterion 3).,High,done
Non_fractured/IMG0003867.jpg,Non_fractured,EXCLUDE,N/A,Unclear,No,N/A,Source-labeled non-fractured; no fracture present (fails inclusion criterion 3).,High,done
Non_fractured/IMG0003868.jpg,Non_fractured,EXCLUDE,N/A,Unclear,No,N/A,Source-labeled non-fractured; no fracture present (fails inclusion criterion 3).,High,done
Non_fractured/IMG0003872.jpg,Non_fractured,EXCLUDE,N/A,Unclear,No,N/A,Source-labeled non-fractured; no fracture present (fails inclusion criterion 3).,High,done
Non_fractured/IMG0003873.jpg,Non_fractured,EXCLUDE,N/A,Unclear,No,N/A,Source-labeled non-fractured; no fracture present (fails inclusion criterion 3).,High,done
Non_fractured/IMG0003876.jpg,Non_fractured,EXCLUDE,N/A,Unclear,No,N/A,Source-labeled non-fractured; no fracture present (fails inclusion criterion 3).,High,done
Non_fractured/IMG0003878.jpg,Non_fractured,EXCLUDE,N/A,Unclear,No,N/A,Source-labeled non-fractured; no fracture present (fails inclusion criterion 3).,High,done
Non_fractured/IMG0003879.jpg,Non_fractured,EXCLUDE,N/A,Unclear,No,N/A,Source-labeled non-fractured; no fracture present (fails inclusion criterion 3).,High,done
Non_fractured/IMG0003880.jpg,Non_fractured,EXCLUDE,N/A,Unclear,No,N/A,Source-labeled non-fractured; no fracture present (fails inclusion criterion 3).,High,done
Non_fractured/IMG0003881.jpg,Non_fractured,EXCLUDE,N/A,Unclear,No,N/A,Source-labeled non-fractured; no fracture present (fails inclusion criterion 3).,High,done
Non_fractured/IMG0003884.jpg,Non_fractured,EXCLUDE,N/A,Unclear,No,N/A,Source-labeled non-fractured; no fracture present (fails inclusion criterion 3).,High,done
Non_fractured/IMG0003888.jpg,Non_fractured,EXCLUDE,N/A,Unclear,No,N/A,Source-labeled non-fractured; no fracture present (fails inclusion criterion 3).,High,done
Non_fractured/IMG0003889.jpg,Non_fractured,EXCLUDE,N/A,Unclear,No,N/A,Source-labeled non-fractured; no fracture present (fails inclusion criterion 3).,High,done
Non_fractured/IMG0003891.jpg,Non_fractured,EXCLUDE,N/A,Unclear,No,N/A,Source-labeled non-fractured; no fracture present (fails inclusion criterion 3).,High,done
Non_fractured/IMG0003895.jpg,Non_fractured,EXCLUDE,N/A,Unclear,No,N/A,Source-labeled non-fractured; no fracture present (fails inclusion criterion 3).,High,done
Non_fractured/IMG0003899.jpg,Non_fractured,EXCLUDE,N/A,Unclear,No,N/A,Source-labeled non-fractured; no fracture present (fails inclusion criterion 3).,High,done
Non_fractured/IMG0003900.jpg,Non_fractured,EXCLUDE,N/A,Unclear,No,N/A,Source-labeled non-fractured; no fracture present (fails inclusion criterion 3).,High,done
Non_fractured/IMG0003903.jpg,Non_fractured,EXCLUDE,N/A,Unclear,No,N/A,Source-labeled non-fractured; no fracture present (fails inclusion criterion 3).,High,done
Non_fractured/IMG0003904.jpg,Non_fractured,EXCLUDE,N/A,Unclear,No,N/A,Source-labeled non-fractured; no fracture present (fails inclusion criterion 3).,High,done
Non_fractured/IMG0003911.jpg,Non_fractured,EXCLUDE,N/A,Unclear,No,N/A,Source-labeled non-fractured; no fracture present (fails inclusion criterion 3).,High,done
Non_fractured/IMG0003912.jpg,Non_fractured,EXCLUDE,N/A,Unclear,No,N/A,Source-labeled non-fractured; no fracture present (fails inclusion criterion 3).,High,done
Non_fractured/IMG0003913.jpg,Non_fractured,EXCLUDE,N/A,Unclear,No,N/A,Source-labeled non-fractured; no fracture present (fails inclusion criterion 3).,High,done
Non_fractured/IMG0003914.jpg,Non_fractured,EXCLUDE,N/A,Unclear,No,N/A,Source-labeled non-fractured; no fracture present (fails inclusion criterion 3).,High,done
Non_fractured/IMG0003915.jpg,Non_fractured,EXCLUDE,N/A,Unclear,No,N/A,Source-labeled non-fractured; no fracture present (fails inclusion criterion 3).,High,done
Non_fractured/IMG0003916.jpg,Non_fractured,EXCLUDE,N/A,Unclear,No,N/A,Source-labeled non-fractured; no fracture present (fails inclusion criterion 3).,High,done
Non_fractured/IMG0003917.jpg,Non_fractured,EXCLUDE,N/A,Unclear,No,N/A,Source-labeled non-fractured; no fracture present (fails inclusion criterion 3).,High,done
Non_fractured/IMG0003918.jpg,Non_fractured,EXCLUDE,N/A,Unclear,No,N/A,Source-labeled non-fractured; no fracture present (fails inclusion criterion 3).,High,done
Non_fractured/IMG0003919.jpg,Non_fractured,EXCLUDE,N/A,Unclear,No,N/A,Source-labeled non-fractured; no fracture present (fails inclusion criterion 3).,High,done
Non_fractured/IMG0003922.jpg,Non_fractured,EXCLUDE,N/A,Unclear,No,N/A,Source-labeled non-fractured; no fracture present (fails inclusion criterion 3).,High,done
Non_fractured/IMG0003923.jpg,Non_fractured,EXCLUDE,N/A,Unclear,No,N/A,Source-labeled non-fractured; no fracture present (fails inclusion criterion 3).,High,done
Non_fractured/IMG0003928.jpg,Non_fractured,EXCLUDE,N/A,Unclear,No,N/A,Source-labeled non-fractured; no fracture present (fails inclusion criterion 3).,High,done
Non_fractured/IMG0003929.jpg,Non_fractured,EXCLUDE,N/A,Unclear,No,N/A,Source-labeled non-fractured; no fracture present (fails inclusion criterion 3).,High,done
Non_fractured/IMG0003930.jpg,Non_fractured,EXCLUDE,N/A,Unclear,No,N/A,Source-labeled non-fractured; no fracture present (fails inclusion criterion 3).,High,done
Non_fractured/IMG0003931.jpg,Non_fractured,EXCLUDE,N/A,Unclear,No,N/A,Source-labeled non-fractured; no fracture present (fails inclusion criterion 3).,High,done
Non_fractured/IMG0003934.jpg,Non_fractured,EXCLUDE,N/A,Unclear,No,N/A,Source-labeled non-fractured; no fracture present (fails inclusion criterion 3).,High,done
Non_fractured/IMG0003937.jpg,Non_fractured,EXCLUDE,N/A,Unclear,No,N/A,Source-labeled non-fractured; no fracture present (fails inclusion criterion 3).,High,done
Non_fractured/IMG0003940.jpg,Non_fractured,EXCLUDE,N/A,Unclear,No,N/A,Source-labeled non-fractured; no fracture present (fails inclusion criterion 3).,High,done
Non_fractured/IMG0003941.jpg,Non_fractured,EXCLUDE,N/A,Unclear,No,N/A,Source-labeled non-fractured; no fracture present (fails inclusion criterion 3).,High,done
Non_fractured/IMG0003944.jpg,Non_fractured,EXCLUDE,N/A,Unclear,No,N/A,Source-labeled non-fractured; no fracture present (fails inclusion criterion 3).,High,done
Non_fractured/IMG0003945.jpg,Non_fractured,EXCLUDE,N/A,Unclear,No,N/A,Source-labeled non-fractured; no fracture present (fails inclusion criterion 3).,High,done
Non_fractured/IMG0003946.jpg,Non_fractured,EXCLUDE,N/A,Unclear,No,N/A,Source-labeled non-fractured; no fracture present (fails inclusion criterion 3).,High,done
Non_fractured/IMG0003947.jpg,Non_fractured,EXCLUDE,N/A,Unclear,No,N/A,Source-labeled non-fractured; no fracture present (fails inclusion criterion 3).,High,done
Non_fractured/IMG0003948.jpg,Non_fractured,EXCLUDE,N/A,Unclear,No,N/A,Source-labeled non-fractured; no fracture present (fails inclusion criterion 3).,High,done
Non_fractured/IMG0003949.jpg,Non_fractured,EXCLUDE,N/A,Unclear,No,N/A,Source-labeled non-fractured; no fracture present (fails inclusion criterion 3).,High,done
Non_fractured/IMG0003950.jpg,Non_fractured,EXCLUDE,N/A,Unclear,No,N/A,Source-labeled non-fractured; no fracture present (fails inclusion criterion 3).,High,done
Non_fractured/IMG0003951.jpg,Non_fractured,EXCLUDE,N/A,Unclear,No,N/A,Source-labeled non-fractured; no fracture present (fails inclusion criterion 3).,High,done
Non_fractured/IMG0003958.jpg,Non_fractured,EXCLUDE,N/A,Unclear,No,N/A,Source-labeled non-fractured; no fracture present (fails inclusion criterion 3).,High,done
Non_fractured/IMG0003959.jpg,Non_fractured,EXCLUDE,N/A,Unclear,No,N/A,Source-labeled non-fractured; no fracture present (fails inclusion criterion 3).,High,done
Non_fractured/IMG0003960.jpg,Non_fractured,EXCLUDE,N/A,Unclear,No,N/A,Source-labeled non-fractured; no fracture present (fails inclusion criterion 3).,High,done
Non_fractured/IMG0003961.jpg,Non_fractured,EXCLUDE,N/A,Unclear,No,N/A,Source-labeled non-fractured; no fracture present (fails inclusion criterion 3).,High,done
Non_fractured/IMG0003964.jpg,Non_fractured,EXCLUDE,N/A,Unclear,No,N/A,Source-labeled non-fractured; no fracture present (fails inclusion criterion 3).,High,done
Non_fractured/IMG0003969.jpg,Non_fractured,EXCLUDE,N/A,Unclear,No,N/A,Source-labeled non-fractured; no fracture present (fails inclusion criterion 3).,High,done
Non_fractured/IMG0003970.jpg,Non_fractured,EXCLUDE,N/A,Unclear,No,N/A,Source-labeled non-fractured; no fracture present (fails inclusion criterion 3).,High,done
Non_fractured/IMG0003971.jpg,Non_fractured,EXCLUDE,N/A,Unclear,No,N/A,Source-labeled non-fractured; no fracture present (fails inclusion criterion 3).,High,done
Non_fractured/IMG0003972.jpg,Non_fractured,EXCLUDE,N/A,Unclear,No,N/A,Source-labeled non-fractured; no fracture present (fails inclusion criterion 3).,High,done
Non_fractured/IMG0003976.jpg,Non_fractured,EXCLUDE,N/A,Unclear,No,N/A,Source-labeled non-fractured; no fracture present (fails inclusion criterion 3).,High,done
Non_fractured/IMG0003977.jpg,Non_fractured,EXCLUDE,N/A,Unclear,No,N/A,Source-labeled non-fractured; no fracture present (fails inclusion criterion 3).,High,done
Non_fractured/IMG0003980.jpg,Non_fractured,EXCLUDE,N/A,Unclear,No,N/A,Source-labeled non-fractured; no fracture present (fails inclusion criterion 3).,High,done
Non_fractured/IMG0003981.jpg,Non_fractured,EXCLUDE,N/A,Unclear,No,N/A,Source-labeled non-fractured; no fracture present (fails inclusion criterion 3).,High,done
Non_fractured/IMG0003982.jpg,Non_fractured,EXCLUDE,N/A,Unclear,No,N/A,Source-labeled non-fractured; no fracture present (fails inclusion criterion 3).,High,done
Non_fractured/IMG0003983.jpg,Non_fractured,EXCLUDE,N/A,Unclear,No,N/A,Source-labeled non-fractured; no fracture present (fails inclusion criterion 3).,High,done
Non_fractured/IMG0003984.jpg,Non_fractured,EXCLUDE,N/A,Unclear,No,N/A,Source-labeled non-fractured; no fracture present (fails inclusion criterion 3).,High,done
Non_fractured/IMG0003985.jpg,Non_fractured,EXCLUDE,N/A,Unclear,No,N/A,Source-labeled non-fractured; no fracture present (fails inclusion criterion 3).,High,done
Non_fractured/IMG0003986.jpg,Non_fractured,EXCLUDE,N/A,Unclear,No,N/A,Source-labeled non-fractured; no fracture present (fails inclusion criterion 3).,High,done
Non_fractured/IMG0003987.jpg,Non_fractured,EXCLUDE,N/A,Unclear,No,N/A,Source-labeled non-fractured; no fracture present (fails inclusion criterion 3).,High,done
Non_fractured/IMG0003988.jpg,Non_fractured,EXCLUDE,N/A,Unclear,No,N/A,Source-labeled non-fractured; no fracture present (fails inclusion criterion 3).,High,done
Non_fractured/IMG0003991.jpg,Non_fractured,EXCLUDE,N/A,Unclear,No,N/A,Source-labeled non-fractured; no fracture present (fails inclusion criterion 3).,High,done
Non_fractured/IMG0003992.jpg,Non_fractured,EXCLUDE,N/A,Unclear,No,N/A,Source-labeled non-fractured; no fracture present (fails inclusion criterion 3).,High,done
Non_fractured/IMG0003993.jpg,Non_fractured,EXCLUDE,N/A,Unclear,No,N/A,Source-labeled non-fractured; no fracture present (fails inclusion criterion 3).,High,done
Non_fractured/IMG0003998.jpg,Non_fractured,EXCLUDE,N/A,Unclear,No,N/A,Source-labeled non-fractured; no fracture present (fails inclusion criterion 3).,High,done
Non_fractured/IMG0003999.jpg,Non_fractured,EXCLUDE,N/A,Unclear,No,N/A,Source-labeled non-fractured; no fracture present (fails inclusion criterion 3).,High,done
Non_fractured/IMG0004002.jpg,Non_fractured,EXCLUDE,N/A,Unclear,No,N/A,Source-labeled non-fractured; no fracture present (fails inclusion criterion 3).,High,done
Non_fractured/IMG0004003.jpg,Non_fractured,EXCLUDE,N/A,Unclear,No,N/A,Source-labeled non-fractured; no fracture present (fails inclusion criterion 3).,High,done
Non_fractured/IMG0004004.jpg,Non_fractured,EXCLUDE,N/A,Unclear,No,N/A,Source-labeled non-fractured; no fracture present (fails inclusion criterion 3).,High,done
Non_fractured/IMG0004011.jpg,Non_fractured,EXCLUDE,N/A,Unclear,No,N/A,Source-labeled non-fractured; no fracture present (fails inclusion criterion 3).,High,done
Non_fractured/IMG0004012.jpg,Non_fractured,EXCLUDE,N/A,Unclear,No,N/A,Source-labeled non-fractured; no fracture present (fails inclusion criterion 3).,High,done
Non_fractured/IMG0004016.jpg,Non_fractured,EXCLUDE,N/A,Unclear,No,N/A,Source-labeled non-fractured; no fracture present (fails inclusion criterion 3).,High,done
Non_fractured/IMG0004017.jpg,Non_fractured,EXCLUDE,N/A,Unclear,No,N/A,Source-labeled non-fractured; no fracture present (fails inclusion criterion 3).,High,done
Non_fractured/IMG0004018.jpg,Non_fractured,EXCLUDE,N/A,Unclear,No,N/A,Source-labeled non-fractured; no fracture present (fails inclusion criterion 3).,High,done
Non_fractured/IMG0004019.jpg,Non_fractured,EXCLUDE,N/A,Unclear,No,N/A,Source-labeled non-fractured; no fracture present (fails inclusion criterion 3).,High,done
Non_fractured/IMG0004020.jpg,Non_fractured,EXCLUDE,N/A,Unclear,No,N/A,Source-labeled non-fractured; no fracture present (fails inclusion criterion 3).,High,done
Non_fractured/IMG0004021.jpg,Non_fractured,EXCLUDE,N/A,Unclear,No,N/A,Source-labeled non-fractured; no fracture present (fails inclusion criterion 3).,High,done
Non_fractured/IMG0004022.jpg,Non_fractured,EXCLUDE,N/A,Unclear,No,N/A,Source-labeled non-fractured; no fracture present (fails inclusion criterion 3).,High,done
Non_fractured/IMG0004027.jpg,Non_fractured,EXCLUDE,N/A,Unclear,No,N/A,Source-labeled non-fractured; no fracture present (fails inclusion criterion 3).,High,done
Non_fractured/IMG0004028.jpg,Non_fractured,EXCLUDE,N/A,Unclear,No,N/A,Source-labeled non-fractured; no fracture present (fails inclusion criterion 3).,High,done
Non_fractured/IMG0004029.jpg,Non_fractured,EXCLUDE,N/A,Unclear,No,N/A,Source-labeled non-fractured; no fracture present (fails inclusion criterion 3).,High,done
Non_fractured/IMG0004036.jpg,Non_fractured,EXCLUDE,N/A,Unclear,No,N/A,Source-labeled non-fractured; no fracture present (fails inclusion criterion 3).,High,done
Non_fractured/IMG0004059.jpg,Non_fractured,EXCLUDE,N/A,Unclear,No,N/A,Source-labeled non-fractured; no fracture present (fails inclusion criterion 3).,High,done
Non_fractured/IMG0004060.jpg,Non_fractured,EXCLUDE,N/A,Unclear,No,N/A,Source-labeled non-fractured; no fracture present (fails inclusion criterion 3).,High,done
Non_fractured/IMG0004062.jpg,Non_fractured,EXCLUDE,N/A,Unclear,No,N/A,Source-labeled non-fractured; no fracture present (fails inclusion criterion 3).,High,done
Non_fractured/IMG0004065.jpg,Non_fractured,EXCLUDE,N/A,Unclear,No,N/A,Source-labeled non-fractured; no fracture present (fails inclusion criterion 3).,High,done
Non_fractured/IMG0004070.jpg,Non_fractured,EXCLUDE,N/A,Unclear,No,N/A,Source-labeled non-fractured; no fracture present (fails inclusion criterion 3).,High,done
Non_fractured/IMG0004073.jpg,Non_fractured,EXCLUDE,N/A,Unclear,No,N/A,Source-labeled non-fractured; no fracture present (fails inclusion criterion 3).,High,done
Non_fractured/IMG0004075.jpg,Non_fractured,EXCLUDE,N/A,Unclear,No,N/A,Source-labeled non-fractured; no fracture present (fails inclusion criterion 3).,High,done
Non_fractured/IMG0004076.jpg,Non_fractured,EXCLUDE,N/A,Unclear,No,N/A,Source-labeled non-fractured; no fracture present (fails inclusion criterion 3).,High,done
Non_fractured/IMG0004079.jpg,Non_fractured,EXCLUDE,N/A,Unclear,No,N/A,Source-labeled non-fractured; no fracture present (fails inclusion criterion 3).,High,done
Non_fractured/IMG0004081.jpg,Non_fractured,EXCLUDE,N/A,Unclear,No,N/A,Source-labeled non-fractured; no fracture present (fails inclusion criterion 3).,High,done
Non_fractured/IMG0004084.jpg,Non_fractured,EXCLUDE,N/A,Unclear,No,N/A,Source-labeled non-fractured; no fracture present (fails inclusion criterion 3).,High,done
Non_fractured/IMG0004087.jpg,Non_fractured,EXCLUDE,N/A,Unclear,No,N/A,Source-labeled non-fractured; no fracture present (fails inclusion criterion 3).,High,done
Non_fractured/IMG0004092.jpg,Non_fractured,EXCLUDE,N/A,Unclear,No,N/A,Source-labeled non-fractured; no fracture present (fails inclusion criterion 3).,High,done
Non_fractured/IMG0004094.jpg,Non_fractured,EXCLUDE,N/A,Unclear,No,N/A,Source-labeled non-fractured; no fracture present (fails inclusion criterion 3).,High,done
Non_fractured/IMG0004096.jpg,Non_fractured,EXCLUDE,N/A,Unclear,No,N/A,Source-labeled non-fractured; no fracture present (fails inclusion criterion 3).,High,done
Non_fractured/IMG0004097.jpg,Non_fractured,EXCLUDE,N/A,Unclear,No,N/A,Source-labeled non-fractured; no fracture present (fails inclusion criterion 3).,High,done
Non_fractured/IMG0004098.jpg,Non_fractured,EXCLUDE,N/A,Unclear,No,N/A,Source-labeled non-fractured; no fracture present (fails inclusion criterion 3).,High,done
Non_fractured/IMG0004100.jpg,Non_fractured,EXCLUDE,N/A,Unclear,No,N/A,Source-labeled non-fractured; no fracture present (fails inclusion criterion 3).,High,done
Non_fractured/IMG0004105.jpg,Non_fractured,EXCLUDE,N/A,Unclear,No,N/A,Source-labeled non-fractured; no fracture present (fails inclusion criterion 3).,High,done
Non_fractured/IMG0004106.jpg,Non_fractured,EXCLUDE,N/A,Unclear,No,N/A,Source-labeled non-fractured; no fracture present (fails inclusion criterion 3).,High,done
Non_fractured/IMG0004107.jpg,Non_fractured,EXCLUDE,N/A,Unclear,No,N/A,Source-labeled non-fractured; no fracture present (fails inclusion criterion 3).,High,done
Non_fractured/IMG0004108.jpg,Non_fractured,EXCLUDE,N/A,Unclear,No,N/A,Source-labeled non-fractured; no fracture present (fails inclusion criterion 3).,High,done
Non_fractured/IMG0004109.jpg,Non_fractured,EXCLUDE,N/A,Unclear,No,N/A,Source-labeled non-fractured; no fracture present (fails inclusion criterion 3).,High,done
Non_fractured/IMG0004112.jpg,Non_fractured,EXCLUDE,N/A,Unclear,No,N/A,Source-labeled non-fractured; no fracture present (fails inclusion criterion 3).,High,done
Non_fractured/IMG0004118.jpg,Non_fractured,EXCLUDE,N/A,Unclear,No,N/A,Source-labeled non-fractured; no fracture present (fails inclusion criterion 3).,High,done
Non_fractured/IMG0004119.jpg,Non_fractured,EXCLUDE,N/A,Unclear,No,N/A,Source-labeled non-fractured; no fracture present (fails inclusion criterion 3).,High,done
Non_fractured/IMG0004120.jpg,Non_fractured,EXCLUDE,N/A,Unclear,No,N/A,Source-labeled non-fractured; no fracture present (fails inclusion criterion 3).,High,done
Non_fractured/IMG0004121.jpg,Non_fractured,EXCLUDE,N/A,Unclear,No,N/A,Source-labeled non-fractured; no fracture present (fails inclusion criterion 3).,High,done
Non_fractured/IMG0004122.jpg,Non_fractured,EXCLUDE,N/A,Unclear,No,N/A,Source-labeled non-fractured; no fracture present (fails inclusion criterion 3).,High,done
Non_fractured/IMG0004123.jpg,Non_fractured,EXCLUDE,N/A,Unclear,No,N/A,Source-labeled non-fractured; no fracture present (fails inclusion criterion 3).,High,done
Non_fractured/IMG0004129.jpg,Non_fractured,EXCLUDE,N/A,Unclear,No,N/A,Source-labeled non-fractured; no fracture present (fails inclusion criterion 3).,High,done
Non_fractured/IMG0004130.jpg,Non_fractured,EXCLUDE,N/A,Unclear,No,N/A,Source-labeled non-fractured; no fracture present (fails inclusion criterion 3).,High,done
Non_fractured/IMG0004134.jpg,Non_fractured,EXCLUDE,N/A,Unclear,No,N/A,Source-labeled non-fractured; no fracture present (fails inclusion criterion 3).,High,done
Non_fractured/IMG0004138.jpg,Non_fractured,EXCLUDE,N/A,Unclear,No,N/A,Source-labeled non-fractured; no fracture present (fails inclusion criterion 3).,High,done
Non_fractured/IMG0004142.jpg,Non_fractured,EXCLUDE,N/A,Unclear,No,N/A,Source-labeled non-fractured; no fracture present (fails inclusion criterion 3).,High,done
Non_fractured/IMG0004143.jpg,Non_fractured,EXCLUDE,N/A,Unclear,No,N/A,Source-labeled non-fractured; no fracture present (fails inclusion criterion 3).,High,done
Non_fractured/IMG0004145.jpg,Non_fractured,EXCLUDE,N/A,Unclear,No,N/A,Source-labeled non-fractured; no fracture present (fails inclusion criterion 3).,High,done
Non_fractured/IMG0004146.jpg,Non_fractured,EXCLUDE,N/A,Unclear,No,N/A,Source-labeled non-fractured; no fracture present (fails inclusion criterion 3).,High,done
Non_fractured/IMG0004148.jpg,Non_fractured,EXCLUDE,N/A,Unclear,No,N/A,Source-labeled non-fractured; no fracture present (fails inclusion criterion 3).,High,done
Non_fractured/IMG0004149.jpg,Non_fractured,EXCLUDE,N/A,Unclear,No,N/A,Source-labeled non-fractured; no fracture present (fails inclusion criterion 3).,High,done
Non_fractured/IMG0004154.jpg,Non_fractured,EXCLUDE,N/A,Unclear,No,N/A,Source-labeled non-fractured; no fracture present (fails inclusion criterion 3).,High,done
Non_fractured/IMG0004155.jpg,Non_fractured,EXCLUDE,N/A,Unclear,No,N/A,Source-labeled non-fractured; no fracture present (fails inclusion criterion 3).,High,done
Non_fractured/IMG0004159.jpg,Non_fractured,EXCLUDE,N/A,Unclear,No,N/A,Source-labeled non-fractured; no fracture present (fails inclusion criterion 3).,High,done
Non_fractured/IMG0004160.jpg,Non_fractured,EXCLUDE,N/A,Unclear,No,N/A,Source-labeled non-fractured; no fracture present (fails inclusion criterion 3).,High,done
Non_fractured/IMG0004161.jpg,Non_fractured,EXCLUDE,N/A,Unclear,No,N/A,Source-labeled non-fractured; no fracture present (fails inclusion criterion 3).,High,done
Non_fractured/IMG0004164.jpg,Non_fractured,EXCLUDE,N/A,Unclear,No,N/A,Source-labeled non-fractured; no fracture present (fails inclusion criterion 3).,High,done
Non_fractured/IMG0004167.jpg,Non_fractured,EXCLUDE,N/A,Unclear,No,N/A,Source-labeled non-fractured; no fracture present (fails inclusion criterion 3).,High,done
Non_fractured/IMG0004168.jpg,Non_fractured,EXCLUDE,N/A,Unclear,No,N/A,Source-labeled non-fractured; no fracture present (fails inclusion criterion 3).,High,done
Non_fractured/IMG0004169.jpg,Non_fractured,EXCLUDE,N/A,Unclear,No,N/A,Source-labeled non-fractured; no fracture present (fails inclusion criterion 3).,High,done
Non_fractured/IMG0004170.jpg,Non_fractured,EXCLUDE,N/A,Unclear,No,N/A,Source-labeled non-fractured; no fracture present (fails inclusion criterion 3).,High,done
Non_fractured/IMG0004172.jpg,Non_fractured,EXCLUDE,N/A,Unclear,No,N/A,Source-labeled non-fractured; no fracture present (fails inclusion criterion 3).,High,done
Non_fractured/IMG0004173.jpg,Non_fractured,EXCLUDE,N/A,Unclear,No,N/A,Source-labeled non-fractured; no fracture present (fails inclusion criterion 3).,High,done
Non_fractured/IMG0004174.jpg,Non_fractured,EXCLUDE,N/A,Unclear,No,N/A,Source-labeled non-fractured; no fracture present (fails inclusion criterion 3).,High,done
Non_fractured/IMG0004176.jpg,Non_fractured,EXCLUDE,N/A,Unclear,No,N/A,Source-labeled non-fractured; no fracture present (fails inclusion criterion 3).,High,done
Non_fractured/IMG0004177.jpg,Non_fractured,EXCLUDE,N/A,Unclear,No,N/A,Source-labeled non-fractured; no fracture present (fails inclusion criterion 3).,High,done
Non_fractured/IMG0004178.jpg,Non_fractured,EXCLUDE,N/A,Unclear,No,N/A,Source-labeled non-fractured; no fracture present (fails inclusion criterion 3).,High,done
Non_fractured/IMG0004179.jpg,Non_fractured,EXCLUDE,N/A,Unclear,No,N/A,Source-labeled non-fractured; no fracture present (fails inclusion criterion 3).,High,done
Non_fractured/IMG0004182.jpg,Non_fractured,EXCLUDE,N/A,Unclear,No,N/A,Source-labeled non-fractured; no fracture present (fails inclusion criterion 3).,High,done
Non_fractured/IMG0004185.jpg,Non_fractured,EXCLUDE,N/A,Unclear,No,N/A,Source-labeled non-fractured; no fracture present (fails inclusion criterion 3).,High,done
Non_fractured/IMG0004188.jpg,Non_fractured,EXCLUDE,N/A,Unclear,No,N/A,Source-labeled non-fractured; no fracture present (fails inclusion criterion 3).,High,done
Non_fractured/IMG0004189.jpg,Non_fractured,EXCLUDE,N/A,Unclear,No,N/A,Source-labeled non-fractured; no fracture present (fails inclusion criterion 3).,High,done
Non_fractured/IMG0004193.jpg,Non_fractured,EXCLUDE,N/A,Unclear,No,N/A,Source-labeled non-fractured; no fracture present (fails inclusion criterion 3).,High,done
Non_fractured/IMG0004194.jpg,Non_fractured,EXCLUDE,N/A,Unclear,No,N/A,Source-labeled non-fractured; no fracture present (fails inclusion criterion 3).,High,done
Non_fractured/IMG0004195.jpg,Non_fractured,EXCLUDE,N/A,Unclear,No,N/A,Source-labeled non-fractured; no fracture present (fails inclusion criterion 3).,High,done
Non_fractured/IMG0004201.jpg,Non_fractured,EXCLUDE,N/A,Unclear,No,N/A,Source-labeled non-fractured; no fracture present (fails inclusion criterion 3).,High,done
Non_fractured/IMG0004214.jpg,Non_fractured,EXCLUDE,N/A,Unclear,No,N/A,Source-labeled non-fractured; no fracture present (fails inclusion criterion 3).,High,done
Non_fractured/IMG0004223.jpg,Non_fractured,EXCLUDE,N/A,Unclear,No,N/A,Source-labeled non-fractured; no fracture present (fails inclusion criterion 3).,High,done
Non_fractured/IMG0004225.jpg,Non_fractured,EXCLUDE,N/A,Unclear,No,N/A,Source-labeled non-fractured; no fracture present (fails inclusion criterion 3).,High,done
Non_fractured/IMG0004226.jpg,Non_fractured,EXCLUDE,N/A,Unclear,No,N/A,Source-labeled non-fractured; no fracture present (fails inclusion criterion 3).,High,done
Non_fractured/IMG0004227.jpg,Non_fractured,EXCLUDE,N/A,Unclear,No,N/A,Source-labeled non-fractured; no fracture present (fails inclusion criterion 3).,High,done
Non_fractured/IMG0004228.jpg,Non_fractured,EXCLUDE,N/A,Unclear,No,N/A,Source-labeled non-fractured; no fracture present (fails inclusion criterion 3).,High,done
Non_fractured/IMG0004236.jpg,Non_fractured,EXCLUDE,N/A,Unclear,No,N/A,Source-labeled non-fractured; no fracture present (fails inclusion criterion 3).,High,done
Non_fractured/IMG0004241.jpg,Non_fractured,EXCLUDE,N/A,Unclear,No,N/A,Source-labeled non-fractured; no fracture present (fails inclusion criterion 3).,High,done
Non_fractured/IMG0004243.jpg,Non_fractured,EXCLUDE,N/A,Unclear,No,N/A,Source-labeled non-fractured; no fracture present (fails inclusion criterion 3).,High,done
Non_fractured/IMG0004244.jpg,Non_fractured,EXCLUDE,N/A,Unclear,No,N/A,Source-labeled non-fractured; no fracture present (fails inclusion criterion 3).,High,done
Non_fractured/IMG0004245.jpg,Non_fractured,EXCLUDE,N/A,Unclear,No,N/A,Source-labeled non-fractured; no fracture present (fails inclusion criterion 3).,High,done
Non_fractured/IMG0004251.jpg,Non_fractured,EXCLUDE,N/A,Unclear,No,N/A,Source-labeled non-fractured; no fracture present (fails inclusion criterion 3).,High,done
Non_fractured/IMG0004252.jpg,Non_fractured,EXCLUDE,N/A,Unclear,No,N/A,Source-labeled non-fractured; no fracture present (fails inclusion criterion 3).,High,done
Non_fractured/IMG0004255.jpg,Non_fractured,EXCLUDE,N/A,Unclear,No,N/A,Source-labeled non-fractured; no fracture present (fails inclusion criterion 3).,High,done
Non_fractured/IMG0004256.jpg,Non_fractured,EXCLUDE,N/A,Unclear,No,N/A,Source-labeled non-fractured; no fracture present (fails inclusion criterion 3).,High,done
Non_fractured/IMG0004258.jpg,Non_fractured,EXCLUDE,N/A,Unclear,No,N/A,Source-labeled non-fractured; no fracture present (fails inclusion criterion 3).,High,done
Non_fractured/IMG0004259.jpg,Non_fractured,EXCLUDE,N/A,Unclear,No,N/A,Source-labeled non-fractured; no fracture present (fails inclusion criterion 3).,High,done
Non_fractured/IMG0004260.jpg,Non_fractured,EXCLUDE,N/A,Unclear,No,N/A,Source-labeled non-fractured; no fracture present (fails inclusion criterion 3).,High,done
Non_fractured/IMG0004263.jpg,Non_fractured,EXCLUDE,N/A,Unclear,No,N/A,Source-labeled non-fractured; no fracture present (fails inclusion criterion 3).,High,done
Non_fractured/IMG0004264.jpg,Non_fractured,EXCLUDE,N/A,Unclear,No,N/A,Source-labeled non-fractured; no fracture present (fails inclusion criterion 3).,High,done
Non_fractured/IMG0004265.jpg,Non_fractured,EXCLUDE,N/A,Unclear,No,N/A,Source-labeled non-fractured; no fracture present (fails inclusion criterion 3).,High,done
Non_fractured/IMG0004270.jpg,Non_fractured,EXCLUDE,N/A,Unclear,No,N/A,Source-labeled non-fractured; no fracture present (fails inclusion criterion 3).,High,done
Non_fractured/IMG0004273.jpg,Non_fractured,EXCLUDE,N/A,Unclear,No,N/A,Source-labeled non-fractured; no fracture present (fails inclusion criterion 3).,High,done
Non_fractured/IMG0004274.jpg,Non_fractured,EXCLUDE,N/A,Unclear,No,N/A,Source-labeled non-fractured; no fracture present (fails inclusion criterion 3).,High,done
Non_fractured/IMG0004275.jpg,Non_fractured,EXCLUDE,N/A,Unclear,No,N/A,Source-labeled non-fractured; no fracture present (fails inclusion criterion 3).,High,done
Non_fractured/IMG0004277.jpg,Non_fractured,EXCLUDE,N/A,Unclear,No,N/A,Source-labeled non-fractured; no fracture present (fails inclusion criterion 3).,High,done
Non_fractured/IMG0004278.jpg,Non_fractured,EXCLUDE,N/A,Unclear,No,N/A,Source-labeled non-fractured; no fracture present (fails inclusion criterion 3).,High,done
Non_fractured/IMG0004279.jpg,Non_fractured,EXCLUDE,N/A,Unclear,No,N/A,Source-labeled non-fractured; no fracture present (fails inclusion criterion 3).,High,done
Non_fractured/IMG0004280.jpg,Non_fractured,EXCLUDE,N/A,Unclear,No,N/A,Source-labeled non-fractured; no fracture present (fails inclusion criterion 3).,High,done
Non_fractured/IMG0004284.jpg,Non_fractured,EXCLUDE,N/A,Unclear,No,N/A,Source-labeled non-fractured; no fracture present (fails inclusion criterion 3).,High,done
Non_fractured/IMG0004285.jpg,Non_fractured,EXCLUDE,N/A,Unclear,No,N/A,Source-labeled non-fractured; no fracture present (fails inclusion criterion 3).,High,done
Non_fractured/IMG0004286.jpg,Non_fractured,EXCLUDE,N/A,Unclear,No,N/A,Source-labeled non-fractured; no fracture present (fails inclusion criterion 3).,High,done
Non_fractured/IMG0004287.jpg,Non_fractured,EXCLUDE,N/A,Unclear,No,N/A,Source-labeled non-fractured; no fracture present (fails inclusion criterion 3).,High,done
Non_fractured/IMG0004288.jpg,Non_fractured,EXCLUDE,N/A,Unclear,No,N/A,Source-labeled non-fractured; no fracture present (fails inclusion criterion 3).,High,done
Non_fractured/IMG0004290.jpg,Non_fractured,EXCLUDE,N/A,Unclear,No,N/A,Source-labeled non-fractured; no fracture present (fails inclusion criterion 3).,High,done
Non_fractured/IMG0004291.jpg,Non_fractured,EXCLUDE,N/A,Unclear,No,N/A,Source-labeled non-fractured; no fracture present (fails inclusion criterion 3).,High,done
Non_fractured/IMG0004294.jpg,Non_fractured,EXCLUDE,N/A,Unclear,No,N/A,Source-labeled non-fractured; no fracture present (fails inclusion criterion 3).,High,done
Non_fractured/IMG0004295.jpg,Non_fractured,EXCLUDE,N/A,Unclear,No,N/A,Source-labeled non-fractured; no fracture present (fails inclusion criterion 3).,High,done
Non_fractured/IMG0004296.jpg,Non_fractured,EXCLUDE,N/A,Unclear,No,N/A,Source-labeled non-fractured; no fracture present (fails inclusion criterion 3).,High,done
Non_fractured/IMG0004297.jpg,Non_fractured,EXCLUDE,N/A,Unclear,No,N/A,Source-labeled non-fractured; no fracture present (fails inclusion criterion 3).,High,done
Non_fractured/IMG0004298.jpg,Non_fractured,EXCLUDE,N/A,Unclear,No,N/A,Source-labeled non-fractured; no fracture present (fails inclusion criterion 3).,High,done
Non_fractured/IMG0004299.jpg,Non_fractured,EXCLUDE,N/A,Unclear,No,N/A,Source-labeled non-fractured; no fracture present (fails inclusion criterion 3).,High,done
Non_fractured/IMG0004302.jpg,Non_fractured,EXCLUDE,N/A,Unclear,No,N/A,Source-labeled non-fractured; no fracture present (fails inclusion criterion 3).,High,done
Non_fractured/IMG0004304.jpg,Non_fractured,EXCLUDE,N/A,Unclear,No,N/A,Source-labeled non-fractured; no fracture present (fails inclusion criterion 3).,High,done
Non_fractured/IMG0004307.jpg,Non_fractured,EXCLUDE,N/A,Unclear,No,N/A,Source-labeled non-fractured; no fracture present (fails inclusion criterion 3).,High,done
Non_fractured/IMG0004308.jpg,Non_fractured,EXCLUDE,N/A,Unclear,No,N/A,Source-labeled non-fractured; no fracture present (fails inclusion criterion 3).,High,done
Non_fractured/IMG0004310.jpg,Non_fractured,EXCLUDE,N/A,Unclear,No,N/A,Source-labeled non-fractured; no fracture present (fails inclusion criterion 3).,High,done
Non_fractured/IMG0004314.jpg,Non_fractured,EXCLUDE,N/A,Unclear,No,N/A,Source-labeled non-fractured; no fracture present (fails inclusion criterion 3).,High,done
Non_fractured/IMG0004341.jpg,Non_fractured,EXCLUDE,N/A,Unclear,No,N/A,Source-labeled non-fractured; no fracture present (fails inclusion criterion 3).,High,done
Non_fractured/IMG0004346.jpg,Non_fractured,EXCLUDE,N/A,Unclear,No,N/A,Source-labeled non-fractured; no fracture present (fails inclusion criterion 3).,High,done
Non_fractured/IMG0004347.jpg,Non_fractured,EXCLUDE,N/A,Unclear,No,N/A,Source-labeled non-fractured; no fracture present (fails inclusion criterion 3).,High,done
Non_fractured/IMG0004371.jpg,Non_fractured,EXCLUDE,N/A,Unclear,No,N/A,Source-labeled non-fractured; no fracture present (fails inclusion criterion 3).,High,done
Non_fractured/IMG0004372.jpg,Non_fractured,EXCLUDE,N/A,Unclear,No,N/A,Source-labeled non-fractured; no fracture present (fails inclusion criterion 3).,High,done
Non_fractured/IMG0004383.jpg,Non_fractured,EXCLUDE,N/A,Unclear,No,N/A,Source-labeled non-fractured; no fracture present (fails inclusion criterion 3).,High,done
Non_fractured/IMG0004388.jpg,Non_fractured,EXCLUDE,N/A,Unclear,No,N/A,Source-labeled non-fractured; no fracture present (fails inclusion criterion 3).,High,done
Non_fractured/IMG0004389.jpg,Non_fractured,EXCLUDE,N/A,Unclear,No,N/A,Source-labeled non-fractured; no fracture present (fails inclusion criterion 3).,High,done
Fractured/IMG0000019.jpg,Fractured,EXCLUDE,Other,Unclear,No,Inadequate,"Wrist/hand region, not tibia; image also shows motion/double-exposure artifact.",High,done
Fractured/IMG0000025.jpg,Fractured,EXCLUDE,Unclear,Lateral,No,Inadequate,"Cropped lateral view of knee/proximal leg; distal shaft and ankle not visible, cannot confirm shaft fracture or measure axis.",Moderate,done
Fractured/IMG0000044.jpg,Fractured,EXCLUDE,Other,AP,No,Adequate,"Humerus (upper arm) fracture in a skeletally immature patient, not tibia.",High,done
Fractured/IMG0000057.jpg,Fractured,EXCLUDE,Other,AP,No,Adequate,"Humerus fracture in a skeletally immature (pediatric) patient, not tibia.",High,done
Fractured/IMG0000058.jpg,Fractured,EXCLUDE,Other,AP,No,Adequate,"Elbow/distal humerus fracture in a skeletally immature (pediatric) patient, not tibia.",High,done
Fractured/IMG0000059.jpg,Fractured,EXCLUDE,Other,AP,No,Adequate,"Humerus fracture in a skeletally immature (pediatric) patient, not tibia.",High,done
Fractured/IMG0000092.jpg,Fractured,EXCLUDE,Tibial Shaft,AP,Yes,Adequate,Metal rod/pin and cross-screw visible transfixing proximal tibia/fibula; hardware present.,High,done
Fractured/IMG0000100.jpg,Fractured,EXCLUDE,Other,AP,No,Adequate,"Shoulder/proximal humerus fracture in a pediatric patient, not tibia.",High,done
Fractured/IMG0000142.jpg,Fractured,EXCLUDE,Other,AP,No,Adequate,"Forearm fracture in a pediatric patient, not tibia.",High,done
Fractured/IMG0000143.jpg,Fractured,EXCLUDE,Other,AP,No,Adequate,"Elbow/forearm fracture in a pediatric patient, not tibia.",High,done
Fractured/IMG0000144.jpg,Fractured,EXCLUDE,Other,Lateral,No,Adequate,"Elbow/forearm fracture in a pediatric patient, not tibia.",High,done
Fractured/IMG0000151.jpg,Fractured,EXCLUDE,Pilon,AP,No,Inadequate,"Ankle/foot is the main structure visible (distal tibia/fibula plus full foot), not tibial shaft.",Moderate,done
Fractured/IMG0000155.jpg,Fractured,EXCLUDE,Other,AP,No,Inadequate,"Elbow/forearm region in a pediatric patient with soft-tissue wrap/splint obscuring cortex, not tibia.",High,done
Fractured/IMG0000156.jpg,Fractured,EXCLUDE,Other,Lateral,No,Adequate,"Humerus/elbow fracture, not tibia.",High,done
Fractured/IMG0000188.jpg,Fractured,EXCLUDE,Other,AP,No,Adequate,"Forearm fracture in a pediatric patient, not tibia.",High,done
Fractured/IMG0000189.jpg,Fractured,EXCLUDE,Other,AP,No,Adequate,"Forearm fracture, not tibia.",High,done
Fractured/IMG0000190.jpg,Fractured,EXCLUDE,Other,AP,No,Adequate,"Shoulder/proximal humerus fracture, not tibia.",High,done
Fractured/IMG0000206.jpg,Fractured,EXCLUDE,Other,AP,No,Adequate,"Hand fracture, not tibia.",High,done
Fractured/IMG0000207.jpg,Fractured,EXCLUDE,Other,AP,No,Adequate,"Hand fracture, not tibia.",High,done
Fractured/IMG0000261.jpg,Fractured,EXCLUDE,Other,AP,No,Adequate,"Bilateral forearm comparison view, not tibia.",High,done
Fractured/IMG0000284.jpg,Fractured,EXCLUDE,Other,AP,No,Adequate,"Bilateral hand/wrist comparison view, not tibia.",High,done
Fractured/IMG0000307.jpg,Fractured,EXCLUDE,Other,AP,No,Adequate,"Bilateral forearm/hand comparison view, not tibia.",High,done
Fractured/IMG0000319.jpg,Fractured,EXCLUDE,Other,AP,No,Adequate,"Forearm/hand, not tibia.",High,done
Fractured/IMG0000351.jpg,Fractured,EXCLUDE,Other,AP,No,Adequate,"Forearm/hand, not tibia.",High,done
Fractured/IMG0000352.jpg,Fractured,EXCLUDE,Other,AP,No,Adequate,"Forearm/hand, not tibia.",High,done
Fractured/IMG0000443.jpg,Fractured,EXCLUDE,Tibial Shaft,AP,Yes,Adequate,Post-operative distal tibia with plate and screws visible.,High,done
Fractured/IMG0000453.jpg,Fractured,EXCLUDE,Other,AP,Yes,Adequate,"Hip/proximal femur fracture fixation hardware, not tibia.",High,done
Fractured/IMG0000454.jpg,Fractured,EXCLUDE,Other,AP,Yes,Adequate,"Hip/proximal femur fracture fixation hardware, not tibia.",High,done
Fractured/IMG0000455.jpg,Fractured,EXCLUDE,Other,AP,Yes,Adequate,"Hip/proximal femur fracture fixation hardware, not tibia.",High,done
Fractured/IMG0000456.jpg,Fractured,EXCLUDE,Other,AP,Yes,Adequate,"Hip/proximal femur fracture fixation hardware, not tibia.",High,done
Fractured/IMG0000466.jpg,Fractured,EXCLUDE,Tibial Shaft,AP,Yes,Adequate,Post-operative tibia with intramedullary nail and distal locking screws visible.,High,done
Fractured/IMG0000467.jpg,Fractured,EXCLUDE,Tibial Shaft,AP,Yes,Adequate,Post-operative tibia with intramedullary nail and distal locking screws visible.,High,done
Fractured/IMG0000468.jpg,Fractured,EXCLUDE,Tibial Shaft,Lateral,Yes,Adequate,Post-operative tibia with intramedullary nail and proximal locking screw visible.,High,done
Fractured/IMG0000470.jpg,Fractured,EXCLUDE,Other,Lateral,No,Adequate,"Forearm with hand visible, not tibia.",High,done
Fractured/IMG0000471.jpg,Fractured,EXCLUDE,Other,AP,Yes,Adequate,"Knee/patella fracture with cerclage wire fixation, not tibial shaft.",High,done
Fractured/IMG0000472.jpg,Fractured,EXCLUDE,Other,Lateral,Yes,Adequate,"Knee/patella fracture with cerclage wire fixation, not tibial shaft.",High,done
Fractured/IMG0000479.jpg,Fractured,EXCLUDE,Pilon,AP,No,Inadequate,"Distal tibia/ankle with foot prominent; rounded lucent lesion near ankle obscures clear cortex assessment, and location is distal rather than shaft.",Moderate,done
Fractured/IMG0000480.jpg,Fractured,EXCLUDE,Other,Lateral,No,Inadequate,"Ankle/foot is the main structure visible, not tibial shaft.",High,done
Fractured/IMG0000599.jpg,Fractured,EXCLUDE,Other,AP,No,Adequate,"Forearm with hand visible, not tibia.",High,done
Fractured/IMG0000600.jpg,Fractured,EXCLUDE,Other,Lateral,No,Adequate,"Forearm with hand visible, not tibia.",Moderate,done
Fractured/IMG0000671.jpg,Fractured,EXCLUDE,Other,AP,No,Adequate,"Bilateral forearm/elbow comparison view, not tibia.",High,done
Fractured/IMG0000692.jpg,Fractured,EXCLUDE,Other,AP,No,Adequate,"Bilateral forearm/hand comparison view, not tibia.",High,done
Fractured/IMG0000702.jpg,Fractured,EXCLUDE,Other,AP,No,Adequate,"Forearm with hand visible, not tibia.",High,done
Fractured/IMG0000750.jpg,Fractured,EXCLUDE,Other,AP,No,Adequate,"Forearm with hand visible, not tibia.",High,done
Fractured/IMG0000751.jpg,Fractured,EXCLUDE,Other,AP,No,Adequate,"Forearm with hand visible, not tibia.",High,done
Fractured/IMG0000758.jpg,Fractured,EXCLUDE,Other,AP,No,Adequate,"Shoulder/proximal humerus fracture, not tibia.",High,done
Fractured/IMG0000762.jpg,Fractured,EXCLUDE,Other,AP,No,Adequate,"Forearm with hand visible, not tibia.",High,done
Fractured/IMG0000763.jpg,Fractured,EXCLUDE,Other,Lateral,No,Adequate,"Elbow/forearm, not tibia.",High,done
Fractured/IMG0000776.jpg,Fractured,EXCLUDE,Tibial Shaft,AP,Yes,Adequate,Post-operative tibia with intramedullary nail and locking screw visible.,High,done
Fractured/IMG0000777.jpg,Fractured,EXCLUDE,Tibial Shaft,Lateral,Yes,Adequate,Post-operative tibia with intramedullary nail visible.,High,done
Fractured/IMG0000801.jpg,Fractured,EXCLUDE,Other,AP,No,Adequate,"Not tibia (upper-extremity long bone with hand/foot digits, not lower leg with knee/ankle joints).",Moderate,done
Fractured/IMG0000804.jpg,Fractured,EXCLUDE,Other,AP,No,Adequate,"Forearm with hand visible, not tibia.",High,done
Fractured/IMG0000805.jpg,Fractured,EXCLUDE,Other,AP,No,Adequate,"Forearm fracture with hand visible, not tibia.",High,done
Fractured/IMG0000822.jpg,Fractured,EXCLUDE,Other,AP,Yes,Adequate,"Pelvis/hip with femur plate-and-screw fixation, not tibia.",High,done
Fractured/IMG0000844.jpg,Fractured,EXCLUDE,Other,AP,No,Adequate,"Forearm with hand visible, not tibia.",High,done
Fractured/IMG0000845.jpg,Fractured,EXCLUDE,Other,Lateral,No,Inadequate,"Ankle/foot is the main structure visible, not tibial shaft.",Moderate,done
Fractured/IMG0000851.jpg,Fractured,EXCLUDE,Other,AP,No,Adequate,"Forearm with hand visible, not tibia.",High,done
Fractured/IMG0000852.jpg,Fractured,EXCLUDE,Other,AP,No,Inadequate,"Ankle/foot is the main structure visible, not tibial shaft.",Moderate,done
Fractured/IMG0001007.jpg,Fractured,EXCLUDE,Other,AP,No,Adequate,"Forearm with hand visible, not tibia.",High,done
Fractured/IMG0001008.jpg,Fractured,EXCLUDE,Other,Lateral,No,Adequate,"Forearm with hand visible, not tibia.",High,done
Fractured/IMG0001025.jpg,Fractured,EXCLUDE,Other,AP,No,Adequate,"Forearm with hand visible, not tibia.",High,done
Fractured/IMG0001026.jpg,Fractured,EXCLUDE,Other,AP,No,Inadequate,"Ankle/foot is the main structure visible, not tibial shaft.",Moderate,done
Fractured/IMG0001041.jpg,Fractured,EXCLUDE,Other,AP,No,Adequate,"Forearm with hand visible, not tibia.",High,done
Fractured/IMG0001073.jpg,Fractured,EXCLUDE,Other,AP,No,Adequate,"Bilateral hand/forearm comparison view, not tibia.",High,done
Fractured/IMG0001123.jpg,Fractured,EXCLUDE,Other,AP,No,Adequate,"Bilateral hand comparison view, not tibia.",High,done
Fractured/IMG0001147.jpg,Fractured,EXCLUDE,Other,AP,No,Adequate,"Forearm with hand visible, not tibia.",High,done
Fractured/IMG0001148.jpg,Fractured,EXCLUDE,Other,AP,No,Adequate,"Forearm with hand visible, not tibia.",High,done
Fractured/IMG0001151.jpg,Fractured,EXCLUDE,Other,AP,No,Adequate,"Forearm with hand visible, not tibia.",High,done
Fractured/IMG0001152.jpg,Fractured,EXCLUDE,Other,AP,No,Inadequate,"Ankle/foot is the main structure visible, not tibial shaft.",Moderate,done
Fractured/IMG0001191.jpg,Fractured,EXCLUDE,Other,AP,No,Adequate,"Femur fracture near hip, not tibia.",High,done
Fractured/IMG0001192.jpg,Fractured,EXCLUDE,Other,AP,No,Adequate,"Femur fracture near hip, not tibia.",High,done
Fractured/IMG0001198.jpg,Fractured,EXCLUDE,Other,AP,No,Adequate,"Forearm with hand visible, not tibia.",High,done
Fractured/IMG0001199.jpg,Fractured,EXCLUDE,Other,AP,No,Adequate,"Forearm with hand visible, not tibia.",High,done
Fractured/IMG0001200.jpg,Fractured,EXCLUDE,Other,AP,No,Adequate,"Forearm with hand visible, not tibia.",High,done
Fractured/IMG0001236.jpg,Fractured,EXCLUDE,Other,AP,No,Adequate,"Bilateral forearm/hand comparison view, not tibia.",High,done
Fractured/IMG0001350.jpg,Fractured,EXCLUDE,Other,AP,No,Inadequate,"Foot is the main structure visible, not tibial shaft.",High,done
Fractured/IMG0001351.jpg,Fractured,EXCLUDE,Other,AP,No,Inadequate,"Foot is the main structure visible, not tibial shaft.",High,done
Fractured/IMG0001360.jpg,Fractured,EXCLUDE,Other,Lateral,No,Adequate,"Elbow/forearm, not tibia.",High,done
Fractured/IMG0001361.jpg,Fractured,EXCLUDE,Other,Lateral,No,Adequate,"Elbow/forearm, not tibia.",High,done
Fractured/IMG0001362.jpg,Fractured,EXCLUDE,Other,Lateral,No,Adequate,"Elbow/forearm, not tibia.",High,done
Fractured/IMG0001363.jpg,Fractured,EXCLUDE,Other,Lateral,No,Adequate,"Elbow/forearm, not tibia.",High,done
Fractured/IMG0001364.jpg,Fractured,EXCLUDE,Other,Lateral,No,Adequate,"Elbow/forearm, not tibia.",High,done
Fractured/IMG0001365.jpg,Fractured,EXCLUDE,Other,Lateral,No,Adequate,"Elbow/forearm, not tibia.",High,done
Fractured/IMG0001366.jpg,Fractured,EXCLUDE,Other,Lateral,No,Adequate,"Elbow/forearm, not tibia.",High,done
Fractured/IMG0001367.jpg,Fractured,EXCLUDE,Other,Lateral,No,Adequate,"Elbow/forearm, not tibia.",High,done
Fractured/IMG0001380.jpg,Fractured,EXCLUDE,Other,AP,No,Adequate,"Forearm with hand visible, not tibia.",High,done
Fractured/IMG0001381.jpg,Fractured,EXCLUDE,Other,AP,No,Adequate,"Forearm with hand visible, not tibia.",High,done
Fractured/IMG0001382.jpg,Fractured,EXCLUDE,Other,AP,No,Adequate,"Forearm with hand visible, not tibia.",High,done
Fractured/IMG0001391.jpg,Fractured,EXCLUDE,Other,Lateral,No,Adequate,"Elbow/forearm, not tibia.",High,done
Fractured/IMG0001392.jpg,Fractured,EXCLUDE,Other,Lateral,No,Adequate,"Elbow/forearm, not tibia.",High,done
Fractured/IMG0001410.jpg,Fractured,EXCLUDE,Other,AP,No,Adequate,"Forearm with hand visible, not tibia.",High,done
Fractured/IMG0001411.jpg,Fractured,EXCLUDE,Other,AP,No,Adequate,"Forearm with hand visible, not tibia.",High,done
Fractured/IMG0001428.jpg,Fractured,EXCLUDE,Other,AP,No,Adequate,"Forearm/hand, not tibia.",High,done
Fractured/IMG0001440.jpg,Fractured,EXCLUDE,Other,AP,No,Adequate,"Forearm with hand visible, not tibia.",High,done
Fractured/IMG0001441.jpg,Fractured,EXCLUDE,Other,AP,No,Adequate,"Forearm with hand visible, not tibia.",High,done
Fractured/IMG0001494.jpg,Fractured,EXCLUDE,Other,AP,No,Adequate,"Forearm with hand visible, not tibia.",High,done
Fractured/IMG0001495.jpg,Fractured,EXCLUDE,Other,AP,No,Adequate,"Forearm with hand visible, not tibia.",High,done
Fractured/IMG0001546.jpg,Fractured,EXCLUDE,Other,AP,No,Adequate,"Forearm with hand visible (wristwatch present), not tibia.",High,done
Fractured/IMG0001570.jpg,Fractured,EXCLUDE,Other,AP,No,Adequate,"Forearm with hand visible, not tibia.",High,done
Fractured/IMG0001571.jpg,Fractured,EXCLUDE,Other,AP,No,Adequate,"Forearm with hand visible, not tibia.",High,done
Fractured/IMG0001572.jpg,Fractured,EXCLUDE,Other,AP,No,Adequate,"Forearm with hand visible, not tibia.",High,done
Fractured/IMG0001577.jpg,Fractured,EXCLUDE,Tibial Shaft,AP,No,Adequate,"Bilateral lower legs in a clearly pediatric/toddler-aged patient, skeletally immature.",High,done
Fractured/IMG0001578.jpg,Fractured,EXCLUDE,Tibial Shaft,AP,No,Adequate,"Bilateral lower legs in a clearly pediatric/toddler-aged patient, skeletally immature.",High,done
Fractured/IMG0001639.jpg,Fractured,EXCLUDE,Pilon,AP,No,Inadequate,"Ankle/foot prominent in frame; fracture location is distal, not shaft.",Moderate,done
Fractured/IMG0001640.jpg,Fractured,EXCLUDE,Pilon,Lateral,No,Inadequate,"Ankle/foot prominent in frame; fracture location is distal, not shaft.",Moderate,done
Fractured/IMG0001710.jpg,Fractured,EXCLUDE,Other,AP,No,Adequate,"Shoulder/proximal humerus fracture, not tibia.",High,done
Fractured/IMG0001730.jpg,Fractured,EXCLUDE,Other,AP,No,Adequate,"Pediatric (infant) forearm fracture, not tibia.",High,done
Fractured/IMG0001731.jpg,Fractured,EXCLUDE,Other,AP,No,Adequate,"Pediatric (infant) forearm fracture, not tibia.",High,done
Fractured/IMG0001738.jpg,Fractured,EXCLUDE,Other,AP,No,Adequate,"Forearm with hand visible, not tibia.",High,done
Fractured/IMG0001739.jpg,Fractured,EXCLUDE,Other,AP,No,Adequate,"Forearm with hand visible, not tibia.",High,done
Fractured/IMG0001760.jpg,Fractured,EXCLUDE,Pilon,AP,No,Inadequate,"Ankle/foot is the main structure visible, not tibial shaft.",Moderate,done
Fractured/IMG0001762.jpg,Fractured,EXCLUDE,Other,AP,No,Adequate,"Forearm with hand visible, not tibia.",High,done
Fractured/IMG0001763.jpg,Fractured,EXCLUDE,Other,Lateral,No,Adequate,"Elbow/forearm, not tibia.",High,done
Fractured/IMG0001774.jpg,Fractured,EXCLUDE,Tibial Shaft,AP,No,Adequate,"Bilateral lower legs in a clearly pediatric/toddler-aged patient, skeletally immature.",High,done
Fractured/IMG0001780.jpg,Fractured,EXCLUDE,Other,AP,No,Adequate,"Forearm with hand visible, not tibia.",High,done
Fractured/IMG0001781.jpg,Fractured,EXCLUDE,Other,Lateral,No,Adequate,"Forearm with hand visible, not tibia.",High,done
Fractured/IMG0001805.jpg,Fractured,EXCLUDE,Other,Lateral,Yes,Adequate,"Post-operative forearm plate fixation, not tibia.",High,done
Fractured/IMG0001867.jpg,Fractured,EXCLUDE,Tibial Shaft,AP,Yes,Adequate,Post-operative tibia with intramedullary nail and locking screws visible.,High,done
Fractured/IMG0001868.jpg,Fractured,EXCLUDE,Tibial Shaft,Lateral,Yes,Adequate,Post-operative tibia with intramedullary nail visible.,High,done
Fractured/IMG0001869.jpg,Fractured,EXCLUDE,Tibial Shaft,Lateral,Yes,Adequate,Post-operative distal tibia with plate and nail visible.,High,done
Fractured/IMG0001870.jpg,Fractured,EXCLUDE,Pilon,AP,No,Inadequate,"Distal tibia/ankle with foot prominent; lucent lesion obscures cortex, location is distal not shaft.",Moderate,done
Fractured/IMG0001916.jpg,Fractured,EXCLUDE,Tibial Shaft,AP,No,Adequate,"Bilateral lower legs in a clearly pediatric patient, skeletally immature.",High,done
Fractured/IMG0001933.jpg,Fractured,EXCLUDE,Other,AP,No,Adequate,"Forearm with hand visible, not tibia.",High,done
Fractured/IMG0001934.jpg,Fractured,EXCLUDE,Other,Lateral,No,Adequate,"Forearm with hand visible, not tibia.",High,done
Fractured/IMG0001938.jpg,Fractured,EXCLUDE,Other,AP,No,Adequate,"Forearm with hand visible, not tibia.",High,done
Fractured/IMG0001939.jpg,Fractured,EXCLUDE,Other,AP,No,Adequate,"Forearm with hand visible, not tibia.",High,done
Fractured/IMG0001948.jpg,Fractured,EXCLUDE,Other,AP,No,Adequate,"Elbow/forearm, not tibia.",High,done
Fractured/IMG0001964.jpg,Fractured,EXCLUDE,Other,AP,No,Adequate,"Shoulder/humerus fracture, not tibia.",High,done
Fractured/IMG0001965.jpg,Fractured,EXCLUDE,Other,AP,No,Adequate,"Shoulder/humerus fracture, not tibia.",High,done
Fractured/IMG0001970.jpg,Fractured,EXCLUDE,Other,Lateral,Yes,Adequate,"Post-operative forearm plate fixation, not tibia.",High,done
Fractured/IMG0001971.jpg,Fractured,EXCLUDE,Other,Lateral,Yes,Adequate,"Post-operative forearm plate fixation, not tibia.",High,done
Fractured/IMG0001980.jpg,Fractured,EXCLUDE,Pilon,AP,No,Inadequate,"Ankle/foot is the main structure visible, not tibial shaft.",Moderate,done
Fractured/IMG0001981.jpg,Fractured,EXCLUDE,Pilon,AP,No,Inadequate,"Ankle/foot is the main structure visible, not tibial shaft.",Moderate,done
Fractured/IMG0002020.jpg,Fractured,EXCLUDE,Other,AP,No,Adequate,"Forearm with hand visible, not tibia.",High,done
Fractured/IMG0002021.jpg,Fractured,EXCLUDE,Pilon,AP,No,Inadequate,"Ankle/foot is the main structure visible, not tibial shaft.",Moderate,done
Fractured/IMG0002036.jpg,Fractured,EXCLUDE,Tibial Shaft,AP,Yes,Adequate,Post-operative tibia with intramedullary nail and screws visible.,High,done
Fractured/IMG0002037.jpg,Fractured,EXCLUDE,Tibial Shaft,Lateral,Yes,Adequate,Post-operative distal tibia with plate and nail visible.,High,done
Fractured/IMG0002085.jpg,Fractured,EXCLUDE,Other,AP,No,Adequate,"Forearm with hand visible, not tibia.",High,done
Fractured/IMG0002086.jpg,Fractured,EXCLUDE,Unclear,AP,No,Inadequate,Tibia/fibula visible but proximal segment cropped at the knee and no clearly discernible fracture line; cannot confirm shaft fracture location.,Low,done
Fractured/IMG0002105.jpg,Fractured,EXCLUDE,Other,AP,No,Adequate,"Forearm with hand visible, not tibia.",High,done
Fractured/IMG0002106.jpg,Fractured,EXCLUDE,Other,AP,No,Adequate,"Forearm with hand visible, not tibia.",High,done
Fractured/IMG0002122.jpg,Fractured,EXCLUDE,Unclear,AP,No,Inadequate,"Bilateral lower legs, small/gracile bone proportions suggest pediatric patient; proximal segment cropped and no clear fracture line visible.",Low,done
Fractured/IMG0002123.jpg,Fractured,EXCLUDE,Unclear,AP,No,Inadequate,Bilateral lower leg comparison view; no clearly discernible fracture line to confirm shaft fracture location.,Low,done
Fractured/IMG0002126.jpg,Fractured,EXCLUDE,Other,AP,No,Adequate,"Forearm with hand visible, not tibia.",High,done
Fractured/IMG0002127.jpg,Fractured,EXCLUDE,Other,AP,No,Adequate,"Forearm with hand visible, not tibia.",High,done
Fractured/IMG0002148.jpg,Fractured,EXCLUDE,Other,AP,No,Adequate,"Forearm with hand visible (small metallic marker present), not tibia.",High,done
Fractured/IMG0002180.jpg,Fractured,EXCLUDE,Other,AP,No,Adequate,"Bilateral hip/proximal femur comparison view, not tibia.",High,done
Fractured/IMG0002181.jpg,Fractured,EXCLUDE,Other,AP,No,Adequate,"Bilateral hand comparison view, not tibia.",High,done
Fractured/IMG0002208.jpg,Fractured,EXCLUDE,Other,AP,No,Adequate,"Bilateral forearm/hand comparison view, not tibia.",High,done
Fractured/IMG0002225.jpg,Fractured,EXCLUDE,Other,AP,No,Adequate,"Bilateral forearm/wrist comparison view, not tibia.",High,done
Fractured/IMG0002265.jpg,Fractured,EXCLUDE,Other,AP,No,Adequate,"Bilateral hand comparison view, not tibia.",High,done
Fractured/IMG0002272.jpg,Fractured,EXCLUDE,Other,AP,No,Adequate,"Bilateral hand/wrist comparison view, not tibia.",High,done
Fractured/IMG0002274.jpg,Fractured,EXCLUDE,Other,AP,No,Adequate,"Bilateral forearm/hand comparison view, not tibia.",High,done
Fractured/IMG0002287.jpg,Fractured,EXCLUDE,Other,AP,No,Adequate,"Bilateral forearm/hand comparison view, not tibia.",High,done
Fractured/IMG0002298.jpg,Fractured,EXCLUDE,Tibial Shaft,AP,No,Inadequate,"Right tibia/fibula with knee and ankle in frame, but double-exposure artifact overlapping with an elbow image significantly compromises cortical assessment.",Moderate,done
Fractured/IMG0002299.jpg,Fractured,,,,,,,,pending
Fractured/IMG0002300.jpg,Fractured,,,,,,,,pending
Fractured/IMG0002301.jpg,Fractured,,,,,,,,pending
Fractured/IMG0002302.jpg,Fractured,,,,,,,,pending
Fractured/IMG0002303.jpg,Fractured,,,,,,,,pending
Fractured/IMG0002304.jpg,Fractured,,,,,,,,pending
Fractured/IMG0002305.jpg,Fractured,,,,,,,,pending
Fractured/IMG0002306.jpg,Fractured,,,,,,,,pending
Fractured/IMG0002307.jpg,Fractured,,,,,,,,pending
Fractured/IMG0002308.jpg,Fractured,,,,,,,,pending
Fractured/IMG0002309.jpg,Fractured,,,,,,,,pending
Fractured/IMG0002310.jpg,Fractured,,,,,,,,pending
Fractured/IMG0002311.jpg,Fractured,,,,,,,,pending
Fractured/IMG0002312.jpg,Fractured,,,,,,,,pending
Fractured/IMG0002313.jpg,Fractured,,,,,,,,pending
Fractured/IMG0002314.jpg,Fractured,,,,,,,,pending
Fractured/IMG0002315.jpg,Fractured,,,,,,,,pending
Fractured/IMG0002316.jpg,Fractured,,,,,,,,pending
Fractured/IMG0002317.jpg,Fractured,,,,,,,,pending
Fractured/IMG0002318.jpg,Fractured,,,,,,,,pending
Fractured/IMG0002319.jpg,Fractured,,,,,,,,pending
Fractured/IMG0002320.jpg,Fractured,,,,,,,,pending
Fractured/IMG0002321.jpg,Fractured,,,,,,,,pending
Fractured/IMG0002322.jpg,Fractured,,,,,,,,pending
Fractured/IMG0002323.jpg,Fractured,,,,,,,,pending
Fractured/IMG0002324.jpg,Fractured,,,,,,,,pending
Fractured/IMG0002325.jpg,Fractured,,,,,,,,pending
Fractured/IMG0002326.jpg,Fractured,,,,,,,,pending
Fractured/IMG0002327.jpg,Fractured,,,,,,,,pending
Fractured/IMG0002328.jpg,Fractured,,,,,,,,pending
Fractured/IMG0002329.jpg,Fractured,,,,,,,,pending
Fractured/IMG0002330.jpg,Fractured,,,,,,,,pending
Fractured/IMG0002331.jpg,Fractured,,,,,,,,pending
Fractured/IMG0002332.jpg,Fractured,,,,,,,,pending
Fractured/IMG0002333.jpg,Fractured,,,,,,,,pending
Fractured/IMG0002334.jpg,Fractured,,,,,,,,pending
Fractured/IMG0002335.jpg,Fractured,,,,,,,,pending
Fractured/IMG0002336.jpg,Fractured,,,,,,,,pending
Fractured/IMG0002337.jpg,Fractured,,,,,,,,pending
Fractured/IMG0002338.jpg,Fractured,,,,,,,,pending
Fractured/IMG0002339.jpg,Fractured,,,,,,,,pending
Fractured/IMG0002340.jpg,Fractured,,,,,,,,pending
Fractured/IMG0002341.jpg,Fractured,,,,,,,,pending
Fractured/IMG0002342.jpg,Fractured,,,,,,,,pending
Fractured/IMG0002343.jpg,Fractured,,,,,,,,pending
Fractured/IMG0002344.jpg,Fractured,,,,,,,,pending
Fractured/IMG0002345.jpg,Fractured,,,,,,,,pending
Fractured/IMG0002346.jpg,Fractured,,,,,,,,pending
Fractured/IMG0002347.jpg,Fractured,,,,,,,,pending
Fractured/IMG0002348.jpg,Fractured,,,,,,,,pending
Fractured/IMG0002349.jpg,Fractured,,,,,,,,pending
Fractured/IMG0002350.jpg,Fractured,,,,,,,,pending
Fractured/IMG0002351.jpg,Fractured,,,,,,,,pending
Fractured/IMG0002352.jpg,Fractured,,,,,,,,pending
Fractured/IMG0002353.jpg,Fractured,,,,,,,,pending
Fractured/IMG0002354.jpg,Fractured,,,,,,,,pending
Fractured/IMG0002355.jpg,Fractured,,,,,,,,pending
Fractured/IMG0002356.jpg,Fractured,,,,,,,,pending
Fractured/IMG0002357.jpg,Fractured,,,,,,,,pending
Fractured/IMG0002358.jpg,Fractured,,,,,,,,pending
Fractured/IMG0002359.jpg,Fractured,,,,,,,,pending
Fractured/IMG0002360.jpg,Fractured,,,,,,,,pending
Fractured/IMG0002361.jpg,Fractured,,,,,,,,pending
Fractured/IMG0002362.jpg,Fractured,,,,,,,,pending
Fractured/IMG0002363.jpg,Fractured,,,,,,,,pending
Fractured/IMG0002364.jpg,Fractured,,,,,,,,pending
Fractured/IMG0002365.jpg,Fractured,,,,,,,,pending
Fractured/IMG0002366.jpg,Fractured,,,,,,,,pending
Fractured/IMG0002367.jpg,Fractured,,,,,,,,pending
Fractured/IMG0002368.jpg,Fractured,,,,,,,,pending
Fractured/IMG0002369.jpg,Fractured,,,,,,,,pending
Fractured/IMG0002370.jpg,Fractured,,,,,,,,pending
Fractured/IMG0002371.jpg,Fractured,,,,,,,,pending
Fractured/IMG0002372.jpg,Fractured,,,,,,,,pending
Fractured/IMG0002373.jpg,Fractured,,,,,,,,pending
Fractured/IMG0002374.jpg,Fractured,,,,,,,,pending
Fractured/IMG0002375.jpg,Fractured,,,,,,,,pending
Fractured/IMG0002376.jpg,Fractured,,,,,,,,pending
Fractured/IMG0002377.jpg,Fractured,,,,,,,,pending
Fractured/IMG0002378.jpg,Fractured,,,,,,,,pending
Fractured/IMG0002379.jpg,Fractured,,,,,,,,pending
Fractured/IMG0002380.jpg,Fractured,,,,,,,,pending
Fractured/IMG0002381.jpg,Fractured,,,,,,,,pending
Fractured/IMG0002382.jpg,Fractured,,,,,,,,pending
Fractured/IMG0002383.jpg,Fractured,,,,,,,,pending
Fractured/IMG0002384.jpg,Fractured,,,,,,,,pending
Fractured/IMG0002385.jpg,Fractured,,,,,,,,pending
Fractured/IMG0002386.jpg,Fractured,,,,,,,,pending
Fractured/IMG0002387.jpg,Fractured,,,,,,,,pending
Fractured/IMG0002388.jpg,Fractured,,,,,,,,pending
Fractured/IMG0002389.jpg,Fractured,,,,,,,,pending
Fractured/IMG0002390.jpg,Fractured,,,,,,,,pending
Fractured/IMG0002391.jpg,Fractured,,,,,,,,pending
Fractured/IMG0002392.jpg,Fractured,,,,,,,,pending
Fractured/IMG0002393.jpg,Fractured,,,,,,,,pending
Fractured/IMG0002394.jpg,Fractured,,,,,,,,pending
Fractured/IMG0002395.jpg,Fractured,,,,,,,,pending
Fractured/IMG0002396.jpg,Fractured,,,,,,,,pending
Fractured/IMG0002397.jpg,Fractured,,,,,,,,pending
Fractured/IMG0002398.jpg,Fractured,,,,,,,,pending
Fractured/IMG0002399.jpg,Fractured,,,,,,,,pending
Fractured/IMG0002400.jpg,Fractured,,,,,,,,pending
Fractured/IMG0002401.jpg,Fractured,,,,,,,,pending
Fractured/IMG0002402.jpg,Fractured,,,,,,,,pending
Fractured/IMG0002403.jpg,Fractured,,,,,,,,pending
Fractured/IMG0002404.jpg,Fractured,,,,,,,,pending
Fractured/IMG0002405.jpg,Fractured,,,,,,,,pending
Fractured/IMG0002406.jpg,Fractured,,,,,,,,pending
Fractured/IMG0002407.jpg,Fractured,,,,,,,,pending
Fractured/IMG0002408.jpg,Fractured,,,,,,,,pending
Fractured/IMG0002409.jpg,Fractured,,,,,,,,pending
Fractured/IMG0002410.jpg,Fractured,,,,,,,,pending
Fractured/IMG0002411.jpg,Fractured,,,,,,,,pending
Fractured/IMG0002412.jpg,Fractured,,,,,,,,pending
Fractured/IMG0002413.jpg,Fractured,,,,,,,,pending
Fractured/IMG0002414.jpg,Fractured,,,,,,,,pending
Fractured/IMG0002415.jpg,Fractured,,,,,,,,pending
Fractured/IMG0002416.jpg,Fractured,,,,,,,,pending
Fractured/IMG0002417.jpg,Fractured,,,,,,,,pending
Fractured/IMG0002418.jpg,Fractured,,,,,,,,pending
Fractured/IMG0002419.jpg,Fractured,,,,,,,,pending
Fractured/IMG0002420.jpg,Fractured,,,,,,,,pending
Fractured/IMG0002421.jpg,Fractured,,,,,,,,pending
Fractured/IMG0002422.jpg,Fractured,,,,,,,,pending
Fractured/IMG0002423.jpg,Fractured,,,,,,,,pending
Fractured/IMG0002424.jpg,Fractured,,,,,,,,pending
Fractured/IMG0002425.jpg,Fractured,,,,,,,,pending
Fractured/IMG0002426.jpg,Fractured,,,,,,,,pending
Fractured/IMG0002427.jpg,Fractured,,,,,,,,pending
Fractured/IMG0002428.jpg,Fractured,,,,,,,,pending
Fractured/IMG0002429.jpg,Fractured,,,,,,,,pending
Fractured/IMG0002430.jpg,Fractured,,,,,,,,pending
Fractured/IMG0002431.jpg,Fractured,,,,,,,,pending
Fractured/IMG0002432.jpg,Fractured,,,,,,,,pending
Fractured/IMG0002433.jpg,Fractured,,,,,,,,pending
Fractured/IMG0002434.jpg,Fractured,,,,,,,,pending
Fractured/IMG0002435.jpg,Fractured,,,,,,,,pending
Fractured/IMG0002436.jpg,Fractured,,,,,,,,pending
Fractured/IMG0002437.jpg,Fractured,,,,,,,,pending
Fractured/IMG0002438.jpg,Fractured,,,,,,,,pending
Fractured/IMG0002439.jpg,Fractured,,,,,,,,pending
Fractured/IMG0002440.jpg,Fractured,,,,,,,,pending
Fractured/IMG0002441.jpg,Fractured,,,,,,,,pending
Fractured/IMG0002442.jpg,Fractured,,,,,,,,pending
Fractured/IMG0002443.jpg,Fractured,EXCLUDE,Unclear,Lateral,No,Inadequate,"Fracture is distal, close to ankle joint/metaphysis; cannot confidently confirm mid-shaft (diaphyseal) vs distal (pilon) location, and proximal shaft not visible for axis measurement.",Moderate,done
Fractured/IMG0002444.jpg,Fractured,,,,,,,,pending
Fractured/IMG0002445.jpg,Fractured,,,,,,,,pending
Fractured/IMG0002446.jpg,Fractured,,,,,,,,pending
Fractured/IMG0002447.jpg,Fractured,,,,,,,,pending
Fractured/IMG0002448.jpg,Fractured,,,,,,,,pending
Fractured/IMG0002449.jpg,Fractured,,,,,,,,pending
Fractured/IMG0002450.jpg,Fractured,,,,,,,,pending
Fractured/IMG0002451.jpg,Fractured,,,,,,,,pending
Fractured/IMG0002452.jpg,Fractured,,,,,,,,pending
Fractured/IMG0002453.jpg,Fractured,,,,,,,,pending
Fractured/IMG0002454.jpg,Fractured,,,,,,,,pending
Fractured/IMG0002455.jpg,Fractured,,,,,,,,pending
Fractured/IMG0002456.jpg,Fractured,,,,,,,,pending
Fractured/IMG0002457.jpg,Fractured,,,,,,,,pending
Fractured/IMG0002458.jpg,Fractured,,,,,,,,pending
Fractured/IMG0002459.jpg,Fractured,,,,,,,,pending
Fractured/IMG0002460.jpg,Fractured,,,,,,,,pending
Fractured/IMG0002461.jpg,Fractured,,,,,,,,pending
Fractured/IMG0002462.jpg,Fractured,,,,,,,,pending
Fractured/IMG0002463.jpg,Fractured,,,,,,,,pending
Fractured/IMG0002464.jpg,Fractured,,,,,,,,pending
Fractured/IMG0002465.jpg,Fractured,,,,,,,,pending
Fractured/IMG0002466.jpg,Fractured,,,,,,,,pending
Fractured/IMG0002467.jpg,Fractured,,,,,,,,pending
Fractured/IMG0002468.jpg,Fractured,,,,,,,,pending
Fractured/IMG0002469.jpg,Fractured,,,,,,,,pending
Fractured/IMG0002470.jpg,Fractured,,,,,,,,pending
Fractured/IMG0002471.jpg,Fractured,,,,,,,,pending
Fractured/IMG0002472.jpg,Fractured,,,,,,,,pending
Fractured/IMG0002473.jpg,Fractured,,,,,,,,pending
Fractured/IMG0002474.jpg,Fractured,,,,,,,,pending
Fractured/IMG0002475.jpg,Fractured,,,,,,,,pending
Fractured/IMG0002476.jpg,Fractured,,,,,,,,pending
Fractured/IMG0002477.jpg,Fractured,,,,,,,,pending
Fractured/IMG0002478.jpg,Fractured,,,,,,,,pending
Fractured/IMG0002479.jpg,Fractured,,,,,,,,pending
Fractured/IMG0002480.jpg,Fractured,,,,,,,,pending
Fractured/IMG0002481.jpg,Fractured,,,,,,,,pending
Fractured/IMG0002482.jpg,Fractured,,,,,,,,pending
Fractured/IMG0002483.jpg,Fractured,,,,,,,,pending
Fractured/IMG0002484.jpg,Fractured,,,,,,,,pending
Fractured/IMG0002485.jpg,Fractured,,,,,,,,pending
Fractured/IMG0002486.jpg,Fractured,,,,,,,,pending
Fractured/IMG0002487.jpg,Fractured,,,,,,,,pending
Fractured/IMG0002488.jpg,Fractured,,,,,,,,pending
Fractured/IMG0002489.jpg,Fractured,,,,,,,,pending
Fractured/IMG0002490.jpg,Fractured,,,,,,,,pending
Fractured/IMG0002491.jpg,Fractured,,,,,,,,pending
Fractured/IMG0002492.jpg,Fractured,,,,,,,,pending
Fractured/IMG0002493.jpg,Fractured,,,,,,,,pending
Fractured/IMG0002494.jpg,Fractured,,,,,,,,pending
Fractured/IMG0002495.jpg,Fractured,,,,,,,,pending
Fractured/IMG0002496.jpg,Fractured,,,,,,,,pending
Fractured/IMG0002497.jpg,Fractured,,,,,,,,pending
Fractured/IMG0002498.jpg,Fractured,,,,,,,,pending
Fractured/IMG0002499.jpg,Fractured,,,,,,,,pending
Fractured/IMG0002500.jpg,Fractured,,,,,,,,pending
Fractured/IMG0002501.jpg,Fractured,,,,,,,,pending
Fractured/IMG0002502.jpg,Fractured,,,,,,,,pending
Fractured/IMG0002503.jpg,Fractured,,,,,,,,pending
Fractured/IMG0002504.jpg,Fractured,,,,,,,,pending
Fractured/IMG0002505.jpg,Fractured,,,,,,,,pending
Fractured/IMG0002506.jpg,Fractured,,,,,,,,pending
Fractured/IMG0002507.jpg,Fractured,,,,,,,,pending
Fractured/IMG0002508.jpg,Fractured,,,,,,,,pending
Fractured/IMG0002509.jpg,Fractured,,,,,,,,pending
Fractured/IMG0002510.jpg,Fractured,,,,,,,,pending
Fractured/IMG0002511.jpg,Fractured,,,,,,,,pending
Fractured/IMG0002512.jpg,Fractured,,,,,,,,pending
Fractured/IMG0002513.jpg,Fractured,,,,,,,,pending
Fractured/IMG0002514.jpg,Fractured,,,,,,,,pending
Fractured/IMG0002515.jpg,Fractured,,,,,,,,pending
Fractured/IMG0002516.jpg,Fractured,,,,,,,,pending
Fractured/IMG0002517.jpg,Fractured,,,,,,,,pending
Fractured/IMG0002518.jpg,Fractured,,,,,,,,pending
Fractured/IMG0002519.jpg,Fractured,,,,,,,,pending
Fractured/IMG0002520.jpg,Fractured,,,,,,,,pending
Fractured/IMG0002521.jpg,Fractured,,,,,,,,pending
Fractured/IMG0002522.jpg,Fractured,,,,,,,,pending
Fractured/IMG0002523.jpg,Fractured,,,,,,,,pending
Fractured/IMG0002524.jpg,Fractured,,,,,,,,pending
Fractured/IMG0002525.jpg,Fractured,,,,,,,,pending
Fractured/IMG0002526.jpg,Fractured,,,,,,,,pending
Fractured/IMG0002527.jpg,Fractured,,,,,,,,pending
Fractured/IMG0002528.jpg,Fractured,,,,,,,,pending
Fractured/IMG0002529.jpg,Fractured,,,,,,,,pending
Fractured/IMG0002530.jpg,Fractured,,,,,,,,pending
Fractured/IMG0002531.jpg,Fractured,,,,,,,,pending
Fractured/IMG0002532.jpg,Fractured,,,,,,,,pending
Fractured/IMG0002533.jpg,Fractured,,,,,,,,pending
Fractured/IMG0002534.jpg,Fractured,,,,,,,,pending
Fractured/IMG0002535.jpg,Fractured,,,,,,,,pending
Fractured/IMG0002536.jpg,Fractured,,,,,,,,pending
Fractured/IMG0002537.jpg,Fractured,,,,,,,,pending
Fractured/IMG0002538.jpg,Fractured,,,,,,,,pending
Fractured/IMG0002539.jpg,Fractured,,,,,,,,pending
Fractured/IMG0002540.jpg,Fractured,,,,,,,,pending
Fractured/IMG0002541.jpg,Fractured,,,,,,,,pending
Fractured/IMG0002542.jpg,Fractured,,,,,,,,pending
Fractured/IMG0002543.jpg,Fractured,,,,,,,,pending
Fractured/IMG0002544.jpg,Fractured,,,,,,,,pending
Fractured/IMG0002545.jpg,Fractured,,,,,,,,pending
Fractured/IMG0002546.jpg,Fractured,,,,,,,,pending
Fractured/IMG0002547.jpg,Fractured,,,,,,,,pending
Fractured/IMG0002548.jpg,Fractured,,,,,,,,pending
Fractured/IMG0002549.jpg,Fractured,,,,,,,,pending
Fractured/IMG0002550.jpg,Fractured,,,,,,,,pending
Fractured/IMG0002551.jpg,Fractured,,,,,,,,pending
Fractured/IMG0002552.jpg,Fractured,,,,,,,,pending
Fractured/IMG0002553.jpg,Fractured,,,,,,,,pending
Fractured/IMG0002556.jpg,Fractured,,,,,,,,pending
Fractured/IMG0002557.jpg,Fractured,,,,,,,,pending
Fractured/IMG0002558.jpg,Fractured,,,,,,,,pending
Fractured/IMG0002559.jpg,Fractured,,,,,,,,pending
Fractured/IMG0002560.jpg,Fractured,,,,,,,,pending
Fractured/IMG0002561.jpg,Fractured,,,,,,,,pending
Fractured/IMG0002562.jpg,Fractured,,,,,,,,pending
Fractured/IMG0002563.jpg,Fractured,,,,,,,,pending
Fractured/IMG0002564.jpg,Fractured,,,,,,,,pending
Fractured/IMG0002565.jpg,Fractured,,,,,,,,pending
Fractured/IMG0002566.jpg,Fractured,,,,,,,,pending
Fractured/IMG0002567.jpg,Fractured,,,,,,,,pending
Fractured/IMG0002568.jpg,Fractured,,,,,,,,pending
Fractured/IMG0002569.jpg,Fractured,,,,,,,,pending
Fractured/IMG0002570.jpg,Fractured,,,,,,,,pending
Fractured/IMG0002571.jpg,Fractured,,,,,,,,pending
Fractured/IMG0002572.jpg,Fractured,,,,,,,,pending
Fractured/IMG0002573.jpg,Fractured,,,,,,,,pending
Fractured/IMG0002574.jpg,Fractured,,,,,,,,pending
Fractured/IMG0002575.jpg,Fractured,,,,,,,,pending
Fractured/IMG0002576.jpg,Fractured,,,,,,,,pending
Fractured/IMG0002577.jpg,Fractured,,,,,,,,pending
Fractured/IMG0002578.jpg,Fractured,,,,,,,,pending
Fractured/IMG0002579.jpg,Fractured,,,,,,,,pending
Fractured/IMG0002580.jpg,Fractured,,,,,,,,pending
Fractured/IMG0002581.jpg,Fractured,,,,,,,,pending
Fractured/IMG0002582.jpg,Fractured,,,,,,,,pending
Fractured/IMG0002583.jpg,Fractured,,,,,,,,pending
Fractured/IMG0002584.jpg,Fractured,,,,,,,,pending
Fractured/IMG0002585.jpg,Fractured,,,,,,,,pending
Fractured/IMG0002586.jpg,Fractured,,,,,,,,pending
Fractured/IMG0002587.jpg,Fractured,,,,,,,,pending
Fractured/IMG0002588.jpg,Fractured,,,,,,,,pending
Fractured/IMG0002589.jpg,Fractured,,,,,,,,pending
Fractured/IMG0002590.jpg,Fractured,,,,,,,,pending
Fractured/IMG0002591.jpg,Fractured,,,,,,,,pending
Fractured/IMG0002592.jpg,Fractured,,,,,,,,pending
Fractured/IMG0002593.jpg,Fractured,,,,,,,,pending
Fractured/IMG0002594.jpg,Fractured,,,,,,,,pending
Fractured/IMG0002595.jpg,Fractured,EXCLUDE,Tibial Shaft,AP,Yes,Adequate,Bilateral post-operative tibial fixation hardware (plates/screws) clearly visible.,High,done
Fractured/IMG0002596.jpg,Fractured,,,,,,,,pending
Fractured/IMG0002597.jpg,Fractured,,,,,,,,pending
Fractured/IMG0002598.jpg,Fractured,,,,,,,,pending
Fractured/IMG0002599.jpg,Fractured,,,,,,,,pending
Fractured/IMG0002600.jpg,Fractured,,,,,,,,pending
Fractured/IMG0002601.jpg,Fractured,,,,,,,,pending
Fractured/IMG0002602.jpg,Fractured,,,,,,,,pending
Fractured/IMG0002603.jpg,Fractured,,,,,,,,pending
Fractured/IMG0002604.jpg,Fractured,,,,,,,,pending
Fractured/IMG0002605.jpg,Fractured,,,,,,,,pending
Fractured/IMG0002606.jpg,Fractured,,,,,,,,pending
Fractured/IMG0002607.jpg,Fractured,,,,,,,,pending
Fractured/IMG0002608.jpg,Fractured,,,,,,,,pending
Fractured/IMG0002609.jpg,Fractured,,,,,,,,pending
Fractured/IMG0002610.jpg,Fractured,,,,,,,,pending
Fractured/IMG0002611.jpg,Fractured,,,,,,,,pending
Fractured/IMG0002612.jpg,Fractured,,,,,,,,pending
Fractured/IMG0002613.jpg,Fractured,,,,,,,,pending
Fractured/IMG0002614.jpg,Fractured,,,,,,,,pending
Fractured/IMG0002615.jpg,Fractured,,,,,,,,pending
Fractured/IMG0002617.jpg,Fractured,,,,,,,,pending
Fractured/IMG0002619.jpg,Fractured,,,,,,,,pending
Fractured/IMG0002620.jpg,Fractured,,,,,,,,pending
Fractured/IMG0002621.jpg,Fractured,,,,,,,,pending
Fractured/IMG0002622.jpg,Fractured,,,,,,,,pending
Fractured/IMG0002627.jpg,Fractured,,,,,,,,pending
Fractured/IMG0002628.jpg,Fractured,,,,,,,,pending
Fractured/IMG0002646.jpg,Fractured,,,,,,,,pending
Fractured/IMG0002647.jpg,Fractured,,,,,,,,pending
Fractured/IMG0002650.jpg,Fractured,,,,,,,,pending
Fractured/IMG0002651.jpg,Fractured,,,,,,,,pending
Fractured/IMG0002652.jpg,Fractured,,,,,,,,pending
Fractured/IMG0002653.jpg,Fractured,,,,,,,,pending
Fractured/IMG0002664.jpg,Fractured,,,,,,,,pending
Fractured/IMG0002668.jpg,Fractured,,,,,,,,pending
Fractured/IMG0002701.jpg,Fractured,,,,,,,,pending
Fractured/IMG0002704.jpg,Fractured,,,,,,,,pending
Fractured/IMG0002705.jpg,Fractured,,,,,,,,pending
Fractured/IMG0002731.jpg,Fractured,,,,,,,,pending
Fractured/IMG0002732.jpg,Fractured,,,,,,,,pending
Fractured/IMG0002737.jpg,Fractured,,,,,,,,pending
Fractured/IMG0002738.jpg,Fractured,,,,,,,,pending
Fractured/IMG0002745.jpg,Fractured,,,,,,,,pending
Fractured/IMG0002746.jpg,Fractured,,,,,,,,pending
Fractured/IMG0002749.jpg,Fractured,,,,,,,,pending
Fractured/IMG0002750.jpg,Fractured,,,,,,,,pending
Fractured/IMG0002768.jpg,Fractured,,,,,,,,pending
Fractured/IMG0002790.jpg,Fractured,,,,,,,,pending
Fractured/IMG0002791.jpg,Fractured,,,,,,,,pending
Fractured/IMG0002809.jpg,Fractured,,,,,,,,pending
Fractured/IMG0002810.jpg,Fractured,,,,,,,,pending
Fractured/IMG0002831.jpg,Fractured,,,,,,,,pending
Fractured/IMG0002832.jpg,Fractured,,,,,,,,pending
Fractured/IMG0002833.jpg,Fractured,,,,,,,,pending
Fractured/IMG0002834.jpg,Fractured,,,,,,,,pending
Fractured/IMG0002840.jpg,Fractured,,,,,,,,pending
Fractured/IMG0002846.jpg,Fractured,,,,,,,,pending
Fractured/IMG0002847.jpg,Fractured,,,,,,,,pending
Fractured/IMG0002848.jpg,Fractured,,,,,,,,pending
Fractured/IMG0002849.jpg,Fractured,,,,,,,,pending
Fractured/IMG0002885.jpg,Fractured,,,,,,,,pending
Fractured/IMG0002886.jpg,Fractured,,,,,,,,pending
Fractured/IMG0002904.jpg,Fractured,,,,,,,,pending
Fractured/IMG0002905.jpg,Fractured,,,,,,,,pending
Fractured/IMG0002934.jpg,Fractured,,,,,,,,pending
Fractured/IMG0002935.jpg,Fractured,,,,,,,,pending
Fractured/IMG0002945.jpg,Fractured,,,,,,,,pending
Fractured/IMG0002946.jpg,Fractured,,,,,,,,pending
Fractured/IMG0002970.jpg,Fractured,,,,,,,,pending
Fractured/IMG0002971.jpg,Fractured,,,,,,,,pending
Fractured/IMG0002979.jpg,Fractured,,,,,,,,pending
Fractured/IMG0002980.jpg,Fractured,,,,,,,,pending
Fractured/IMG0002987.jpg,Fractured,,,,,,,,pending
Fractured/IMG0002998.jpg,Fractured,,,,,,,,pending
Fractured/IMG0002999.jpg,Fractured,,,,,,,,pending
Fractured/IMG0003000.jpg,Fractured,,,,,,,,pending
Fractured/IMG0003001.jpg,Fractured,,,,,,,,pending
Fractured/IMG0003020.jpg,Fractured,,,,,,,,pending
Fractured/IMG0003021.jpg,Fractured,,,,,,,,pending
Fractured/IMG0003034.jpg,Fractured,,,,,,,,pending
Fractured/IMG0003035.jpg,Fractured,,,,,,,,pending
Fractured/IMG0003070.jpg,Fractured,,,,,,,,pending
Fractured/IMG0003077.jpg,Fractured,,,,,,,,pending
Fractured/IMG0003093.jpg,Fractured,,,,,,,,pending
Fractured/IMG0003094.jpg,Fractured,,,,,,,,pending
Fractured/IMG0003101.jpg,Fractured,,,,,,,,pending
Fractured/IMG0003102.jpg,Fractured,,,,,,,,pending
Fractured/IMG0003111.jpg,Fractured,,,,,,,,pending
Fractured/IMG0003112.jpg,Fractured,,,,,,,,pending
Fractured/IMG0003121.jpg,Fractured,,,,,,,,pending
Fractured/IMG0003130.jpg,Fractured,,,,,,,,pending
Fractured/IMG0003131.jpg,Fractured,,,,,,,,pending
Fractured/IMG0003132.jpg,Fractured,,,,,,,,pending
Fractured/IMG0003146.jpg,Fractured,,,,,,,,pending
Fractured/IMG0003147.jpg,Fractured,,,,,,,,pending
Fractured/IMG0003157.jpg,Fractured,,,,,,,,pending
Fractured/IMG0003164.jpg,Fractured,,,,,,,,pending
Fractured/IMG0003165.jpg,Fractured,,,,,,,,pending
Fractured/IMG0003171.jpg,Fractured,,,,,,,,pending
Fractured/IMG0003172.jpg,Fractured,,,,,,,,pending
Fractured/IMG0003182.jpg,Fractured,,,,,,,,pending
Fractured/IMG0003183.jpg,Fractured,,,,,,,,pending
Fractured/IMG0003184.jpg,Fractured,,,,,,,,pending
Fractured/IMG0003199.jpg,Fractured,,,,,,,,pending
Fractured/IMG0003200.jpg,Fractured,,,,,,,,pending
Fractured/IMG0003201.jpg,Fractured,,,,,,,,pending
Fractured/IMG0003213.jpg,Fractured,,,,,,,,pending
Fractured/IMG0003214.jpg,Fractured,,,,,,,,pending
Fractured/IMG0003217.jpg,Fractured,,,,,,,,pending
Fractured/IMG0003218.jpg,Fractured,,,,,,,,pending
Fractured/IMG0003219.jpg,Fractured,,,,,,,,pending
Fractured/IMG0003220.jpg,Fractured,,,,,,,,pending
Fractured/IMG0003233.jpg,Fractured,,,,,,,,pending
Fractured/IMG0003234.jpg,Fractured,,,,,,,,pending
Fractured/IMG0003254.jpg,Fractured,,,,,,,,pending
Fractured/IMG0003255.jpg,Fractured,,,,,,,,pending
Fractured/IMG0003264.jpg,Fractured,,,,,,,,pending
Fractured/IMG0003265.jpg,Fractured,,,,,,,,pending
Fractured/IMG0003266.jpg,Fractured,,,,,,,,pending
Fractured/IMG0003267.jpg,Fractured,,,,,,,,pending
Fractured/IMG0003279.jpg,Fractured,,,,,,,,pending
Fractured/IMG0003280.jpg,Fractured,,,,,,,,pending
Fractured/IMG0003293.jpg,Fractured,,,,,,,,pending
Fractured/IMG0003294.jpg,Fractured,,,,,,,,pending
Fractured/IMG0003297.jpg,Fractured,,,,,,,,pending
Fractured/IMG0003298.jpg,Fractured,,,,,,,,pending
Fractured/IMG0003301.jpg,Fractured,,,,,,,,pending
Fractured/IMG0003308.jpg,Fractured,,,,,,,,pending
Fractured/IMG0003309.jpg,Fractured,,,,,,,,pending
Fractured/IMG0003310.jpg,Fractured,,,,,,,,pending
Fractured/IMG0003311.jpg,Fractured,,,,,,,,pending
Fractured/IMG0003312.jpg,Fractured,,,,,,,,pending
Fractured/IMG0003313.jpg,Fractured,,,,,,,,pending
Fractured/IMG0003331.jpg,Fractured,,,,,,,,pending
Fractured/IMG0003332.jpg,Fractured,,,,,,,,pending
Fractured/IMG0003338.jpg,Fractured,,,,,,,,pending
Fractured/IMG0003339.jpg,Fractured,,,,,,,,pending
Fractured/IMG0003341.jpg,Fractured,,,,,,,,pending
Fractured/IMG0003342.jpg,Fractured,,,,,,,,pending
Fractured/IMG0003373.jpg,Fractured,,,,,,,,pending
Fractured/IMG0003374.jpg,Fractured,,,,,,,,pending
Fractured/IMG0003381.jpg,Fractured,,,,,,,,pending
Fractured/IMG0003382.jpg,Fractured,,,,,,,,pending
Fractured/IMG0003383.jpg,Fractured,,,,,,,,pending
Fractured/IMG0003394.jpg,Fractured,,,,,,,,pending
Fractured/IMG0003395.jpg,Fractured,,,,,,,,pending
Fractured/IMG0003396.jpg,Fractured,,,,,,,,pending
Fractured/IMG0003397.jpg,Fractured,,,,,,,,pending
Fractured/IMG0003398.jpg,Fractured,,,,,,,,pending
Fractured/IMG0003399.jpg,Fractured,EXCLUDE,Other,Lateral,No,Adequate,"Forearm (radius/ulna), not tibia.",High,done
Fractured/IMG0003419.jpg,Fractured,,,,,,,,pending
Fractured/IMG0003420.jpg,Fractured,,,,,,,,pending
Fractured/IMG0003458.jpg,Fractured,,,,,,,,pending
Fractured/IMG0003459.jpg,Fractured,,,,,,,,pending
Fractured/IMG0003466.jpg,Fractured,,,,,,,,pending
Fractured/IMG0003467.jpg,Fractured,,,,,,,,pending
Fractured/IMG0003477.jpg,Fractured,,,,,,,,pending
Fractured/IMG0003509.jpg,Fractured,,,,,,,,pending
Fractured/IMG0003510.jpg,Fractured,,,,,,,,pending
Fractured/IMG0003519.jpg,Fractured,,,,,,,,pending
Fractured/IMG0003520.jpg,Fractured,,,,,,,,pending
Fractured/IMG0003523.jpg,Fractured,,,,,,,,pending
Fractured/IMG0003524.jpg,Fractured,,,,,,,,pending
Fractured/IMG0003545.jpg,Fractured,,,,,,,,pending
Fractured/IMG0003564.jpg,Fractured,,,,,,,,pending
Fractured/IMG0003565.jpg,Fractured,,,,,,,,pending
Fractured/IMG0003569.jpg,Fractured,,,,,,,,pending
Fractured/IMG0003586.jpg,Fractured,,,,,,,,pending
Fractured/IMG0003587.jpg,Fractured,,,,,,,,pending
Fractured/IMG0003588.jpg,Fractured,,,,,,,,pending
Fractured/IMG0003589.jpg,Fractured,,,,,,,,pending
Fractured/IMG0003619.jpg,Fractured,,,,,,,,pending
Fractured/IMG0003620.jpg,Fractured,,,,,,,,pending
Fractured/IMG0003625.jpg,Fractured,,,,,,,,pending
Fractured/IMG0003626.jpg,Fractured,,,,,,,,pending
Fractured/IMG0003628.jpg,Fractured,,,,,,,,pending
Fractured/IMG0003653.jpg,Fractured,,,,,,,,pending
Fractured/IMG0003654.jpg,Fractured,,,,,,,,pending
Fractured/IMG0003671.jpg,Fractured,,,,,,,,pending
Fractured/IMG0003685.jpg,Fractured,,,,,,,,pending
Fractured/IMG0003686.jpg,Fractured,,,,,,,,pending
Fractured/IMG0003703.jpg,Fractured,,,,,,,,pending
Fractured/IMG0003704.jpg,Fractured,,,,,,,,pending
Fractured/IMG0003712.jpg,Fractured,,,,,,,,pending
Fractured/IMG0003713.jpg,Fractured,,,,,,,,pending
Fractured/IMG0003733.jpg,Fractured,,,,,,,,pending
Fractured/IMG0003734.jpg,Fractured,,,,,,,,pending
Fractured/IMG0003766.jpg,Fractured,,,,,,,,pending
Fractured/IMG0003767.jpg,Fractured,,,,,,,,pending
Fractured/IMG0003770.jpg,Fractured,,,,,,,,pending
Fractured/IMG0003771.jpg,Fractured,,,,,,,,pending
Fractured/IMG0003774.jpg,Fractured,,,,,,,,pending
Fractured/IMG0003785.jpg,Fractured,,,,,,,,pending
Fractured/IMG0003786.jpg,Fractured,,,,,,,,pending
Fractured/IMG0003797.jpg,Fractured,,,,,,,,pending
Fractured/IMG0003798.jpg,Fractured,,,,,,,,pending
Fractured/IMG0003803.jpg,Fractured,,,,,,,,pending
Fractured/IMG0003810.jpg,Fractured,,,,,,,,pending
Fractured/IMG0003812.jpg,Fractured,,,,,,,,pending
Fractured/IMG0003813.jpg,Fractured,,,,,,,,pending
Fractured/IMG0003819.jpg,Fractured,,,,,,,,pending
Fractured/IMG0003820.jpg,Fractured,,,,,,,,pending
Fractured/IMG0003821.jpg,Fractured,,,,,,,,pending
Fractured/IMG0003843.jpg,Fractured,,,,,,,,pending
Fractured/IMG0003844.jpg,Fractured,,,,,,,,pending
Fractured/IMG0003847.jpg,Fractured,,,,,,,,pending
Fractured/IMG0003848.jpg,Fractured,,,,,,,,pending
Fractured/IMG0003851.jpg,Fractured,,,,,,,,pending
Fractured/IMG0003852.jpg,Fractured,,,,,,,,pending
Fractured/IMG0003870.jpg,Fractured,,,,,,,,pending
Fractured/IMG0003871.jpg,Fractured,,,,,,,,pending
Fractured/IMG0003892.jpg,Fractured,,,,,,,,pending
Fractured/IMG0003893.jpg,Fractured,,,,,,,,pending
Fractured/IMG0003905.jpg,Fractured,,,,,,,,pending
Fractured/IMG0003906.jpg,Fractured,,,,,,,,pending
Fractured/IMG0003924.jpg,Fractured,,,,,,,,pending
Fractured/IMG0003925.jpg,Fractured,,,,,,,,pending
Fractured/IMG0003926.jpg,Fractured,,,,,,,,pending
Fractured/IMG0003927.jpg,Fractured,,,,,,,,pending
Fractured/IMG0003932.jpg,Fractured,,,,,,,,pending
Fractured/IMG0003942.jpg,Fractured,,,,,,,,pending
Fractured/IMG0003943.jpg,Fractured,,,,,,,,pending
Fractured/IMG0003952.jpg,Fractured,,,,,,,,pending
Fractured/IMG0003953.jpg,Fractured,,,,,,,,pending
Fractured/IMG0003954.jpg,Fractured,,,,,,,,pending
Fractured/IMG0003955.jpg,Fractured,,,,,,,,pending
Fractured/IMG0004007.jpg,Fractured,,,,,,,,pending
Fractured/IMG0004008.jpg,Fractured,,,,,,,,pending
Fractured/IMG0004009.jpg,Fractured,,,,,,,,pending
Fractured/IMG0004010.jpg,Fractured,,,,,,,,pending
Fractured/IMG0004042.jpg,Fractured,,,,,,,,pending
Fractured/IMG0004043.jpg,Fractured,,,,,,,,pending
Fractured/IMG0004044.jpg,Fractured,,,,,,,,pending
Fractured/IMG0004045.jpg,Fractured,,,,,,,,pending
Fractured/IMG0004061.jpg,Fractured,,,,,,,,pending
Fractured/IMG0004067.jpg,Fractured,,,,,,,,pending
Fractured/IMG0004068.jpg,Fractured,,,,,,,,pending
Fractured/IMG0004071.jpg,Fractured,,,,,,,,pending
Fractured/IMG0004072.jpg,Fractured,,,,,,,,pending
Fractured/IMG0004113.jpg,Fractured,,,,,,,,pending
Fractured/IMG0004114.jpg,Fractured,,,,,,,,pending
Fractured/IMG0004116.jpg,Fractured,,,,,,,,pending
Fractured/IMG0004117.jpg,Fractured,,,,,,,,pending
Fractured/IMG0004150.jpg,Fractured,,,,,,,,pending
Fractured/IMG0004151.jpg,Fractured,,,,,,,,pending
Fractured/IMG0004187.jpg,Fractured,,,,,,,,pending
Fractured/IMG0004206.jpg,Fractured,,,,,,,,pending
Fractured/IMG0004207.jpg,Fractured,,,,,,,,pending
Fractured/IMG0004208.jpg,Fractured,,,,,,,,pending
Fractured/IMG0004217.jpg,Fractured,,,,,,,,pending
Fractured/IMG0004232.jpg,Fractured,,,,,,,,pending
Fractured/IMG0004233.jpg,Fractured,,,,,,,,pending
Fractured/IMG0004267.jpg,Fractured,,,,,,,,pending
Fractured/IMG0004320.jpg,Fractured,,,,,,,,pending
Fractured/IMG0004333.jpg,Fractured,,,,,,,,pending
Fractured/IMG0004334.jpg,Fractured,,,,,,,,pending
Fractured/IMG0004337.jpg,Fractured,,,,,,,,pending
Fractured/IMG0004349.jpg,Fractured,,,,,,,,pending
Fractured/IMG0004356.jpg,Fractured,,,,,,,,pending
Fractured/IMG0004369.jpg,Fractured,,,,,,,,pending
Fractured/IMG0004370.jpg,Fractured,,,,,,,,pending
Fractured/IMG0004374.jpg,Fractured,,,,,,,,pending
Fractured/IMG0004375.jpg,Fractured,,,,,,,,pending
Fractured/IMG0004376.jpg,Fractured,EXCLUDE,Other,AP,No,Adequate,"Forearm (radius/ulna), not tibia.",High,done
